0,0,210,115.0,5,1000,50
1,0,210,766.82,5,4050,450
2,0,210,139.76,40,9050,50
3,0,210,459.7,15,7200,200
4,0,210,1001.5,45,250,250
5,0,210,1027.77,10,3900,300
6,0,210,736.12,45,9900,150
7,0,210,600.94,50,6400,200
8,0,210,1121.39,10,5500,250
9,0,210,718.8,40,3500,100
10,0,210,557.13,30,6000,300
11,0,210,673.78,30,300,150
12,0,210,1015.46,15,6800,200
13,0,210,275.02,45,6750,250
14,0,210,724.51,10,9900,450
15,0,210,913.12,20,7000,250
16,0,210,890.35,50,5900,100
17,0,210,240.15,30,6500,500
18,0,210,165.79,25,6900,100
19,0,210,877.79,10,6550,50
20,0,210,513.32,10,8000,250
21,0,210,1040.36,30,9000,150
22,0,210,758.26,10,4950,450
23,0,210,423.1,35,3600,450
24,0,210,962.06,25,9800,100
25,0,210,1145.0,45,6500,100
26,0,210,639.13,20,5000,200
27,0,210,354.08,25,10000,100
28,0,210,1009.65,40,4200,350
29,0,210,341.74,10,2750,250
30,0,210,1039.47,40,7350,150
31,0,210,171.83,20,7000,500
32,0,210,1081.8,50,9400,200
33,0,210,363.44,25,9450,350
34,0,210,249.35,45,7650,150
35,0,210,675.45,30,6000,500
36,0,210,814.24,15,2250,450
37,0,210,279.52,5,7100,50
38,0,210,1106.7,5,8550,150
39,0,210,552.04,5,8050,350
40,0,210,1077.48,45,700,350
41,0,210,624.07,20,1350,150
42,0,210,442.42,30,1800,200
43,0,210,927.4,10,4750,250
44,0,210,636.62,5,5500,500
45,0,210,218.36,40,8800,400
46,0,210,329.22,20,5400,150
47,0,210,799.76,50,3400,200
48,0,210,383.59,15,5000,50
49,0,210,695.26,40,6600,300
50,0,210,251.66,30,2000,500
51,0,210,434.11,25,7200,300
52,0,210,134.41,45,7650,450
53,0,210,612.89,10,1200,400
54,0,210,729.98,45,9450,450
55,0,210,814.71,20,10000,50
56,0,210,928.89,50,5000,250
57,0,210,375.23,20,2000,200
58,0,210,285.12,5,8900,100
59,0,210,708.13,20,3000,500
60,0,210,930.36,20,8000,400
61,0,210,882.08,30,750,250
62,0,210,752.44,50,8750,350
63,0,210,134.41,30,7200,300
64,0,210,967.82,30,10000,250
65,0,210,565.8,30,1600,400
66,0,210,761.73,50,6500,500
67,0,210,413.87,15,300,150
68,0,210,573.16,15,2000,400
69,0,210,647.47,45,1400,350
70,0,210,670.97,30,1050,150
71,0,210,271.98,5,6650,350
72,0,210,555.75,5,7200,400
73,0,210,499.92,35,3400,100
74,0,210,841.18,45,1000,500
75,0,210,939.83,35,900,450
76,0,210,212.06,40,8700,300
77,0,210,195.03,35,3200,400
78,0,210,1015.19,35,1400,200
79,0,210,1102.77,20,7600,200
80,0,210,1072.83,25,3250,250
81,0,210,402.99,25,1000,500
82,0,210,282.49,45,5600,200
83,0,210,844.56,25,3500,500
84,0,210,1145.11,40,8400,300
85,0,210,160.82,10,4400,200
86,0,210,217.92,20,1050,150
87,0,210,614.71,45,3750,250
88,0,210,866.8,45,9100,350
89,0,210,272.85,40,3750,250
90,0,210,326.49,50,5400,300
91,0,210,911.38,45,3450,50
92,0,210,591.27,40,5000,250
93,0,210,440.42,40,5700,100
94,0,210,801.98,45,8050,350
95,0,210,1127.39,30,2700,450
96,0,210,469.31,20,7000,350
97,0,210,988.59,15,4000,100
98,0,210,696.83,15,2550,150
99,0,210,146.85,15,3600,450
100,0,210,141.22,40,6000,50
101,0,210,392.06,20,5100,100
102,0,210,300.64,50,2800,350
103,0,210,244.9,35,6300,150
104,0,210,826.21,50,450,450
105,0,210,503.08,20,3000,300
106,0,210,999.98,30,1800,100
107,0,210,318.01,50,4900,50
108,0,210,1011.93,45,3850,50
109,0,210,333.58,40,7650,450
110,0,210,1066.9,45,3450,150
111,0,210,697.46,25,8400,400
112,0,210,751.4,40,5700,100
113,0,210,644.26,10,2250,250
114,0,210,313.73,45,7250,250
115,0,210,398.33,5,6000,100
116,0,210,594.95,40,8600,200
117,0,210,193.01,45,5700,300
118,0,210,676.5,30,5500,50
119,0,210,776.72,35,8100,300
120,0,210,849.6,10,8100,50
121,0,210,720.16,5,4200,350
122,0,210,139.69,35,3600,200
123,0,210,587.45,45,8100,450
124,0,210,648.5,10,4000,250
125,0,210,488.08,10,4500,450
126,0,210,184.66,30,3500,500
127,0,210,554.92,20,1200,400
128,0,210,452.75,30,7600,100
129,0,210,697.69,20,10000,400
130,0,210,369.33,10,8100,150
131,0,210,379.62,35,6400,400
132,0,210,223.29,50,6000,250
133,0,210,459.28,20,6450,150
134,0,210,221.59,45,3600,150
135,0,210,1117.67,25,1800,300
136,0,210,1025.21,35,9000,300
137,0,210,500.18,5,3300,300
138,0,210,683.91,40,7000,100
139,0,210,1030.98,5,4800,400
140,0,210,232.06,45,4000,250
141,0,210,601.83,5,1200,300
142,0,210,451.73,45,3450,150
143,0,210,950.58,35,6000,300
144,0,210,512.68,15,4500,500
145,0,210,598.66,10,4550,350
146,0,210,143.06,35,2400,300
147,0,210,1040.46,20,9000,250
148,0,210,1032.92,10,4000,400
149,0,210,281.33,45,6000,250
150,0,210,326.77,50,8000,400
151,0,210,864.6,40,9900,300
152,0,210,369.93,30,7300,100
153,0,210,791.89,45,10000,400
154,0,210,137.2,10,2600,50
155,0,210,169.56,45,7000,500
156,0,210,271.38,40,4500,500
157,0,210,783.16,50,300,300
158,0,210,1132.4,5,2400,400
159,0,210,900.15,45,8250,250
160,0,210,427.2,45,1050,350
161,0,210,280.15,25,8000,500
162,0,210,353.67,40,5850,150
163,0,210,615.78,10,8000,100
164,0,210,296.23,40,5000,500
165,0,210,340.64,35,1200,200
166,0,210,1048.81,40,6400,400
167,0,210,594.88,50,5550,150
168,0,210,225.42,25,7000,250
169,0,210,1102.77,15,7000,500
170,0,210,176.57,40,4650,150
171,0,210,164.89,10,6900,300
172,0,210,309.02,35,7400,200
173,0,210,806.93,50,3250,250
174,0,210,819.92,45,9400,100
175,0,210,545.39,25,2600,200
176,0,210,610.15,40,7650,450
177,0,210,449.43,20,4650,150
178,0,210,345.42,35,4500,500
179,0,210,1126.84,10,8350,50
180,0,210,157.46,40,8400,350
181,0,210,1130.71,15,8400,150
182,0,210,366.43,25,2400,400
183,0,210,1122.44,30,1350,450
184,0,210,409.23,10,1250,250
185,0,210,825.17,15,2000,500
186,0,210,732.5,10,2000,500
187,0,210,900.53,50,7000,500
188,0,210,247.43,15,6600,300
189,0,210,405.58,50,1350,450
190,0,210,832.53,10,5950,350
191,0,210,410.17,25,4800,200
192,0,210,614.28,5,8200,200
193,0,210,809.18,45,4600,100
194,0,210,449.06,50,1800,200
195,0,210,392.27,25,5000,250
196,0,210,678.8,50,250,250
197,0,210,143.22,45,3500,500
198,0,210,681.43,10,7350,150
199,0,210,683.87,45,10000,200
200,0,210,540.84,30,2450,350
201,0,210,562.34,45,5700,300
202,0,210,280.08,40,8000,500
203,0,210,272.99,35,9300,150
204,0,210,640.04,20,8400,200
205,0,210,595.29,15,4200,200
206,0,210,329.61,15,5500,100
207,0,210,656.61,35,1200,300
208,0,210,457.34,15,1750,250
209,0,210,348.51,50,1500,100
210,0,210,203.02,40,3300,150
211,0,210,599.22,25,3800,100
212,0,210,131.46,35,4500,500
213,0,210,439.1,35,1050,350
214,0,210,829.79,20,450,450
215,0,210,404.55,15,6400,200
216,0,210,332.79,25,3400,100
217,0,210,349.57,45,5500,50
218,0,210,270.09,40,600,200
219,0,210,692.81,50,8750,250
220,0,210,912.36,15,1350,450
221,0,210,862.02,45,2400,400
222,0,210,742.74,5,4550,350
223,0,210,341.1,25,9000,500
224,0,210,913.2,30,2000,500
225,0,210,739.15,45,4000,200
226,0,210,714.45,35,3600,450
227,0,210,314.4,15,1800,300
228,0,210,461.76,15,1500,500
229,0,210,589.63,35,5750,50
230,0,210,512.73,35,7600,400
231,0,210,449.69,45,6000,250
232,0,210,916.77,25,7100,100
233,0,210,980.26,35,2100,150
234,0,210,245.06,15,3900,150
235,0,210,1095.65,50,9900,300
236,0,210,688.06,45,6800,400
237,0,210,487.63,25,5400,100
238,0,210,891.81,40,2100,350
239,0,210,810.45,15,6300,100
240,0,210,697.88,45,8250,250
241,0,210,416.48,30,5600,400
242,0,210,810.33,50,8000,200
243,0,210,985.21,25,7000,250
244,0,210,337.25,30,1400,350
245,0,210,142.52,50,3600,400
246,0,210,587.82,40,3500,350
247,0,210,315.48,15,5250,150
248,0,210,994.71,45,7100,100
249,0,210,157.04,45,2100,150
250,0,210,200.45,5,7300,50
251,0,210,338.42,10,9600,150
252,0,210,1115.08,35,9500,100
253,0,210,910.97,40,3900,100
254,0,210,381.12,10,1000,500
255,0,210,817.99,45,4250,50
256,0,210,900.73,35,6150,150
257,0,210,1080.63,20,6100,100
258,0,210,433.57,25,2500,500
259,0,210,1020.82,45,9900,300
260,0,210,612.79,20,1750,350
261,0,210,948.02,30,9500,500
262,0,210,255.1,30,900,300
263,0,210,155.13,30,3300,150
264,0,210,234.86,20,8000,200
265,0,210,1062.85,30,7650,450
266,0,210,875.65,45,6000,200
267,0,210,595.33,35,6600,300
268,0,210,1016.72,35,7700,350
269,0,210,843.96,35,8750,350
270,0,210,925.45,15,5950,350
271,0,210,954.61,30,4800,400
272,0,210,1135.45,10,7000,350
273,0,210,742.59,40,300,300
274,0,210,934.08,40,3550,50
275,0,210,223.26,10,2700,300
276,0,210,481.62,20,8400,400
277,0,210,205.01,30,400,400
278,0,210,453.13,35,1250,250
279,0,210,1070.01,25,900,300
280,0,210,597.92,5,4950,450
281,0,210,232.0,5,6150,50
282,0,210,940.11,20,1400,350
283,0,210,404.0,35,2000,500
284,0,210,287.72,20,3150,450
285,0,210,702.7,30,2600,200
286,0,210,431.16,5,7350,350
287,0,210,834.9,35,2400,200
288,0,210,866.23,20,7750,50
289,0,210,225.3,20,9100,100
290,0,210,184.91,50,900,450
291,0,210,1113.53,35,9900,450
292,0,210,871.51,50,6750,450
293,0,210,1102.08,10,3600,300
294,0,210,1045.1,30,4800,50
295,0,210,225.7,30,1200,200
296,0,210,418.07,35,5600,400
297,0,210,261.32,30,2600,100
298,0,210,389.47,10,1800,300
299,0,210,131.59,25,8000,400
300,0,210,185.36,5,1950,150
301,0,210,828.57,5,8000,500
302,0,210,532.31,45,9300,300
303,0,210,423.24,10,4200,350
304,0,210,733.81,50,3300,300
305,0,210,349.76,45,200,100
306,0,210,118.27,5,3250,250
307,0,210,942.68,35,8150,50
308,0,210,595.8,25,1500,250
309,0,210,688.66,25,8400,350
310,0,210,1109.94,10,1800,450
311,0,210,458.13,35,250,50
312,0,210,904.15,20,8400,400
313,0,210,786.23,50,7650,450
314,0,210,836.6,45,1750,350
315,0,210,195.81,10,1600,200
316,0,210,515.58,40,4500,450
317,0,210,744.3,5,250,250
318,0,210,671.71,30,9750,250
319,0,210,324.87,10,500,500
320,0,210,776.61,25,4700,100
321,0,210,156.07,25,7750,250
322,0,210,806.71,30,4000,500
323,0,210,262.91,45,8400,100
324,0,210,784.51,25,6000,300
325,0,210,516.06,45,6000,300
326,0,210,268.4,45,1200,400
327,0,210,214.65,30,7350,150
328,0,210,220.68,40,4800,150
329,0,210,841.83,30,8600,50
330,0,210,627.7,50,3500,250
331,0,210,321.1,10,2000,250
332,0,210,959.02,45,6000,150
333,0,210,480.06,5,6200,200
334,0,210,462.07,40,1500,500
335,0,210,1041.99,40,4000,500
336,0,210,721.8,20,450,450
337,0,210,299.58,20,3000,300
338,0,210,754.14,50,7300,100
339,0,210,1148.65,25,3800,50
340,0,210,1035.46,45,4800,400
341,0,210,718.61,50,9000,200
342,0,210,1044.13,25,2400,300
343,0,210,1090.09,35,5200,400
344,0,210,1023.99,25,8400,350
345,0,210,188.97,25,600,150
346,0,210,308.44,10,6750,150
347,0,210,864.68,50,2000,200
348,0,210,327.18,45,6600,100
349,0,210,864.61,30,4950,50
350,0,210,1012.03,45,3000,200
351,0,210,159.89,50,1400,100
352,0,210,276.38,35,7000,500
353,0,210,236.97,10,4100,50
354,0,210,291.98,20,400,200
355,0,210,242.68,35,1600,200
356,0,210,740.32,15,1200,300
357,0,210,304.73,10,2800,350
358,0,210,874.8,5,4800,150
359,0,210,872.94,10,9000,150
360,0,210,403.31,15,5700,300
361,0,210,640.41,45,5700,100
362,0,210,844.99,5,9000,150
363,0,210,1037.65,45,8000,200
364,0,210,993.44,40,1800,200
365,0,210,711.31,5,8500,500
366,0,210,1077.3,40,7650,50
367,0,210,918.0,30,4050,150
368,0,210,453.32,35,8000,500
369,0,210,587.31,45,7650,450
370,0,210,835.2,5,3600,200
371,0,210,432.18,25,2400,300
372,0,210,410.74,35,400,100
373,0,210,553.03,35,5750,250
374,0,210,683.19,20,8700,300
375,0,210,1081.36,5,10000,200
376,0,210,521.83,50,5550,150
377,0,210,141.86,50,4200,200
378,0,210,810.18,30,5700,150
379,0,210,231.08,45,450,450
380,0,210,904.22,25,2850,150
381,0,210,214.3,5,900,150
382,0,210,456.74,10,5000,500
383,0,210,1115.98,45,6600,200
384,0,210,757.6,20,6000,300
385,0,210,318.21,45,7200,300
386,0,210,1033.48,35,300,300
387,0,210,789.9,50,2000,500
388,0,210,934.42,35,7650,450
389,0,210,128.41,25,8750,250
390,0,210,1028.26,25,4800,300
391,0,210,1044.3,10,2500,500
392,0,210,627.87,35,1500,500
393,0,210,308.06,25,3900,150
394,0,210,814.53,25,1000,500
395,0,210,377.12,35,4800,400
396,0,210,1115.03,35,6750,50
397,0,210,204.5,50,400,200
398,0,210,283.44,25,9000,200
399,0,210,649.85,45,7800,50
400,0,210,512.35,35,2000,200
401,0,210,141.87,35,5700,300
402,0,210,167.24,10,7350,350
403,0,210,1005.16,5,9750,250
404,0,210,761.21,30,9500,500
405,0,210,548.14,50,5950,350
406,0,210,326.28,5,5250,350
407,0,210,262.61,5,4500,300
408,0,210,450.89,30,9500,500
409,0,210,503.94,40,1800,450
410,0,210,692.38,50,7000,350
411,0,210,1065.06,30,350,350
412,0,210,906.6,5,7100,50
413,0,210,370.8,20,8000,500
414,0,210,210.86,5,2250,450
415,0,210,768.08,50,2100,50
416,0,210,184.92,40,5500,50
417,0,210,736.19,30,3600,300
418,0,210,508.75,15,6300,450
419,0,210,640.01,40,500,250
420,0,210,334.22,50,3600,200
421,0,210,262.97,50,6200,200
422,0,210,316.87,20,3500,250
423,0,210,770.14,10,1350,150
424,0,210,492.63,20,400,400
425,0,210,205.66,40,2800,100
426,0,210,827.99,10,6100,100
427,0,210,867.48,45,1500,250
428,0,210,145.94,45,3850,350
429,0,210,586.09,35,8550,450
430,0,210,773.84,50,2800,400
431,0,210,222.64,20,8550,150
432,0,210,642.96,20,5700,300
433,0,210,965.85,5,800,200
434,0,210,368.27,30,1500,250
435,0,210,455.3,50,4200,200
436,0,210,310.89,30,9900,300
437,0,210,123.2,25,750,150
438,0,210,144.16,20,4800,150
439,0,210,179.78,5,2250,450
440,0,210,248.21,40,9000,450
441,0,210,326.71,20,1800,450
442,0,210,376.61,40,9100,350
443,0,210,736.29,15,9000,500
444,0,210,612.45,35,4250,250
445,0,210,163.36,40,1500,300
446,0,210,574.8,10,5750,250
447,0,210,735.16,35,1550,50
448,0,210,340.55,40,1000,250
449,0,210,243.44,20,6500,500
450,0,210,595.07,45,3000,250
451,0,210,631.78,35,6000,400
452,0,210,819.1,20,150,150
453,0,210,564.8,50,6500,250
454,0,210,787.84,15,6900,50
455,0,210,254.63,50,1200,400
456,0,210,567.17,5,4900,350
457,0,210,404.02,50,1750,350
458,0,210,660.58,20,7200,300
459,0,210,153.84,35,8100,450
460,0,210,1114.0,35,2000,200
461,0,210,216.83,20,150,150
462,0,210,714.72,25,3000,300
463,0,210,1077.94,35,1500,300
464,0,210,784.26,45,9500,500
465,0,210,890.5,45,8550,50
466,0,210,728.59,50,5600,200
467,0,210,1061.2,10,6800,400
468,0,210,713.26,20,8400,300
469,0,210,865.5,15,4400,400
470,0,210,179.25,20,9600,200
471,0,210,989.03,10,9450,450
472,0,210,839.64,35,2450,350
473,0,210,959.04,50,6300,450
474,0,210,285.45,10,1200,400
475,0,210,529.03,35,300,300
476,0,210,883.05,5,8900,50
477,0,210,848.01,30,3000,100
478,0,210,944.34,35,4900,100
479,0,210,470.14,25,4600,100
480,0,210,614.27,10,9600,400
481,0,210,148.68,45,6000,400
482,0,210,324.5,20,9200,400
483,0,210,602.37,25,3900,50
484,0,210,970.39,45,1750,350
485,0,210,470.86,35,9500,500
486,0,210,737.52,20,5250,350
487,0,210,899.67,5,3750,150
488,0,210,322.39,25,1500,100
489,0,210,683.86,30,9000,200
490,0,210,606.01,20,1700,100
491,0,210,313.38,45,3600,450
492,0,210,902.73,15,4800,100
493,0,210,401.79,20,3500,100
494,0,210,990.19,20,9400,200
495,0,210,938.78,5,3500,250
496,0,210,1070.46,45,9450,450
497,0,210,820.75,5,7200,400
498,0,210,280.77,5,7800,300
499,0,210,477.29,10,1400,350
500,0,210,841.24,35,9800,200
501,0,210,320.39,50,3600,100
502,0,210,345.61,40,9450,350
503,0,210,421.72,50,8000,500
504,0,210,499.89,35,7400,50
505,0,210,872.26,30,3400,50
506,0,210,842.47,45,1350,450
507,0,210,467.15,20,2800,350
508,0,210,1092.91,35,7200,300
509,0,210,932.56,20,500,250
510,0,210,845.67,30,2000,100
511,0,210,364.92,20,7350,350
512,0,210,1108.46,35,9900,450
513,0,210,176.79,45,350,350
514,0,210,1058.83,5,3500,100
515,0,210,422.25,35,9000,450
516,0,210,211.35,30,5750,50
517,0,210,1068.63,15,3200,400
518,0,210,921.42,50,1500,300
519,0,210,129.88,20,1600,50
520,0,210,200.5,5,1500,250
521,0,210,535.83,45,3650,50
522,0,210,441.49,25,1500,100
523,0,210,610.4,45,9000,500
524,0,210,601.35,30,2700,450
525,0,210,215.3,10,7800,200
526,0,210,1062.23,30,7650,150
527,0,210,1054.69,50,2700,450
528,0,210,795.83,10,9900,300
529,0,210,595.19,10,5850,450
530,0,210,904.61,20,3150,450
531,0,210,1048.88,40,4600,200
532,0,210,927.19,45,6750,450
533,0,210,271.26,25,9900,300
534,0,210,428.9,45,4000,250
535,0,210,1029.48,35,2800,350
536,0,210,1062.46,45,1000,500
537,0,210,835.07,20,5000,500
538,0,210,402.29,5,7350,350
539,0,210,349.13,25,400,200
540,0,210,164.74,30,5300,100
541,0,210,316.64,45,6600,300
542,0,210,970.35,25,9450,350
543,0,210,715.41,15,3000,300
544,0,210,568.05,25,2700,450
545,0,210,538.82,35,3600,450
546,0,210,279.65,15,9350,50
547,0,210,1030.28,35,3000,500
548,0,210,877.21,15,2750,250
549,0,210,956.15,45,3150,450
550,0,210,414.15,20,3500,250
551,0,210,707.6,30,5850,450
552,0,210,580.06,40,9450,350
553,0,210,195.48,35,3750,250
554,0,210,462.76,10,3800,200
555,0,210,601.32,35,3650,50
556,0,210,329.8,15,10000,50
557,0,210,640.99,35,3000,500
558,0,210,1040.73,45,400,400
559,0,210,1026.68,45,9000,300
560,0,210,484.71,40,1200,150
561,0,210,1056.07,40,6600,50
562,0,210,1117.2,25,3300,300
563,0,210,497.1,20,6250,250
564,0,210,492.94,35,9600,400
565,0,210,529.52,15,7600,400
566,0,210,1121.46,15,800,400
567,0,210,869.14,40,3000,100
568,0,210,674.69,50,8700,300
569,0,210,808.63,20,7600,400
570,0,210,425.52,35,8550,450
571,0,210,783.05,35,2400,400
572,0,210,709.42,25,9900,150
573,0,210,291.64,15,750,250
574,0,210,1105.32,45,2000,400
575,0,210,686.46,50,10000,250
576,0,210,520.55,45,1000,200
577,0,210,896.99,30,8250,250
578,0,210,903.29,20,1800,450
579,0,210,293.65,35,4800,200
580,0,210,970.12,40,5950,350
581,0,210,381.98,20,5200,400
582,0,210,749.47,45,2000,400
583,0,210,382.92,15,5600,400
584,0,210,740.94,15,5700,100
585,0,210,643.3,15,6400,50
586,0,210,449.05,5,800,200
587,0,210,134.62,5,9000,500
588,0,210,273.69,15,8250,150
589,0,210,431.81,30,10000,500
590,0,210,648.46,25,6000,400
591,0,210,877.21,40,3500,500
592,0,210,856.54,20,200,200
593,0,210,944.33,50,4500,500
594,0,210,212.86,20,8750,250
595,0,210,198.96,25,7800,300
596,0,210,419.75,15,7200,450
597,0,210,1004.65,20,4200,300
598,0,210,917.24,50,6450,150
599,0,210,747.78,20,2100,350
600,0,210,1042.73,50,6300,150
601,0,210,981.5,10,2250,450
602,0,210,303.76,10,2800,400
603,0,210,1116.6,15,2900,100
604,0,210,746.05,45,8400,300
605,0,210,435.77,20,8050,350
606,0,210,132.92,50,3900,150
607,0,210,381.93,30,5000,500
608,0,210,1136.03,35,9000,200
609,0,210,364.68,35,3000,200
610,0,210,930.83,20,7000,500
611,0,210,252.92,50,2250,250
612,0,210,369.21,45,2400,400
613,0,210,210.25,50,1250,50
614,0,210,745.3,35,900,300
615,0,210,173.65,20,300,150
616,0,210,934.34,15,3800,200
617,0,210,499.67,35,9600,400
618,0,210,698.11,40,9000,150
619,0,210,385.94,10,4500,300
620,0,210,684.34,40,4050,450
621,0,210,249.95,15,250,250
622,0,210,256.06,35,8600,200
623,0,210,1050.26,40,8650,50
624,0,210,755.8,20,900,450
625,0,210,1039.54,5,4950,450
626,0,210,333.2,20,6800,400
627,0,210,1047.32,50,4500,150
628,0,210,878.34,15,6600,50
629,0,210,669.17,45,600,300
630,0,210,251.82,35,6050,50
631,0,210,1117.69,5,7000,200
632,0,210,186.56,35,9250,250
633,0,210,734.65,40,5250,150
634,0,210,464.67,40,8200,200
635,0,210,472.07,20,1800,450
636,0,210,946.93,40,8800,100
637,0,210,684.01,45,9300,150
638,0,210,170.87,25,2250,50
639,0,210,844.63,25,9000,450
640,0,210,192.16,35,2750,250
641,0,210,611.43,40,3900,50
642,0,210,693.14,5,6000,400
643,0,210,912.0,35,50,50
644,0,210,830.54,10,1050,350
645,0,210,885.6,25,3600,100
646,0,210,643.66,50,9300,300
647,0,210,225.34,30,8000,250
648,0,210,312.76,35,2000,200
649,0,210,164.9,20,10000,500
650,0,210,991.22,10,1000,250
651,0,210,752.98,5,2100,350
652,0,210,843.78,50,8400,400
653,0,210,596.94,45,6750,450
654,0,210,882.08,10,9200,200
655,0,210,341.27,15,9100,350
656,0,210,257.06,50,4500,450
657,0,210,1054.97,45,6750,450
658,0,210,257.08,10,1800,150
659,0,210,345.89,25,4200,350
660,0,210,293.86,30,2800,200
661,0,210,663.61,40,1050,150
662,0,210,467.45,20,3500,100
663,0,210,1041.41,5,8800,200
664,0,210,719.99,15,650,50
665,0,210,711.48,40,6650,350
666,0,210,301.87,5,3150,350
667,0,210,851.34,30,3450,50
668,0,210,497.56,45,9300,300
669,0,210,293.15,50,1800,450
670,0,210,362.27,10,4500,450
671,0,210,951.37,25,2000,500
672,0,210,319.16,25,300,300
673,0,210,687.97,35,4500,500
674,0,210,780.82,20,400,400
675,0,210,238.15,35,1100,50
676,0,210,812.11,15,5200,400
677,0,210,363.24,40,1800,200
678,0,210,1075.72,50,9000,450
679,0,210,846.24,30,5200,400
680,0,210,1070.06,20,2700,450
681,0,210,784.23,15,3900,300
682,0,210,593.13,50,3300,300
683,0,210,925.57,15,3000,250
684,0,210,1134.72,20,9600,100
685,0,210,778.58,5,2600,200
686,0,210,1087.93,40,4900,350
687,0,210,1072.15,45,600,150
688,0,210,664.96,25,8400,300
689,0,210,672.55,10,700,350
690,0,210,575.61,50,6250,250
691,0,210,1124.24,30,6650,350
692,0,210,520.92,30,8500,500
693,0,210,156.58,15,3600,450
694,0,210,707.97,35,1300,50
695,0,210,261.7,50,3000,300
696,0,210,535.65,30,4500,450
697,0,210,747.8,30,2250,450
698,0,210,245.02,20,5400,100
699,0,210,925.93,5,8500,100
700,0,210,201.62,40,9250,250
701,0,210,946.77,45,7200,450
702,0,210,1015.6,10,9100,100
703,0,210,517.95,15,8700,300
704,0,210,719.84,10,1500,100
705,0,210,131.19,40,4500,500
706,0,210,1009.25,40,4500,250
707,0,210,372.0,35,6000,400
708,0,210,648.89,35,10000,100
709,0,210,318.91,40,4000,400
710,0,210,991.79,45,4950,450
711,0,210,437.35,5,8500,500
712,0,210,161.39,15,2800,200
713,0,210,1142.79,15,8000,500
714,0,210,322.15,15,7800,200
715,0,210,885.63,10,8400,350
716,0,210,970.57,30,350,350
717,0,210,974.96,25,2100,350
718,0,210,1117.93,30,8400,400
719,0,210,811.31,35,400,400
720,0,210,374.21,15,7200,450
721,0,210,577.86,25,9000,500
722,0,210,587.18,5,9400,100
723,0,210,752.79,30,5250,150
724,0,210,633.6,10,4800,400
725,0,210,484.72,45,9100,350
726,0,210,1023.9,30,900,450
727,0,210,236.53,45,8100,450
728,0,210,1084.98,40,3450,150
729,0,210,906.83,40,900,300
730,0,210,724.79,35,3300,150
731,0,210,176.93,50,2100,300
732,0,210,411.0,15,8100,450
733,0,210,545.21,5,4400,100
734,0,210,499.76,35,6300,300
735,0,210,299.12,15,800,400
736,0,210,274.57,5,7900,50
737,0,210,1034.12,30,1800,450
738,0,210,418.56,35,5700,150
739,0,210,382.52,30,2400,400
740,0,210,482.78,40,4700,100
741,0,210,973.88,5,6400,200
742,0,210,766.3,35,7200,450
743,0,210,667.42,5,1500,150
744,0,210,688.24,20,3600,450
745,0,210,770.65,20,7200,450
746,0,210,480.05,10,900,100
747,0,210,907.2,20,300,300
748,0,210,865.46,20,9500,500
749,0,210,170.47,5,750,150
750,0,210,829.26,40,9400,200
751,0,210,653.63,35,6400,50
752,0,210,1079.6,25,2250,450
753,0,210,390.17,20,6000,400
754,0,210,367.42,15,8400,350
755,0,210,257.8,40,6000,500
756,0,210,1065.38,30,450,150
757,0,210,1012.69,50,2450,350
758,0,210,302.35,30,1750,250
759,0,210,1034.14,30,8000,100
760,0,210,133.26,45,9600,300
761,0,210,444.22,50,7500,250
762,0,210,1137.86,25,4600,100
763,0,210,965.05,30,4800,400
764,0,210,1025.79,20,5700,150
765,0,210,450.65,50,8200,200
766,0,210,419.0,25,7400,200
767,0,210,953.63,35,6000,150
768,0,210,646.29,5,3150,350
769,0,210,800.98,10,400,100
770,0,210,378.66,35,4000,400
771,0,210,407.03,50,6750,450
772,0,210,262.64,40,800,100
773,0,210,1094.99,35,4300,50
774,0,210,127.84,35,8800,200
775,0,210,262.89,10,9400,200
776,0,210,513.43,25,10000,200
777,0,210,977.79,30,8100,450
778,0,210,852.14,40,4500,150
779,0,210,521.41,30,50,50
780,0,210,364.18,40,900,300
781,0,210,293.78,45,4500,450
782,0,210,727.01,50,3150,450
783,0,210,1080.47,25,9750,250
784,0,210,530.99,5,1000,200
785,0,210,732.39,35,9150,150
786,0,210,769.24,35,8100,450
787,0,210,181.43,20,7200,100
788,0,210,504.22,15,3300,300
789,0,210,168.23,45,800,400
790,0,210,407.11,40,2400,150
791,0,210,297.97,5,9400,100
792,0,210,1074.59,10,3900,150
793,0,210,913.03,50,900,150
794,0,210,881.89,40,7200,400
795,0,210,250.6,15,2400,150
796,0,210,459.27,15,3250,250
797,0,210,312.04,40,8500,250
798,0,210,437.96,5,4500,500
799,0,210,974.2,20,9900,300
800,0,210,1105.54,35,2000,400
801,0,210,427.17,35,2700,100
802,0,210,449.2,35,200,200
803,0,210,616.21,15,2550,150
804,0,210,779.28,5,3600,450
805,0,210,1099.59,50,1000,250
806,0,210,229.12,45,5850,450
807,0,210,182.95,10,4350,150
808,0,210,541.08,45,2100,150
809,0,210,714.1,50,4800,300
810,0,210,707.25,25,5400,200
811,0,210,586.49,30,600,300
812,0,210,1147.25,40,4550,350
813,0,210,1042.87,20,200,200
814,0,210,929.15,45,1400,350
815,0,210,924.65,30,1800,150
816,0,210,813.32,30,8800,200
817,0,210,126.14,45,8000,500
818,0,210,317.8,40,9800,100
819,0,210,581.63,25,500,500
820,0,210,1067.54,30,7600,100
821,0,210,617.09,40,6000,400
822,0,210,1003.58,25,750,250
823,0,210,491.7,5,3600,300
824,0,210,511.88,30,7300,100
825,0,210,988.74,15,4800,400
826,0,210,390.6,20,8800,400
827,0,210,978.51,35,6000,300
828,0,210,812.94,5,1600,200
829,0,210,135.11,15,1250,250
830,0,210,351.68,30,500,250
831,0,210,827.53,10,3300,300
832,0,210,600.39,25,1800,300
833,0,210,359.24,35,7350,350
834,0,210,449.59,40,9600,400
835,0,210,179.11,45,1500,250
836,0,210,560.44,30,600,200
837,0,210,985.61,40,8000,100
838,0,210,541.99,15,9000,250
839,0,210,514.52,50,8400,350
840,0,210,576.66,25,4050,50
841,0,210,709.39,40,2400,200
842,0,210,867.69,30,4750,250
843,0,210,182.79,25,4000,500
844,0,210,820.88,35,5600,200
845,0,210,920.01,45,5600,400
846,0,210,131.52,25,1800,450
847,0,210,475.51,10,5550,50
848,0,210,1101.58,35,7350,350
849,0,210,166.65,20,2100,350
850,0,210,385.52,20,3250,250
851,0,210,1032.27,45,9600,300
852,0,210,1057.18,40,7200,300
853,0,210,983.08,5,2100,150
854,0,210,593.8,35,2100,350
855,0,210,619.23,45,5500,500
856,0,210,676.88,30,9600,150
857,0,210,609.25,5,7000,250
858,0,210,1133.69,30,7350,350
859,0,210,693.28,15,2200,200
860,0,210,631.46,35,2750,250
861,0,210,282.39,40,8700,300
862,0,210,1120.59,5,900,450
863,0,210,884.32,30,3700,100
864,0,210,861.53,35,1050,350
865,0,210,494.89,50,9900,300
866,0,210,459.01,45,8200,200
867,0,210,368.11,50,2600,100
868,0,210,1045.83,30,3200,400
869,0,210,331.49,30,5250,350
870,0,210,927.43,5,2250,450
871,0,210,472.24,20,2800,200
872,0,210,361.93,25,4000,250
873,0,210,368.39,10,5000,500
874,0,210,604.31,30,9200,400
875,0,210,752.77,20,3200,400
876,0,210,161.97,50,4900,350
877,0,210,336.73,10,9500,500
878,0,210,782.87,5,8550,450
879,0,210,443.84,15,6000,200
880,0,210,765.86,25,5200,50
881,0,210,347.87,15,6000,150
882,0,210,1052.08,30,4600,200
883,0,210,623.02,25,1800,300
884,0,210,134.44,40,3300,100
885,0,210,1023.04,35,7350,350
886,0,210,656.44,40,1400,200
887,0,210,364.69,50,4500,500
888,0,210,115.16,15,450,450
889,0,210,974.86,50,600,150
890,0,210,441.88,15,250,250
891,0,210,854.05,15,2200,100
892,0,210,1112.73,15,9000,300
893,0,210,438.23,30,8750,350
894,0,210,730.48,10,1400,100
895,0,210,384.22,30,5400,300
896,0,210,192.2,20,800,200
897,0,210,183.03,50,3750,150
898,0,210,816.41,35,6000,400
899,0,210,418.96,40,3000,300
900,0,210,377.1,50,5000,250
901,0,210,366.21,40,1350,150
902,0,210,600.57,15,3150,150
903,0,210,468.5,5,7200,450
904,0,210,610.02,50,4650,150
905,0,210,875.75,30,6300,450
906,0,210,741.45,5,9800,350
907,0,210,925.97,30,500,100
908,0,210,1048.14,10,8550,150
909,0,210,578.9,15,1300,100
910,0,210,804.8,45,1800,200
911,0,210,926.92,25,9150,150
912,0,210,406.31,20,7350,150
913,0,210,132.39,40,4950,450
914,0,210,1104.44,5,8400,350
915,0,210,1064.45,50,6400,400
916,0,210,355.07,45,5200,400
917,0,210,591.86,45,3250,250
918,0,210,471.83,40,1800,300
919,0,210,1127.47,40,3150,450
920,0,210,931.11,5,7500,100
921,0,210,408.31,10,3250,250
922,0,210,821.89,5,5500,250
923,0,210,624.55,10,3200,400
924,0,210,932.82,5,3250,250
925,0,210,643.72,30,4900,350
926,0,210,402.55,25,8800,100
927,0,210,540.86,20,9200,50
928,0,210,713.2,25,3400,100
929,0,210,293.69,50,9200,400
930,0,210,1085.48,40,3900,300
931,0,210,635.75,20,6750,450
932,0,210,642.84,30,3500,250
933,0,210,864.32,50,3000,500
934,0,210,200.65,45,3600,400
935,0,210,1078.39,5,10000,400
936,0,210,935.33,10,3150,450
937,0,210,1056.03,15,300,300
938,0,210,551.97,45,3500,500
939,0,210,659.05,20,9900,300
940,0,210,247.67,10,9000,450
941,0,210,701.65,5,1750,350
942,0,210,836.85,40,8000,250
943,0,210,373.5,25,2800,350
944,0,210,818.16,40,6150,50
945,0,210,1021.46,20,6000,500
946,0,210,1141.8,35,6800,400
947,0,210,477.94,5,5250,150
948,0,210,994.26,45,500,500
949,0,210,677.48,35,4400,400
950,0,210,226.91,45,5500,500
951,0,210,847.14,40,9100,100
952,0,210,507.94,15,9450,450
953,0,210,564.75,30,6500,50
954,0,210,641.47,50,9900,150
955,0,210,1013.11,25,6500,500
956,0,210,386.0,40,9000,450
957,0,210,261.79,20,7000,250
958,0,210,453.37,45,1750,350
959,0,210,401.89,30,2100,150
960,0,210,1117.93,25,2900,100
961,0,210,1148.1,10,2800,100
962,0,210,1089.69,30,6500,250
963,0,210,320.96,25,7200,450
964,0,210,633.6,15,8750,250
965,0,210,145.9,30,5500,500
966,0,210,756.07,40,8100,450
967,0,210,969.76,50,9200,200
968,0,210,888.63,15,150,150
969,0,210,478.71,45,9600,300
970,0,210,862.25,35,700,350
971,0,210,200.78,20,4200,150
972,0,210,804.58,45,3500,350
973,0,210,634.42,50,1800,450
974,0,210,1131.39,25,9450,450
975,0,210,758.82,20,5850,450
976,0,210,921.71,35,350,50
977,0,210,345.01,50,8300,100
978,0,210,470.61,30,7650,450
979,0,210,640.76,50,4200,300
980,0,210,616.66,45,3900,300
981,0,210,295.87,5,8400,350
982,0,210,1015.26,5,3200,400
983,0,210,213.54,20,3400,100
984,0,210,822.68,15,3200,400
985,0,210,221.73,20,7500,250
986,0,210,339.36,45,1500,150
987,0,210,732.67,10,200,200
988,0,210,349.76,35,400,100
989,0,210,1082.13,5,500,500
990,0,210,294.9,20,9000,200
991,0,210,988.88,45,8000,400
992,0,210,812.34,45,5850,450
993,0,210,448.65,15,9600,50
994,0,210,912.25,25,10000,500
995,0,210,880.37,5,4000,250
996,0,210,1016.87,35,3900,300
997,0,210,251.55,40,1500,500
998,0,210,579.36,50,5500,500
999,0,210,1043.15,45,1950,150
1000,0,210,991.99,35,1800,200
1001,0,210,493.2,40,7400,200
1002,0,210,947.15,20,8300,50
1003,0,210,1127.02,15,7600,400
1004,0,210,653.57,15,5300,100
1005,0,210,145.91,25,3300,100
1006,0,210,518.71,10,5250,250
1007,0,210,339.59,15,9150,150
1008,0,210,867.33,15,5850,450
1009,0,210,576.65,45,4500,250
1010,0,210,209.62,20,8250,150
1011,0,210,776.02,20,600,200
1012,0,210,181.37,25,9750,250
1013,0,210,631.04,50,7000,50
1014,0,210,697.1,30,3500,500
1015,0,210,596.72,10,1500,500
1016,0,210,166.2,15,5500,500
1017,0,210,454.24,35,7400,200
1018,0,210,355.33,45,8000,500
1019,0,210,340.78,35,6500,500
1020,0,210,214.77,45,2100,350
1021,0,210,1111.24,40,6300,350
1022,0,210,504.5,35,1500,300
1023,0,210,122.44,15,6750,250
1024,0,210,949.97,40,9000,150
1025,0,210,523.89,15,1350,450
1026,0,210,896.15,25,3500,350
1027,0,210,648.17,40,4950,450
1028,0,210,197.1,30,5400,300
1029,0,210,732.45,5,3600,400
1030,0,210,442.18,25,8800,400
1031,0,210,291.88,25,4200,300
1032,0,210,668.79,30,8000,250
1033,0,210,1123.79,30,5800,200
1034,0,210,600.08,5,7000,350
1035,0,210,130.73,40,3750,250
1036,0,210,900.02,35,2800,200
1037,0,210,914.15,15,9900,150
1038,0,210,546.97,15,9900,300
1039,0,210,899.01,35,5000,200
1040,0,210,1000.46,5,4750,50
1041,0,210,1053.63,25,8100,450
1042,0,210,184.8,5,2300,50
1043,0,210,657.68,10,5250,350
1044,0,210,971.91,25,9000,300
1045,0,210,895.04,20,5400,450
1046,0,210,1144.3,15,5300,100
1047,0,210,941.96,25,1200,400
1048,0,210,388.17,10,1250,250
1049,0,210,494.68,50,2100,150
1050,0,210,1130.14,10,5600,200
1051,0,210,169.58,25,3300,300
1052,0,210,989.9,10,8700,300
1053,0,210,782.4,5,2000,250
1054,0,210,754.9,45,1200,400
1055,0,210,702.1,45,5200,200
1056,0,210,291.94,20,3600,400
1057,0,210,1083.55,25,5400,300
1058,0,210,609.13,30,8200,200
1059,0,210,1096.86,50,6400,400
1060,0,210,525.66,20,2700,450
1061,0,210,720.29,25,2000,500
1062,0,210,470.33,10,3100,50
1063,0,210,976.96,35,400,400
1064,0,210,313.77,20,2700,450
1065,0,210,1069.73,5,6700,50
1066,0,210,132.93,40,3150,150
1067,0,210,407.01,45,6800,100
1068,0,210,645.04,35,100,50
1069,0,210,316.45,10,5400,450
1070,0,210,307.23,10,4950,450
1071,0,210,501.76,25,6750,450
1072,0,210,826.63,45,6800,100
1073,0,210,1081.88,35,4800,400
1074,0,210,999.41,45,1350,450
1075,0,210,610.56,40,1000,500
1076,0,210,456.29,20,2000,500
1077,0,210,397.98,50,750,250
1078,0,210,995.34,20,5100,300
1079,0,210,874.77,5,6900,300
1080,0,210,687.11,50,6300,450
1081,0,210,837.86,15,2250,450
1082,0,210,1035.59,5,2300,100
1083,0,210,325.82,10,3600,150
1084,0,210,127.21,45,6650,350
1085,0,210,885.69,15,300,100
1086,0,210,849.21,10,600,200
1087,0,210,356.42,30,6300,300
1088,0,210,381.91,15,9500,100
1089,0,210,253.5,25,8900,100
1090,0,210,913.7,35,8100,300
1091,0,210,627.31,20,900,450
1092,0,210,1055.91,30,8000,200
1093,0,210,997.31,20,5050,50
1094,0,210,143.74,45,9200,400
1095,0,210,347.15,15,4550,350
1096,0,210,257.96,25,4000,250
1097,0,210,810.16,45,1850,50
1098,0,210,376.12,35,7350,50
1099,0,210,268.02,35,1200,50
1100,0,210,1125.42,35,7150,50
1101,0,210,744.41,15,4050,450
1102,0,210,573.42,45,7200,300
1103,0,210,738.99,30,9450,450
1104,0,210,1081.42,30,7800,300
1105,0,210,971.0,40,3200,400
1106,0,210,928.95,25,3500,350
1107,0,210,475.35,45,4200,300
1108,0,210,566.94,50,6000,300
1109,0,210,617.99,35,5600,350
1110,0,210,830.35,35,8100,100
1111,0,210,700.9,5,5250,250
1112,0,210,715.35,35,4900,350
1113,0,210,136.0,20,2700,300
1114,0,210,514.45,45,5300,100
1115,0,210,690.87,25,5600,400
1116,0,210,836.98,5,1800,450
1117,0,210,497.98,30,1000,500
1118,0,210,720.94,20,4000,250
1119,0,210,757.92,40,9800,350
1120,0,210,371.14,10,1350,450
1121,0,210,785.8,20,4200,100
1122,0,210,862.11,25,9350,50
1123,0,210,778.76,5,9750,250
1124,0,210,648.13,25,6650,350
1125,0,210,891.31,40,9900,150
1126,0,210,366.49,30,9900,450
1127,0,210,988.93,15,9450,350
1128,0,210,768.73,15,5400,450
1129,0,210,534.14,50,2500,250
1130,0,210,608.56,10,5800,200
1131,0,210,388.05,15,1600,100
1132,0,210,538.65,25,9150,50
1133,0,210,288.9,45,2000,500
1134,0,210,697.37,10,500,100
1135,0,210,518.32,20,150,150
1136,0,210,625.5,35,1350,450
1137,0,210,999.24,5,2800,350
1138,0,210,1096.2,40,6000,500
1139,0,210,643.56,40,4000,400
1140,0,210,455.74,20,6750,450
1141,0,210,1061.26,50,4200,300
1142,0,210,1101.09,25,8400,150
1143,0,210,371.33,15,7000,200
1144,0,210,579.03,25,800,400
1145,0,210,373.78,20,3200,50
1146,0,210,1045.54,10,1750,250
1147,0,210,920.68,30,3000,200
1148,0,210,702.67,25,700,350
1149,0,210,1122.93,35,7700,350
1150,0,210,433.98,50,6900,50
1151,0,210,378.08,40,1950,50
1152,0,210,123.47,25,3150,350
1153,0,210,743.68,15,1500,500
1154,0,210,801.4,25,600,300
1155,0,210,1053.79,25,2250,450
1156,0,210,1074.56,30,7600,400
1157,0,210,345.61,45,2250,450
1158,0,210,361.77,5,3200,400
1159,0,210,476.5,30,7000,250
1160,0,210,1014.77,15,3800,200
1161,0,210,140.67,5,9500,500
1162,0,210,627.71,35,9100,350
1163,0,210,698.49,10,3200,400
1164,0,210,252.92,5,6900,150
1165,0,210,1020.13,25,5500,250
1166,0,210,678.78,25,4500,300
1167,0,210,203.89,25,6800,200
1168,0,210,584.62,45,6200,200
1169,0,210,378.55,25,6300,350
1170,0,210,296.18,20,1350,450
1171,0,210,1022.59,45,1000,250
1172,0,210,634.03,20,7650,450
1173,0,210,297.02,50,5250,350
1174,0,210,1095.96,20,9000,150
1175,0,210,517.24,50,8000,500
1176,0,210,838.13,15,6700,100
1177,0,210,658.23,5,8750,350
1178,0,210,1003.68,25,8200,200
1179,0,210,445.83,5,4500,500
1180,0,210,995.95,25,1200,400
1181,0,210,480.99,45,2000,400
1182,0,210,182.62,5,5800,200
1183,0,210,697.39,35,5250,250
1184,0,210,215.28,10,2800,400
1185,0,210,746.52,50,7250,250
1186,0,210,303.35,10,3200,400
1187,0,210,988.33,30,4950,450
1188,0,210,809.36,45,1800,200
1189,0,210,954.09,30,4800,400
1190,0,210,776.95,10,8700,300
1191,0,210,686.82,45,7650,150
1192,0,210,1136.09,5,450,450
1193,0,210,273.63,15,3150,450
1194,0,210,749.49,40,3500,500
1195,0,210,387.83,35,500,500
1196,0,210,667.13,25,7000,500
1197,0,210,707.55,35,1950,150
1198,0,210,130.26,15,5000,500
1199,0,210,581.27,25,8700,300
1200,0,210,209.58,45,9400,200
1201,0,210,359.51,5,8100,450
1202,0,210,171.18,35,900,50
1203,0,210,1035.67,10,10000,250
1204,0,210,902.59,40,1500,500
1205,0,210,1132.52,45,400,400
1206,0,210,1010.0,30,1200,400
1207,0,210,380.08,50,6000,100
1208,0,210,436.46,30,5300,100
1209,0,210,323.86,50,7650,150
1210,0,210,834.67,35,2400,400
1211,0,210,541.48,25,4000,400
1212,0,210,466.68,5,950,50
1213,0,210,789.42,30,9750,150
1214,0,210,291.5,45,8000,500
1215,0,210,1030.31,20,9200,400
1216,0,210,900.56,20,8100,450
1217,0,210,864.87,10,6300,350
1218,0,210,234.5,35,9800,200
1219,0,210,151.67,15,2100,300
1220,0,210,203.69,30,4550,350
1221,0,210,786.15,40,500,500
1222,0,210,578.48,35,2000,500
1223,0,210,554.55,20,1800,300
1224,0,210,174.03,5,1200,100
1225,0,210,251.84,30,3300,300
1226,0,210,773.36,45,8600,200
1227,0,210,1006.68,20,8850,150
1228,0,210,175.85,50,1200,150
1229,0,210,1099.94,25,9450,450
1230,0,210,347.27,10,3500,100
1231,0,210,787.53,30,7700,350
1232,0,210,1016.27,10,4500,100
1233,0,210,1126.4,20,4500,500
1234,0,210,1070.76,45,3850,350
1235,0,210,656.89,40,7950,150
1236,0,210,351.66,15,7000,350
1237,0,210,263.08,25,4000,50
1238,0,210,909.88,45,4950,150
1239,0,210,916.5,25,5100,300
1240,0,210,841.63,10,8000,50
1241,0,210,1002.55,45,4500,500
1242,0,210,985.37,10,400,100
1243,0,210,187.4,40,450,450
1244,0,210,517.93,5,9000,450
1245,0,210,482.25,20,4150,50
1246,0,210,180.69,45,2700,450
1247,0,210,595.27,10,8300,50
1248,0,210,1075.85,40,10000,50
1249,0,210,620.47,15,10000,500
1250,0,210,686.17,10,7200,100
1251,0,210,216.46,25,5700,150
1252,0,210,450.62,40,2800,350
1253,0,210,596.75,35,9400,100
1254,0,210,156.98,20,900,300
1255,0,210,212.09,35,7750,250
1256,0,210,211.24,50,5950,350
1257,0,210,139.05,50,200,200
1258,0,210,1017.3,45,1050,150
1259,0,210,257.73,10,4800,400
1260,0,210,344.38,50,7500,500
1261,0,210,680.36,35,7500,300
1262,0,210,168.19,10,8900,100
1263,0,210,381.24,50,5600,100
1264,0,210,575.64,5,1500,500
1265,0,210,762.14,10,4500,300
1266,0,210,1016.73,20,5100,150
1267,0,210,411.2,30,4800,200
1268,0,210,465.9,30,3200,200
1269,0,210,692.04,10,5200,100
1270,0,210,733.9,15,9500,500
1271,0,210,658.4,20,2400,400
1272,0,210,870.09,35,6000,300
1273,0,210,413.63,20,6000,300
1274,0,210,868.62,15,9550,50
1275,0,210,207.98,35,9100,350
1276,0,210,1065.94,40,3300,50
1277,0,210,420.3,45,3000,200
1278,0,210,435.61,30,9600,300
1279,0,210,584.69,35,6000,300
1280,0,210,350.27,40,1000,500
1281,0,210,1056.2,35,6300,300
1282,0,210,974.41,35,3500,500
1283,0,210,818.7,5,6000,300
1284,0,210,480.16,20,8050,350
1285,0,210,721.38,45,500,500
1286,0,210,292.21,5,7300,50
1287,0,210,989.57,50,3750,250
1288,0,210,161.72,15,9300,300
1289,0,210,743.89,40,2800,350
1290,0,210,247.77,30,1250,250
1291,0,210,275.79,40,3500,500
1292,0,210,733.7,5,7650,450
1293,0,210,876.16,40,5600,400
1294,0,210,1149.27,20,5400,300
1295,0,210,377.42,25,7100,100
1296,0,210,793.73,20,7100,100
1297,0,210,423.33,30,9000,450
1298,0,210,878.17,50,9000,500
1299,0,210,339.41,25,2800,400
1300,0,210,984.45,5,5600,350
1301,0,210,345.81,30,5500,500
1302,0,210,292.01,20,1500,250
1303,0,210,887.89,50,8400,150
1304,0,210,827.1,5,9000,300
1305,0,210,643.82,30,6450,150
1306,0,210,933.27,40,6800,400
1307,0,210,167.2,25,9000,150
1308,0,210,540.18,15,4400,200
1309,0,210,786.21,20,450,50
1310,0,210,737.08,10,350,350
1311,0,210,1059.96,40,10000,400
1312,0,210,1115.51,50,4900,350
1313,0,210,596.12,30,1400,350
1314,0,210,675.07,45,9600,200
1315,0,210,592.74,25,500,250
1316,0,210,1099.31,10,3600,300
1317,0,210,1076.09,15,900,450
1318,0,210,1118.04,30,7000,250
1319,0,210,239.86,50,6000,150
1320,0,210,945.75,45,9500,250
1321,0,210,514.93,15,10000,400
1322,0,210,854.77,45,4200,350
1323,0,210,382.77,20,900,100
1324,0,210,970.48,5,1750,250
1325,0,210,883.98,5,4700,100
1326,0,210,319.64,10,3200,50
1327,0,210,142.59,40,7350,350
1328,0,210,666.65,15,5600,350
1329,0,210,200.23,45,100,50
1330,0,210,231.4,35,5750,250
1331,0,210,1033.16,5,7200,300
1332,0,210,935.88,20,8550,150
1333,0,210,353.81,45,10000,400
1334,0,210,300.78,25,7900,50
1335,0,210,462.32,50,8400,300
1336,0,210,436.77,50,7000,500
1337,0,210,902.29,5,2800,400
1338,0,210,594.2,45,8250,50
1339,0,210,438.65,10,5750,50
1340,0,210,1058.31,10,2200,200
1341,0,210,1084.37,35,6650,350
1342,0,210,896.31,25,7200,300
1343,0,210,951.46,25,5650,50
1344,0,210,265.85,15,7350,350
1345,0,210,220.45,45,7650,450
1346,0,210,658.73,25,8800,200
1347,0,210,276.29,20,4200,150
1348,0,210,851.99,50,6600,50
1349,0,210,122.45,30,6150,150
1350,0,210,1087.51,20,8800,400
1351,0,210,653.53,40,750,150
1352,0,210,314.98,15,9700,100
1353,0,210,715.66,30,650,50
1354,0,210,571.8,40,750,150
1355,0,210,192.69,45,4000,500
1356,0,210,747.12,40,3200,50
1357,0,210,774.75,20,6800,200
1358,0,210,531.33,15,9500,500
1359,0,210,499.72,50,3900,150
1360,0,210,420.57,10,7200,400
1361,0,210,151.78,50,3750,250
1362,0,210,465.03,5,3500,500
1363,0,210,529.98,5,6000,250
1364,0,210,708.22,35,4050,450
1365,0,210,908.52,40,6650,50
1366,0,210,313.43,50,3500,500
1367,0,210,989.27,40,1400,50
1368,0,210,912.0,20,8550,150
1369,0,210,625.59,10,7200,200
1370,0,210,302.27,35,1050,350
1371,0,210,135.52,20,9200,200
1372,0,210,146.18,50,7350,350
1373,0,210,141.01,30,7600,200
1374,0,210,854.89,5,3300,300
1375,0,210,128.55,15,4750,250
1376,0,210,583.12,30,7000,500
1377,0,210,360.57,15,5250,350
1378,0,210,1020.74,5,6800,400
1379,0,210,640.41,50,600,150
1380,0,210,159.06,25,6800,200
1381,0,210,1077.59,35,150,150
1382,0,210,1112.75,15,5900,100
1383,0,210,943.91,15,2600,50
1384,0,210,1132.36,20,7000,350
1385,0,210,249.48,15,2700,450
1386,0,210,755.85,25,6400,400
1387,0,210,646.67,35,8750,350
1388,0,210,856.68,20,2050,50
1389,0,210,458.7,20,4200,200
1390,0,210,1144.25,25,7000,500
1391,0,210,623.3,25,5000,500
1392,0,210,476.74,35,9000,200
1393,0,210,305.58,45,6500,500
1394,0,210,639.9,45,7950,150
1395,0,210,523.22,35,9950,50
1396,0,210,1013.94,20,1950,150
1397,0,210,230.46,5,8100,50
1398,0,210,789.8,50,1200,300
1399,0,210,616.55,10,500,500
1400,0,210,814.54,5,2100,350
1401,0,210,512.71,30,6300,300
1402,0,210,509.39,35,1500,100
1403,0,210,215.62,10,4800,300
1404,0,210,1087.84,35,1000,100
1405,0,210,244.11,10,4950,450
1406,0,210,684.8,15,4050,450
1407,0,210,434.55,30,5250,350
1408,0,210,386.73,35,2700,450
1409,0,210,899.06,25,500,100
1410,0,210,1081.21,45,1050,150
1411,0,210,419.53,40,600,300
1412,0,210,283.35,20,7500,500
1413,0,210,529.17,50,5500,500
1414,0,210,425.08,5,4900,50
1415,0,210,1022.05,25,5500,500
1416,0,210,1022.15,45,3400,50
1417,0,210,834.71,40,4250,250
1418,0,210,177.46,15,800,400
1419,0,210,907.93,10,2800,100
1420,0,210,1122.95,5,3450,150
1421,0,210,720.35,10,450,450
1422,0,210,1131.18,40,4600,100
1423,0,210,1144.26,40,900,450
1424,0,210,416.49,35,5950,350
1425,0,210,657.89,45,8000,250
1426,0,210,594.14,20,2600,200
1427,0,210,152.1,30,2800,350
1428,0,210,819.95,30,1200,200
1429,0,210,778.19,25,9350,50
1430,0,210,1026.38,5,4000,250
1431,0,210,242.2,30,2500,250
1432,0,210,194.95,10,5000,500
1433,0,210,455.05,35,1400,350
1434,0,210,633.45,50,6400,400
1435,0,210,376.33,25,3450,150
1436,0,210,505.54,45,5200,100
1437,0,210,933.47,35,5700,300
1438,0,210,588.39,15,5200,400
1439,0,210,511.79,25,1800,450
1440,0,210,778.67,50,5800,200
1441,0,210,134.63,40,8100,300
1442,0,210,420.01,15,3150,450
1443,0,210,451.4,35,2200,50
1444,0,210,224.63,10,4000,250
1445,0,210,855.4,10,2100,150
1446,0,210,714.9,10,6300,450
1447,0,210,961.73,15,1800,150
1448,0,210,649.96,35,4500,450
1449,0,210,794.58,30,2050,50
1450,0,210,195.66,15,9600,200
1451,0,210,431.81,45,2800,400
1452,0,210,400.4,15,8400,350
1453,0,210,1148.51,50,9500,50
1454,0,210,1147.83,30,8000,400
1455,0,210,1045.05,50,3000,200
1456,0,210,1051.22,30,8500,250
1457,0,210,138.64,45,9200,100
1458,0,210,943.12,45,7400,100
1459,0,210,141.71,35,200,200
1460,0,210,452.62,25,7400,100
1461,0,210,968.3,45,8750,350
1462,0,210,191.3,10,2200,200
1463,0,210,409.48,40,8800,400
1464,0,210,592.6,20,4000,500
1465,0,210,571.44,25,8700,150
1466,0,210,1128.37,20,1800,300
1467,0,210,1124.68,40,1350,450
1468,0,210,779.73,10,2250,250
1469,0,210,1070.66,35,4400,200
1470,0,210,898.43,40,3500,500
1471,0,210,976.55,45,5200,200
1472,0,210,468.5,45,9600,300
1473,0,210,992.18,30,8850,150
1474,0,210,946.78,10,5100,150
1475,0,210,572.17,50,2400,200
1476,0,210,859.61,10,5750,250
1477,0,210,910.03,45,9900,450
1478,0,210,956.8,20,3800,200
1479,0,210,999.44,35,3700,100
1480,0,210,617.71,35,10000,250
1481,0,210,232.24,15,4000,500
1482,0,210,617.98,10,3200,400
1483,0,210,1035.73,30,5500,250
1484,0,210,714.2,25,3150,450
1485,0,210,136.29,15,7100,50
1486,0,210,427.74,20,8400,400
1487,0,210,764.56,50,4400,400
1488,0,210,282.39,45,4800,400
1489,0,210,751.45,35,4000,250
1490,0,210,1009.48,25,900,450
1491,0,210,732.96,15,1350,150
1492,0,210,562.78,50,5600,400
1493,0,210,350.46,35,8700,100
1494,0,210,429.3,45,5850,450
1495,0,210,271.89,10,4000,500
1496,0,210,895.71,5,4950,450
1497,0,210,173.1,25,8750,250
1498,0,210,379.06,20,4050,150
1499,0,210,672.26,10,9000,500
1500,0,210,734.06,20,4950,450
1501,0,210,909.07,35,10000,500
1502,0,210,1043.03,15,7700,350
1503,0,210,279.11,20,3300,300
1504,0,210,948.35,10,9300,300
1505,0,210,672.75,45,1350,450
1506,0,210,690.91,35,3300,300
1507,0,210,651.31,25,5000,100
1508,0,210,801.96,50,5250,350
1509,0,210,162.33,20,5400,300
1510,0,210,514.46,15,5000,100
1511,0,210,499.43,35,2000,500
1512,0,210,428.65,35,5500,500
1513,0,210,1030.76,30,5750,250
1514,0,210,735.47,25,5950,350
1515,0,210,689.23,45,9500,250
1516,0,210,1050.22,30,9750,250
1517,0,210,1091.07,35,9050,50
1518,0,210,922.37,45,3600,200
1519,0,210,128.18,15,10000,500
1520,0,210,346.55,15,9250,250
1521,0,210,328.56,45,8000,500
1522,0,210,893.11,15,7500,150
1523,0,210,647.64,15,8100,50
1524,0,210,1090.68,15,7300,100
1525,0,210,642.33,35,4400,400
1526,0,210,651.79,5,2400,150
1527,0,210,698.15,25,7200,450
1528,0,210,446.32,45,3600,400
1529,0,210,868.69,40,6750,450
1530,0,210,911.46,40,10000,200
1531,0,210,1145.3,25,3000,100
1532,0,210,810.37,15,7200,450
1533,0,210,1058.85,35,7400,200
1534,0,210,580.73,50,7000,200
1535,0,210,913.72,25,9850,50
1536,0,210,282.94,50,1200,150
1537,0,210,1003.59,25,600,200
1538,0,210,1046.55,25,4750,250
1539,0,210,591.65,5,2000,200
1540,0,210,542.29,30,7500,500
1541,0,210,767.16,20,5200,400
1542,0,210,175.73,20,1500,100
1543,0,210,1058.67,15,5750,250
1544,0,210,557.34,40,8150,50
1545,0,210,643.13,10,4500,450
1546,0,210,357.71,35,8400,400
1547,0,210,758.97,45,1900,50
1548,0,210,460.03,20,5600,400
1549,0,210,1049.54,50,2500,250
1550,0,210,1091.06,5,7100,50
1551,0,210,417.78,30,5250,350
1552,0,210,570.33,5,3200,200
1553,0,210,810.92,45,8100,300
1554,0,210,436.19,45,1050,350
1555,0,210,193.39,40,4800,100
1556,0,210,231.04,45,3900,300
1557,0,210,554.66,10,4000,250
1558,0,210,676.78,15,9800,200
1559,0,210,132.23,15,1200,300
1560,0,210,1110.27,20,4050,150
1561,0,210,354.27,50,2400,400
1562,0,210,1112.5,10,5100,150
1563,0,210,304.62,45,5550,50
1564,0,210,998.71,15,2700,450
1565,0,210,416.96,25,8100,300
1566,0,210,235.42,50,2500,500
1567,0,210,1138.61,10,6000,400
1568,0,210,354.53,45,4200,350
1569,0,210,158.07,10,9600,400
1570,0,210,562.61,10,9850,50
1571,0,210,329.39,15,2750,250
1572,0,210,378.17,20,100,50
1573,0,210,319.88,5,2800,400
1574,0,210,1117.56,15,8400,300
1575,0,210,296.84,20,4500,500
1576,0,210,379.67,40,2400,100
1577,0,210,372.26,50,5300,100
1578,0,210,847.76,35,5400,100
1579,0,210,833.68,30,1200,300
1580,0,210,130.91,5,4000,500
1581,0,210,1027.69,10,4950,450
1582,0,210,1076.04,15,9450,450
1583,0,210,231.72,40,8550,450
1584,0,210,475.4,30,5100,150
1585,0,210,1003.12,45,5400,300
1586,0,210,258.12,15,1200,400
1587,0,210,228.71,15,8700,100
1588,0,210,643.02,40,3500,250
1589,0,210,966.2,45,9900,150
1590,0,210,193.94,15,3150,350
1591,0,210,803.3,15,3600,450
1592,0,210,1067.24,15,1500,500
1593,0,210,693.34,20,10000,250
1594,0,210,405.16,45,6150,50
1595,0,210,860.64,35,3400,200
1596,0,210,837.31,15,5750,50
1597,0,210,307.16,35,9200,400
1598,0,210,861.41,45,5400,450
1599,0,210,150.99,30,8000,250
1600,0,210,652.98,10,8700,300
1601,0,210,935.77,30,7700,350
1602,0,210,117.79,15,1700,100
1603,0,210,869.07,45,4500,500
1604,0,210,414.11,20,5250,50
1605,0,210,136.41,40,1000,500
1606,0,210,766.08,25,4000,250
1607,0,210,136.37,10,5200,50
1608,0,210,242.86,50,5400,300
1609,0,210,195.96,45,4400,400
1610,0,210,982.21,10,6800,100
1611,0,210,794.21,15,5400,150
1612,0,210,280.81,35,3350,50
1613,0,210,845.78,30,4550,350
1614,0,210,632.4,40,6200,200
1615,0,210,659.8,50,8000,400
1616,0,210,813.54,30,9900,450
1617,0,210,713.44,10,1050,50
1618,0,210,720.59,35,5850,450
1619,0,210,1127.93,30,10000,500
1620,0,210,135.23,30,3000,500
1621,0,210,783.78,50,8100,450
1622,0,210,834.58,30,6600,200
1623,0,210,445.79,50,4750,250
1624,0,210,1020.74,10,7600,400
1625,0,210,1071.8,35,8700,150
1626,0,210,283.38,30,9000,300
1627,0,210,123.39,15,8550,450
1628,0,210,447.63,10,2450,350
1629,0,210,339.99,20,2800,100
1630,0,210,338.35,10,9000,300
1631,0,210,157.06,10,10000,250
1632,0,210,345.72,15,6750,450
1633,0,210,412.4,45,2000,200
1634,0,210,850.5,10,5250,350
1635,0,210,143.58,10,2800,400
1636,0,210,561.56,30,7200,450
1637,0,210,1113.2,45,750,150
1638,0,210,1076.52,30,1000,100
1639,0,210,592.42,30,5400,450
1640,0,210,430.45,10,8500,500
1641,0,210,836.96,35,6400,400
1642,0,210,1091.16,15,7500,250
1643,0,210,813.53,10,3500,350
1644,0,210,158.41,40,8100,450
1645,0,210,163.37,30,2100,350
1646,0,210,163.15,15,250,50
1647,0,210,1143.34,30,4800,400
1648,0,210,461.58,50,9450,450
1649,0,210,753.82,15,9450,450
1650,0,210,892.54,40,10000,500
1651,0,210,711.26,50,350,350
1652,0,210,980.72,50,6400,400
1653,0,210,1082.24,5,7000,500
1654,0,210,996.62,50,3350,50
1655,0,210,579.33,15,10000,500
1656,0,210,1093.08,45,6400,400
1657,0,210,902.97,15,2800,350
1658,0,210,172.15,30,9500,250
1659,0,210,352.5,5,8800,200
1660,0,210,534.29,5,7500,100
1661,0,210,482.77,25,8600,200
1662,0,210,816.33,45,7750,250
1663,0,210,161.98,25,2000,500
1664,0,210,347.74,5,2250,250
1665,0,210,289.87,15,6000,500
1666,0,210,1053.94,50,8000,400
1667,0,210,259.19,35,9500,100
1668,0,210,538.93,50,2800,400
1669,0,210,622.26,25,1200,300
1670,0,210,253.26,50,5400,150
1671,0,210,807.87,30,450,450
1672,0,210,127.3,35,7700,50
1673,0,210,657.93,30,6400,200
1674,0,210,988.2,50,6750,450
1675,0,210,321.7,40,3500,50
1676,0,210,1148.05,45,7750,50
1677,0,210,549.33,35,7000,350
1678,0,210,719.17,40,9900,150
1679,0,210,510.13,20,500,100
1680,0,210,561.43,5,2500,500
1681,0,210,869.84,10,6650,350
1682,0,210,620.17,30,6000,200
1683,0,210,454.75,15,6500,500
1684,0,210,602.01,15,6600,100
1685,0,210,964.49,10,8000,500
1686,0,210,1019.64,50,5250,250
1687,0,210,298.79,30,8100,50
1688,0,210,825.43,50,8700,150
1689,0,210,862.58,10,9450,350
1690,0,210,532.45,50,3850,50
1691,0,210,477.21,50,6400,400
1692,0,210,315.14,15,7700,350
1693,0,210,1059.63,30,600,300
1694,0,210,435.79,5,7200,400
1695,0,210,1144.9,35,10000,250
1696,0,210,216.62,20,1350,450
1697,0,210,686.22,40,1000,200
1698,0,210,316.08,35,9800,100
1699,0,210,250.51,25,6300,300
1700,0,210,906.57,20,3200,400
1701,0,210,791.13,45,9900,450
1702,0,210,1029.81,10,7050,150
1703,0,210,1123.33,15,4850,50
1704,0,210,524.59,30,4000,500
1705,0,210,836.43,30,8400,400
1706,0,210,1005.46,25,9900,300
1707,0,210,1110.87,45,5200,100
1708,0,210,559.81,35,7800,50
1709,0,210,306.79,45,900,300
1710,0,210,894.22,10,300,300
1711,0,210,1114.42,15,9000,50
1712,0,210,380.08,25,4000,400
1713,0,210,775.78,15,1500,300
1714,0,210,526.95,15,4400,400
1715,0,210,315.32,20,5400,200
1716,0,210,886.04,10,5000,500
1717,0,210,666.46,50,7800,200
1718,0,210,1114.84,15,2400,200
1719,0,210,414.29,35,2250,150
1720,0,210,212.74,25,6750,450
1721,0,210,818.79,45,2700,450
1722,0,210,791.28,20,7800,300
1723,0,210,236.37,30,9200,400
1724,0,210,626.2,10,250,250
1725,0,210,681.5,50,9000,300
1726,0,210,572.55,10,3150,350
1727,0,210,883.95,40,7350,350
1728,0,210,222.51,40,1000,500
1729,0,210,135.69,15,4950,50
1730,0,210,554.63,20,3400,100
1731,0,210,220.48,40,900,450
1732,0,210,996.79,30,1350,150
1733,0,210,222.9,50,2800,400
1734,0,210,318.83,35,9500,500
1735,0,210,1007.15,35,2800,400
1736,0,210,679.82,10,900,450
1737,0,210,189.95,50,6750,50
1738,0,210,958.56,50,6500,500
1739,0,210,1125.33,50,7650,150
1740,0,210,944.44,10,9000,200
1741,0,210,683.19,50,5800,200
1742,0,210,964.96,5,1800,450
1743,0,210,556.97,25,5400,450
1744,0,210,414.59,50,6800,400
1745,0,210,154.58,5,3600,450
1746,0,210,978.6,40,2000,400
1747,0,210,800.73,45,8850,150
1748,0,210,939.22,40,9450,350
1749,0,210,522.13,15,4800,100
1750,0,210,330.07,15,3850,350
1751,0,210,346.16,10,9250,50
1752,0,210,738.82,50,100,50
1753,0,210,867.18,25,9500,100
1754,0,210,376.65,45,7650,450
1755,0,210,178.42,50,1000,250
1756,0,210,816.72,20,1650,50
1757,0,210,386.08,35,900,450
1758,0,210,662.85,35,3850,50
1759,0,210,166.25,25,3900,150
1760,0,210,313.11,35,1200,200
1761,0,210,763.67,15,3300,150
1762,0,210,842.08,30,3500,250
1763,0,210,305.43,30,8900,100
1764,0,210,983.85,10,4200,300
1765,0,210,206.18,5,4200,350
1766,0,210,597.09,40,9000,150
1767,0,210,1125.4,45,6400,400
1768,0,210,621.84,25,8100,150
1769,0,210,350.9,45,5000,250
1770,0,210,146.65,45,9800,350
1771,0,210,671.43,5,400,100
1772,0,210,778.41,15,8100,450
1773,0,210,695.27,15,4800,200
1774,0,210,820.92,45,1500,250
1775,0,210,999.99,20,6000,500
1776,0,210,322.07,40,9600,300
1777,0,210,727.84,20,5900,100
1778,0,210,1048.11,50,3500,100
1779,0,210,899.6,20,350,350
1780,0,210,192.4,30,7900,100
1781,0,210,963.52,30,1400,350
1782,0,210,689.8,30,7000,350
1783,0,210,194.94,45,350,350
1784,0,210,201.27,35,9450,450
1785,0,210,295.72,25,2100,150
1786,0,210,787.57,15,8050,350
1787,0,210,626.41,50,9450,450
1788,0,210,819.12,40,500,250
1789,0,210,532.87,15,7800,300
1790,0,210,273.28,25,8550,450
1791,0,210,717.87,5,5500,250
1792,0,210,1148.73,15,3200,400
1793,0,210,1041.73,15,8300,100
1794,0,210,510.65,5,7400,200
1795,0,210,675.04,35,4950,450
1796,0,210,848.93,40,1400,50
1797,0,210,575.15,50,7150,50
1798,0,210,590.52,50,7400,100
1799,0,210,236.88,50,7800,150
1800,0,210,315.79,50,8750,350
1801,0,210,591.59,35,6000,500
1802,0,210,457.37,35,1200,400
1803,0,210,347.67,10,3200,200
1804,0,210,673.85,20,6400,400
1805,0,210,234.05,15,1800,300
1806,0,210,999.53,25,2900,100
1807,0,210,887.18,45,8600,200
1808,0,210,989.75,20,8750,250
1809,0,210,1080.83,35,3150,150
1810,0,210,585.71,15,1800,200
1811,0,210,151.41,15,5950,350
1812,0,210,470.88,25,4500,100
1813,0,210,450.7,35,3300,300
1814,0,210,985.15,35,8850,150
1815,0,210,741.45,20,9750,250
1816,0,210,991.54,10,3250,250
1817,0,210,689.83,20,7500,500
1818,0,210,419.07,50,5600,200
1819,0,210,642.99,10,8550,450
1820,0,210,1149.03,5,5500,500
1821,0,210,803.16,5,8200,200
1822,0,210,135.84,25,6650,50
1823,0,210,1063.89,5,4200,200
1824,0,210,997.23,25,9750,250
1825,0,210,962.59,35,9500,250
1826,0,210,187.36,10,4800,400
1827,0,210,497.32,50,9800,350
1828,0,210,380.19,50,5550,150
1829,0,210,744.52,40,2500,100
1830,0,210,449.18,35,9000,500
1831,0,210,368.12,50,7650,450
1832,0,210,698.16,40,400,50
1833,0,210,929.27,40,3200,400
1834,0,210,156.87,45,3750,150
1835,0,210,1044.63,20,5950,350
1836,0,210,273.64,35,1800,450
1837,0,210,1099.83,20,1200,300
1838,0,210,616.09,40,5550,50
1839,0,210,118.74,40,3150,350
1840,0,210,394.89,25,6250,50
1841,0,210,802.49,20,2500,500
1842,0,210,218.92,25,6200,200
1843,0,210,716.47,5,5400,450
1844,0,210,819.4,40,2400,400
1845,0,210,646.78,45,9500,500
1846,0,210,913.87,15,4100,100
1847,0,210,341.69,20,7200,400
1848,0,210,779.9,40,500,500
1849,0,210,757.33,35,6400,400
1850,0,210,772.2,5,5550,150
1851,0,210,1135.44,25,7350,350
1852,0,210,835.29,35,4650,50
1853,0,210,200.05,20,6000,250
1854,0,210,1112.91,10,9900,150
1855,0,210,668.35,10,9500,100
1856,0,210,909.05,5,5600,200
1857,0,210,1005.15,20,3500,350
1858,0,210,758.96,15,8000,400
1859,0,210,1043.66,50,3600,300
1860,0,210,207.72,10,2700,450
1861,0,210,744.54,15,9700,50
1862,0,210,712.26,5,1500,500
1863,0,210,603.38,50,5700,300
1864,0,210,571.74,25,4800,150
1865,0,210,1091.1,25,8500,500
1866,0,210,1134.84,10,7650,450
1867,0,210,839.99,50,9000,300
1868,0,210,321.32,50,7500,300
1869,0,210,792.24,20,9100,350
1870,0,210,468.81,10,5200,400
1871,0,210,1086.32,20,400,50
1872,0,210,849.84,50,2100,350
1873,0,210,485.41,20,2000,400
1874,0,210,317.5,40,3900,300
1875,0,210,130.97,35,9900,450
1876,0,210,607.16,20,3150,450
1877,0,210,207.89,45,2000,100
1878,0,210,1080.34,20,6650,350
1879,0,210,1136.92,30,5000,250
1880,0,210,795.43,10,8350,50
1881,0,210,468.45,50,5600,350
1882,0,210,244.01,5,3600,150
1883,0,210,715.61,40,10000,200
1884,0,210,524.9,25,8800,400
1885,0,210,153.4,40,450,450
1886,0,210,1092.25,45,1000,500
1887,0,210,969.28,20,6600,300
1888,0,210,577.2,35,7800,300
1889,0,210,1099.46,25,4000,500
1890,0,210,266.98,25,1250,250
1891,0,210,513.8,20,2700,450
1892,0,210,768.57,35,1000,200
1893,0,210,186.0,20,6650,350
1894,0,210,238.08,35,6900,300
1895,0,210,189.65,5,500,500
1896,0,210,745.65,20,8400,400
1897,0,210,514.14,30,3850,350
1898,0,210,624.45,20,6100,100
1899,0,210,173.54,25,3000,100
1900,0,210,591.14,40,2100,350
1901,0,210,790.16,25,1800,300
1902,0,210,968.76,5,3500,500
1903,0,210,393.06,10,3200,400
1904,0,210,722.03,20,2700,300
1905,0,210,690.88,45,3500,500
1906,0,210,993.48,25,9450,450
1907,0,210,621.96,30,4500,500
1908,0,210,562.8,15,4800,300
1909,0,210,993.24,50,7050,50
1910,0,210,925.58,50,9000,300
1911,0,210,773.62,45,800,400
1912,0,210,651.04,30,4500,250
1913,0,210,1055.86,10,5400,100
1914,0,210,337.55,10,5100,150
1915,0,210,874.98,15,5350,50
1916,0,210,413.11,15,7200,150
1917,0,210,379.89,35,8000,500
1918,0,210,162.01,20,3150,350
1919,0,210,203.69,50,7800,150
1920,0,210,407.26,25,4800,400
1921,0,210,626.77,30,1950,150
1922,0,210,117.7,45,2000,500
1923,0,210,245.81,20,1700,50
1924,0,210,236.74,35,2800,350
1925,0,210,330.25,40,9450,450
1926,0,210,344.12,35,800,200
1927,0,210,606.66,20,9450,450
1928,0,210,930.35,40,900,450
1929,0,210,415.38,25,1600,400
1930,0,210,517.39,15,9100,100
1931,0,210,812.19,15,8500,500
1932,0,210,923.04,5,9700,100
1933,0,210,341.79,30,6750,450
1934,0,210,1104.91,10,8100,100
1935,0,210,238.58,50,4650,150
1936,0,210,643.96,5,450,50
1937,0,210,913.83,25,9600,150
1938,0,210,1066.14,20,5000,500
1939,0,210,827.32,20,6150,150
1940,0,210,704.42,10,5500,500
1941,0,210,820.05,35,3850,350
1942,0,210,797.26,5,1800,300
1943,0,210,683.5,35,4900,350
1944,0,210,413.47,45,4750,50
1945,0,210,874.62,35,1200,100
1946,0,210,486.9,10,5700,300
1947,0,210,809.61,50,8500,100
1948,0,210,243.33,15,1200,100
1949,0,210,952.99,20,9450,50
1950,0,210,610.71,30,1800,450
1951,0,210,652.56,20,1500,500
1952,0,210,482.4,30,6000,150
1953,0,210,489.46,15,5250,250
1954,0,210,942.16,15,9250,250
1955,0,210,576.16,25,3600,150
1956,0,210,733.15,25,3000,200
1957,0,210,984.15,20,2800,200
1958,0,210,666.96,25,2600,100
1959,0,210,391.85,50,9600,300
1960,0,210,772.6,20,7600,200
1961,0,210,686.74,45,2700,300
1962,0,210,118.87,50,600,150
1963,0,210,674.93,5,6600,150
1964,0,210,187.69,45,200,200
1965,0,210,604.61,15,1750,250
1966,0,210,514.11,25,3650,50
1967,0,210,138.99,35,1350,450
1968,0,210,408.19,10,6000,200
1969,0,210,617.86,45,6000,400
1970,0,210,132.05,40,9450,350
1971,0,210,970.8,15,5600,350
1972,0,210,339.55,5,9500,250
1973,0,210,708.6,10,4250,250
1974,0,210,914.66,15,5400,450
1975,0,210,908.49,5,2200,50
1976,0,210,603.27,30,5500,500
1977,0,210,577.23,35,3000,500
1978,0,210,127.14,30,350,350
1979,0,210,525.19,35,9600,400
1980,0,210,342.19,35,1750,250
1981,0,210,232.93,35,2800,350
1982,0,210,717.29,40,2000,400
1983,0,210,360.85,30,2700,450
1984,0,210,563.34,5,4500,250
1985,0,210,1041.1,50,9000,500
1986,0,210,526.16,15,5400,450
1987,0,210,839.62,40,8500,250
1988,0,210,1080.7,50,9450,350
1989,0,210,500.13,35,9600,300
1990,0,210,197.35,10,4950,450
1991,0,210,315.39,5,6750,450
1992,0,210,890.49,25,7650,450
1993,0,210,930.03,30,8100,450
1994,0,210,287.6,30,10000,500
1995,0,210,1077.88,45,8750,250
1996,0,210,426.41,20,8700,100
1997,0,210,505.4,5,6300,100
1998,0,210,516.1,5,600,300
1999,0,210,1066.86,40,9100,350
2000,0,210,1037.37,35,5600,400
2001,0,210,270.24,20,9900,300
2002,0,210,635.0,10,250,250
2003,0,210,792.0,40,5500,500
2004,0,210,135.19,15,1000,100
2005,0,210,742.21,50,4800,200
2006,0,210,333.71,45,8000,50
2007,0,210,1135.77,30,2400,400
2008,0,210,124.82,20,750,250
2009,0,210,1043.6,40,4500,300
2010,0,210,764.36,15,4500,250
2011,0,210,837.0,25,2800,200
2012,0,210,584.5,50,1000,200
2013,0,210,1076.77,10,1000,200
2014,0,210,961.05,10,1750,250
2015,0,210,382.52,15,2100,100
2016,0,210,1123.39,30,3800,200
2017,0,210,1051.42,45,5200,400
2018,0,210,1055.28,30,4200,300
2019,0,210,404.37,20,4350,150
2020,0,210,944.23,20,3600,150
2021,0,210,951.16,20,1000,50
2022,0,210,385.16,15,4500,250
2023,0,210,275.2,30,5000,500
2024,0,210,803.45,40,4550,350
2025,0,210,457.0,20,8400,400
2026,0,210,330.8,5,500,500
2027,0,210,524.23,20,6000,500
2028,0,210,641.26,5,6400,200
2029,0,210,880.21,35,250,50
2030,0,210,1008.5,25,5200,200
2031,0,210,276.25,30,7600,200
2032,0,210,644.21,10,3200,200
2033,0,210,306.92,25,900,50
2034,0,210,621.07,15,1500,300
2035,0,210,581.37,35,900,300
2036,0,210,1082.76,40,900,300
2037,0,210,1102.23,50,4500,300
2038,0,210,1086.98,20,7000,500
2039,0,210,697.73,50,7200,200
2040,0,210,406.33,40,5250,150
2041,0,210,276.04,15,5600,200
2042,0,210,800.68,45,3600,450
2043,0,210,264.93,15,9100,100
2044,0,210,393.27,35,1000,200
2045,0,210,488.35,50,3600,450
2046,0,210,916.68,35,9050,50
2047,0,210,640.48,10,8800,100
2048,0,210,243.42,25,9100,350
2049,0,210,811.31,50,4000,500
2050,0,210,834.84,35,2700,300
2051,0,210,741.9,10,6750,250
2052,0,210,830.52,25,9250,250
2053,0,210,885.72,5,6800,50
2054,0,210,999.39,35,1400,100
2055,0,210,331.92,45,8100,150
2056,0,210,1002.22,45,5400,450
2057,0,210,359.31,10,3450,150
2058,0,210,1109.22,45,1250,250
2059,0,210,914.3,40,300,300
2060,0,210,934.97,20,9500,250
2061,0,210,334.41,10,4500,150
2062,0,210,466.83,10,200,100
2063,0,210,617.71,50,6000,100
2064,0,210,641.5,20,8600,100
2065,0,210,1132.5,45,1000,500
2066,0,210,983.59,25,4600,200
2067,0,210,145.22,20,1000,500
2068,0,210,358.16,35,8700,100
2069,0,210,1033.06,35,5950,350
2070,0,210,938.66,45,7750,250
2071,0,210,642.0,5,4400,400
2072,0,210,224.82,45,3000,500
2073,0,210,644.31,45,9750,150
2074,0,210,709.2,40,2200,200
2075,0,210,208.46,30,4200,350
2076,0,210,809.74,30,4800,200
2077,0,210,1003.29,5,5000,500
2078,0,210,289.26,40,3900,300
2079,0,210,961.63,20,6800,200
2080,0,210,856.9,15,8800,100
2081,0,210,1097.85,10,400,100
2082,0,210,499.92,35,9950,50
2083,0,210,252.07,5,9400,50
2084,0,210,1053.31,5,3450,150
2085,0,210,502.88,15,5100,300
2086,0,210,128.19,45,9800,200
2087,0,210,708.91,50,9500,500
2088,0,210,878.85,20,2700,100
2089,0,210,403.52,45,3600,200
2090,0,210,897.08,20,6400,400
2091,0,210,300.53,20,3500,250
2092,0,210,440.99,10,9750,50
2093,0,210,417.65,30,1000,500
2094,0,210,1119.47,5,4650,150
2095,0,210,188.24,50,6000,100
2096,0,210,567.11,20,9400,200
2097,0,210,1050.26,40,2700,100
2098,0,210,288.15,15,8850,50
2099,0,210,875.72,25,6250,50
