0,0,210,525.0,5,1000,50
1,0,210,5174.57,35,2200,200
2,0,210,3949.88,20,4900,350
3,0,210,2605.79,25,2450,350
4,0,210,1601.43,25,5500,500
5,0,210,4038.3,10,6150,150
6,0,210,5008.12,25,5400,300
7,0,210,2444.95,45,5800,200
8,0,210,1781.32,40,4750,50
9,0,210,3028.42,5,8300,50
10,0,210,4900.28,5,3800,100
11,0,210,3980.05,30,6400,400
12,0,210,1408.93,40,9000,450
13,0,210,3964.71,35,5400,200
14,0,210,1011.61,35,7650,150
15,0,210,3422.84,40,3550,50
16,0,210,1049.5,10,5850,450
17,0,210,1037.06,20,4700,100
18,0,210,2095.82,20,3150,450
19,0,210,2066.94,10,4600,100
20,0,210,1688.87,45,8000,100
21,0,210,4461.75,20,2000,100
22,0,210,3578.57,30,9000,450
23,0,210,717.42,40,2750,250
24,0,210,718.11,15,1050,350
25,0,210,1549.92,20,6600,300
26,0,210,4813.79,35,9000,150
27,0,210,3588.83,40,9300,100
28,0,210,2702.21,40,1600,400
29,0,210,4025.81,5,7350,150
30,0,210,4505.34,50,9000,200
31,0,210,959.22,25,8000,250
32,0,210,4770.26,20,1800,300
33,0,210,4407.15,40,9000,250
34,0,210,5006.43,35,9450,450
35,0,210,3817.56,15,9600,400
36,0,210,1514.86,30,5750,50
37,0,210,4460.28,40,6400,200
38,0,210,4234.52,25,5500,500
39,0,210,567.16,5,2450,350
40,0,210,2312.98,25,600,300
41,0,210,4692.48,35,400,200
42,0,210,1188.89,40,1200,400
43,0,210,3522.55,35,1000,250
44,0,210,2005.98,45,8000,500
45,0,210,4494.02,20,2500,250
46,0,210,3258.65,30,800,100
47,0,210,3287.31,5,9450,450
48,0,210,1801.2,5,3850,350
49,0,210,1117.35,50,8800,400
50,0,210,4608.53,30,7000,250
51,0,210,3475.3,40,6900,150
52,0,210,2432.58,30,7700,350
53,0,210,4031.1,35,4800,300
54,0,210,4155.03,50,1800,150
55,0,210,1112.96,25,4500,500
56,0,210,5017.95,45,7600,400
57,0,210,861.21,45,9200,400
58,0,210,4070.41,35,8000,200
59,0,210,4859.98,25,3500,500
60,0,210,3075.31,40,5750,250
61,0,210,4856.78,20,7450,50
62,0,210,626.93,40,1950,150
63,0,210,3635.93,5,8800,100
64,0,210,1135.79,40,3500,350
65,0,210,1968.19,10,4900,350
66,0,210,2819.06,5,6600,100
67,0,210,1415.4,10,3000,300
68,0,210,890.57,25,2000,250
69,0,210,3074.78,35,1400,350
70,0,210,800.91,30,6600,50
71,0,210,2429.06,30,450,450
72,0,210,4484.52,45,2800,350
73,0,210,549.92,30,1200,200
74,0,210,4626.52,45,3000,200
75,0,210,1108.17,45,6750,450
76,0,210,4243.8,5,8000,200
77,0,210,1625.67,5,9200,200
78,0,210,4455.52,10,350,350
79,0,210,2760.06,5,400,100
80,0,210,3725.12,25,6250,250
81,0,210,3894.65,35,9850,50
82,0,210,1061.56,35,3300,150
83,0,210,1737.09,5,3900,300
84,0,210,1574.08,35,650,50
85,0,210,5086.7,50,2200,200
86,0,210,5056.13,45,6300,350
87,0,210,4511.53,5,9150,150
88,0,210,1980.0,35,1600,400
89,0,210,2232.61,45,9000,200
90,0,210,2465.2,45,1250,250
91,0,210,793.88,40,6000,400
92,0,210,2114.96,5,9750,250
93,0,210,1477.72,15,10000,400
94,0,210,2421.13,50,9250,50
95,0,210,3182.23,30,9600,400
96,0,210,1444.35,25,9100,350
97,0,210,3107.58,45,2500,250
98,0,210,3957.5,45,1200,400
99,0,210,1780.01,45,3200,400
100,0,210,2196.52,10,6000,400
101,0,210,1948.44,25,2250,250
102,0,210,2394.24,20,10000,400
103,0,210,1519.69,15,3600,450
104,0,210,3353.96,30,6000,300
105,0,210,779.81,15,4400,200
106,0,210,4600.56,30,4000,250
107,0,210,2804.97,40,4000,250
108,0,210,4703.68,5,3400,50
109,0,210,1321.89,25,3750,250
110,0,210,3523.24,40,2200,50
111,0,210,3433.93,10,6000,500
112,0,210,4409.07,40,5100,300
113,0,210,3510.07,5,4250,250
114,0,210,4117.76,45,7350,350
115,0,210,540.6,15,5800,50
116,0,210,1915.84,45,4400,400
117,0,210,1244.19,25,350,350
118,0,210,3819.77,35,4200,200
119,0,210,4367.54,35,2800,100
120,0,210,3829.62,50,3000,200
121,0,210,600.02,5,4750,250
122,0,210,794.31,10,4600,50
123,0,210,4806.82,40,9000,150
124,0,210,2052.61,30,3900,50
125,0,210,1440.46,20,9800,200
126,0,210,3975.52,45,8400,350
127,0,210,1746.98,10,450,450
128,0,210,2141.72,40,8000,400
129,0,210,1488.86,50,4000,200
130,0,210,4733.99,20,9900,100
131,0,210,2363.5,20,3850,350
132,0,210,5025.96,15,2400,300
133,0,210,1602.14,50,3400,200
134,0,210,2309.61,15,9600,400
135,0,210,1890.12,45,400,100
136,0,210,1145.27,5,8100,450
137,0,210,5156.11,5,7600,400
138,0,210,5047.15,5,3500,350
139,0,210,2208.7,10,8800,400
140,0,210,2998.52,25,3850,50
141,0,210,4455.41,40,9900,300
142,0,210,5072.22,45,8500,500
143,0,210,4470.01,10,700,50
144,0,210,5063.01,30,8150,50
145,0,210,3780.77,5,4200,350
146,0,210,4370.01,10,700,50
147,0,210,1733.0,10,1600,400
148,0,210,1023.16,45,2700,50
149,0,210,1110.93,40,3600,450
150,0,210,4854.47,45,4500,500
151,0,210,2334.96,15,8400,200
152,0,210,3970.65,25,1250,250
153,0,210,1756.69,45,5350,50
154,0,210,2590.15,5,3300,150
155,0,210,1305.24,10,4800,400
156,0,210,1063.79,50,9500,500
157,0,210,4844.84,45,2100,350
158,0,210,2704.57,10,8000,200
159,0,210,1409.8,40,4950,450
160,0,210,933.34,25,9100,50
161,0,210,2814.12,25,4950,450
162,0,210,653.27,45,2250,150
163,0,210,1139.39,45,450,150
164,0,210,1372.48,45,8600,100
165,0,210,1010.99,10,1500,150
166,0,210,3075.23,10,3000,500
167,0,210,3978.46,30,2550,50
168,0,210,2523.37,20,1700,50
169,0,210,3047.59,40,2350,50
170,0,210,826.2,10,4800,400
171,0,210,4067.76,20,250,50
172,0,210,1772.75,40,4000,400
173,0,210,2084.4,35,7200,450
174,0,210,5227.23,35,5500,50
175,0,210,2597.72,25,7250,250
176,0,210,1069.14,5,600,300
177,0,210,4025.06,5,9600,150
178,0,210,3416.18,50,2250,250
179,0,210,595.39,15,5850,450
180,0,210,674.15,30,9000,250
181,0,210,4661.0,15,3800,200
182,0,210,539.39,5,5850,450
183,0,210,3542.3,20,8100,450
184,0,210,610.33,45,4000,500
185,0,210,3453.2,40,8400,400
186,0,210,4671.37,50,1800,300
187,0,210,2385.74,50,4050,450
188,0,210,2718.11,40,6000,300
189,0,210,4338.65,50,3000,300
190,0,210,4074.64,50,6300,300
191,0,210,4181.11,10,5200,200
192,0,210,1509.36,50,4950,150
193,0,210,1199.07,30,1400,350
194,0,210,587.59,35,9100,50
195,0,210,1327.59,10,900,100
196,0,210,3979.98,45,4500,100
197,0,210,2329.3,5,6600,100
198,0,210,2277.46,35,300,150
199,0,210,4609.85,30,4900,350
200,0,210,5144.11,25,2400,400
201,0,210,1767.91,25,5100,300
202,0,210,1346.35,25,6000,300
203,0,210,658.2,40,4400,200
204,0,210,1977.38,25,2800,100
205,0,210,3802.52,10,400,100
206,0,210,1077.46,20,7300,100
207,0,210,1564.73,40,2500,500
208,0,210,881.82,50,3150,350
209,0,210,3787.3,15,6500,100
210,0,210,4409.14,25,8000,500
211,0,210,4742.79,35,2400,300
212,0,210,2134.76,50,3000,500
213,0,210,3235.23,5,1600,50
214,0,210,4299.34,10,3300,300
215,0,210,2417.58,15,2700,50
216,0,210,1484.37,20,7600,400
217,0,210,4847.49,35,600,200
218,0,210,1867.87,5,3800,200
219,0,210,585.11,30,7500,300
220,0,210,1804.25,35,5600,400
221,0,210,4017.66,40,8550,450
222,0,210,2703.96,45,3450,50
223,0,210,2552.11,20,6300,450
224,0,210,4094.64,5,8300,100
225,0,210,2798.02,25,1500,150
226,0,210,3151.7,25,3450,150
227,0,210,1944.45,40,5250,350
228,0,210,3817.68,40,2700,300
229,0,210,1440.61,50,1500,150
230,0,210,2010.77,10,6450,150
231,0,210,1721.46,30,6400,400
232,0,210,4379.28,40,150,150
233,0,210,2950.54,30,5600,200
234,0,210,2215.03,35,9900,450
235,0,210,4858.76,20,900,450
236,0,210,2869.99,40,5500,100
237,0,210,4663.9,40,9300,300
238,0,210,4851.44,15,2400,300
239,0,210,2687.0,15,500,250
240,0,210,2402.62,30,3150,450
241,0,210,2837.98,10,7350,50
242,0,210,2606.77,5,9450,150
243,0,210,1049.1,45,150,150
244,0,210,1433.73,15,1400,350
245,0,210,3166.13,45,4800,300
246,0,210,3354.72,20,2100,150
247,0,210,1588.38,50,1200,300
248,0,210,4956.9,20,7650,450
249,0,210,1779.85,25,8000,500
250,0,210,1195.82,30,3300,150
251,0,210,1955.25,20,7100,100
252,0,210,3229.92,35,8750,350
253,0,210,525.62,15,4800,200
254,0,210,1262.63,45,9900,300
255,0,210,3119.78,5,3000,50
256,0,210,723.69,5,3200,400
257,0,210,2178.87,20,5250,250
258,0,210,1427.87,25,350,350
259,0,210,2527.71,35,6200,200
260,0,210,3155.11,25,8050,350
261,0,210,2132.71,10,2000,400
262,0,210,4152.79,35,8100,450
263,0,210,3812.52,10,9000,450
264,0,210,2766.61,35,8100,300
265,0,210,2548.83,25,8200,100
266,0,210,4138.4,40,3150,350
267,0,210,2900.82,20,3300,150
268,0,210,2014.73,40,2000,500
269,0,210,4083.16,15,9800,350
270,0,210,1392.09,15,5250,350
271,0,210,4848.81,40,500,500
272,0,210,2430.28,20,3750,150
273,0,210,1173.68,40,2000,500
274,0,210,4271.96,5,7600,100
275,0,210,2897.16,10,7200,300
276,0,210,3537.63,35,300,300
277,0,210,2152.96,50,9400,200
278,0,210,1246.6,35,4250,250
279,0,210,2431.8,10,1500,500
280,0,210,4745.51,15,7950,150
281,0,210,947.91,35,5400,450
282,0,210,2957.63,50,3150,450
283,0,210,2438.27,40,2850,150
284,0,210,3121.94,15,6700,100
285,0,210,1954.25,25,9000,300
286,0,210,1022.64,25,6500,250
287,0,210,2961.9,15,2200,100
288,0,210,3590.75,35,4900,350
289,0,210,1223.14,20,4100,100
290,0,210,1865.85,25,6300,300
291,0,210,3136.55,25,8000,500
292,0,210,1387.13,45,8250,250
293,0,210,1922.58,15,6400,200
294,0,210,914.24,50,5700,300
295,0,210,1594.27,20,7800,150
296,0,210,559.8,20,4500,450
297,0,210,5010.96,10,1450,50
298,0,210,3471.39,10,7300,50
299,0,210,1618.41,10,2100,300
300,0,210,4732.31,30,6500,500
301,0,210,1110.38,40,2400,200
302,0,210,4856.73,25,6000,500
303,0,210,4502.68,20,7950,150
304,0,210,1385.77,35,5600,350
305,0,210,3742.08,40,5700,300
306,0,210,3047.6,5,8550,50
307,0,210,2928.71,15,7850,50
308,0,210,3450.85,25,1800,300
309,0,210,3436.71,15,9200,200
310,0,210,3661.64,30,300,150
311,0,210,5074.5,20,9250,250
312,0,210,4096.23,5,2250,450
313,0,210,1006.67,45,7300,100
314,0,210,741.99,10,5500,50
315,0,210,2041.41,40,5400,100
316,0,210,3001.19,10,800,400
317,0,210,4218.23,50,8850,150
318,0,210,1857.87,20,4950,450
319,0,210,3812.02,35,1500,500
320,0,210,2524.74,15,600,200
321,0,210,4400.92,40,1000,500
322,0,210,657.92,40,400,200
323,0,210,4351.52,25,7750,250
324,0,210,4483.89,5,3700,50
325,0,210,1506.43,45,6750,450
326,0,210,3189.0,10,2550,150
327,0,210,1065.0,15,3000,50
328,0,210,5178.47,30,9600,150
329,0,210,4379.96,40,7800,150
330,0,210,1667.65,30,8400,200
331,0,210,4823.25,40,750,150
332,0,210,5200.0,45,9600,300
333,0,210,3881.1,50,3500,100
334,0,210,2017.03,50,500,250
335,0,210,5119.45,35,4950,150
336,0,210,3312.21,5,4950,450
337,0,210,1541.96,10,1650,150
338,0,210,3581.59,25,6000,250
339,0,210,1394.4,30,4000,250
340,0,210,5115.58,15,6500,250
341,0,210,1625.08,25,5600,200
342,0,210,4257.17,40,9600,200
343,0,210,3667.65,35,9600,200
344,0,210,1608.53,40,2500,500
345,0,210,2018.44,5,7250,250
346,0,210,5048.82,25,2700,300
347,0,210,4837.09,20,4800,150
348,0,210,5057.59,30,1600,400
349,0,210,5230.24,35,1800,450
350,0,210,2244.05,50,8250,250
351,0,210,2609.5,50,8050,350
352,0,210,2789.26,35,8500,500
353,0,210,4595.91,45,700,50
354,0,210,2638.85,20,3450,150
355,0,210,2549.62,15,4800,300
356,0,210,1365.89,10,7100,50
357,0,210,4759.71,50,6500,500
358,0,210,2754.08,30,5700,300
359,0,210,4610.04,20,7000,500
360,0,210,2858.17,40,9250,50
361,0,210,3193.72,40,4050,150
362,0,210,554.64,40,6650,350
363,0,210,3854.7,25,8500,500
364,0,210,626.65,30,6000,250
365,0,210,1266.35,50,5000,500
366,0,210,4234.06,20,300,50
367,0,210,3013.22,40,9000,450
368,0,210,1699.93,40,3600,150
369,0,210,4698.19,35,9000,450
370,0,210,2626.83,45,400,200
371,0,210,1428.8,5,5000,500
372,0,210,2511.85,35,2300,50
373,0,210,1592.49,40,8400,350
374,0,210,3561.12,45,8700,300
375,0,210,561.96,45,5700,100
376,0,210,685.31,35,8800,200
377,0,210,727.91,10,7250,250
378,0,210,764.31,10,5500,250
379,0,210,4787.87,10,1400,200
380,0,210,2700.15,5,800,400
381,0,210,4900.92,5,5850,450
382,0,210,3983.83,50,9450,450
383,0,210,949.47,40,2400,150
384,0,210,1457.62,10,8050,350
385,0,210,2005.41,45,9750,150
386,0,210,2385.92,40,8300,100
387,0,210,4079.24,25,900,300
388,0,210,1703.94,30,3850,350
389,0,210,4562.09,20,3900,50
390,0,210,619.59,45,5000,500
391,0,210,1551.75,10,5600,350
392,0,210,1175.42,25,2250,150
393,0,210,3034.97,40,850,50
394,0,210,2333.52,10,6750,250
395,0,210,1204.79,35,8600,100
396,0,210,702.69,10,6000,250
397,0,210,672.64,10,3500,100
398,0,210,4933.26,35,3500,500
399,0,210,1516.4,10,4000,500
400,0,210,3111.47,20,1350,150
401,0,210,4661.74,25,3900,300
402,0,210,3216.22,50,9100,50
403,0,210,4325.38,15,6450,150
404,0,210,3282.5,20,4500,450
405,0,210,4305.1,15,5200,200
406,0,210,4247.06,45,3600,200
407,0,210,1582.7,35,9450,350
408,0,210,4807.94,20,1200,200
409,0,210,4737.12,50,9600,400
410,0,210,3860.88,10,5100,300
411,0,210,4646.49,45,4900,350
412,0,210,4181.95,30,9800,350
413,0,210,5138.86,35,9450,350
414,0,210,2756.71,30,2000,200
415,0,210,5082.84,45,4950,450
416,0,210,1587.82,25,200,50
417,0,210,4140.33,5,5950,350
418,0,210,3118.91,45,9450,450
419,0,210,1635.17,45,9100,350
420,0,210,2844.15,25,2250,150
421,0,210,1697.44,15,8700,150
422,0,210,2303.81,20,3500,50
423,0,210,1224.51,25,9000,250
424,0,210,697.67,30,1200,200
425,0,210,4531.28,40,3600,450
426,0,210,4854.26,15,8300,100
427,0,210,1068.21,15,10000,500
428,0,210,3975.08,5,4500,250
429,0,210,4416.94,15,2000,200
430,0,210,3229.46,35,1800,450
431,0,210,1529.68,50,9000,300
432,0,210,3556.55,10,3600,400
433,0,210,2559.69,10,9000,300
434,0,210,5212.67,15,6900,100
435,0,210,4811.52,15,3200,400
436,0,210,5108.18,10,6250,250
437,0,210,2095.78,25,1400,200
438,0,210,1684.2,45,7650,450
439,0,210,1854.65,10,800,50
440,0,210,3361.2,35,8500,500
441,0,210,4155.44,50,4600,200
442,0,210,4697.24,30,1800,150
443,0,210,1780.84,50,4500,450
444,0,210,4250.13,15,400,100
445,0,210,5125.67,45,2000,400
446,0,210,2294.08,15,1000,500
447,0,210,2291.32,40,6450,150
448,0,210,2772.54,40,7200,450
449,0,210,2200.15,45,9400,200
450,0,210,2525.11,20,4050,150
451,0,210,2608.65,15,6200,100
452,0,210,3982.96,30,2400,300
453,0,210,4853.89,50,4300,100
454,0,210,3658.12,15,7800,300
455,0,210,4624.77,15,600,200
456,0,210,4433.31,5,3000,250
457,0,210,2630.09,50,1000,100
458,0,210,1615.53,5,4950,150
459,0,210,4617.31,30,5400,300
460,0,210,2572.39,40,2450,350
461,0,210,5001.7,30,8500,500
462,0,210,3926.86,45,5200,200
463,0,210,1522.03,35,250,250
464,0,210,2667.06,25,1050,350
465,0,210,4470.22,10,3200,100
466,0,210,584.11,35,5200,400
467,0,210,5223.53,45,5100,300
468,0,210,5157.36,5,8100,150
469,0,210,2289.12,30,10000,500
470,0,210,2837.36,15,1950,150
471,0,210,4702.13,30,9000,300
472,0,210,4708.34,30,6900,300
473,0,210,4674.6,15,2800,200
474,0,210,1093.33,40,5250,350
475,0,210,2348.99,35,9900,450
476,0,210,3045.89,50,4000,250
477,0,210,1315.91,50,2400,150
478,0,210,4929.21,5,2000,100
479,0,210,3412.39,5,400,400
480,0,210,1139.16,5,2500,100
481,0,210,4147.99,30,900,300
482,0,210,2209.3,20,400,400
483,0,210,737.29,20,300,300
484,0,210,1442.13,25,7850,50
485,0,210,2273.76,45,6500,250
486,0,210,5042.04,20,7650,450
487,0,210,4410.98,40,6800,100
488,0,210,3656.67,15,7700,100
489,0,210,773.67,50,6750,450
490,0,210,664.79,30,4800,300
491,0,210,552.11,10,2700,100
492,0,210,1104.72,20,4400,100
493,0,210,4014.84,40,5400,200
494,0,210,3344.05,45,7500,150
495,0,210,2255.7,5,9600,300
496,0,210,3697.11,45,2700,300
497,0,210,2522.58,50,2700,300
498,0,210,1753.44,45,1950,50
499,0,210,1331.61,15,1050,150
500,0,210,4811.34,10,8400,350
501,0,210,3576.46,20,2500,250
502,0,210,2642.0,30,7350,350
503,0,210,2749.0,20,1050,350
504,0,210,3116.04,20,3700,100
505,0,210,3943.68,5,3150,450
506,0,210,3055.36,25,4700,100
507,0,210,2399.15,5,10000,500
508,0,210,1379.51,25,2400,400
509,0,210,1612.1,10,900,300
510,0,210,2147.25,25,900,300
511,0,210,5039.34,20,9450,50
512,0,210,3524.76,20,1200,200
513,0,210,1635.52,30,4000,250
514,0,210,2968.8,25,9200,400
515,0,210,4455.14,20,2000,250
516,0,210,2843.74,50,4200,150
517,0,210,4278.62,30,4000,500
518,0,210,1873.22,50,5500,250
519,0,210,3803.66,25,8500,250
520,0,210,1533.03,25,10000,250
521,0,210,1449.14,25,8200,50
522,0,210,973.24,20,800,400
523,0,210,2900.27,45,5250,250
524,0,210,2488.77,50,1400,350
525,0,210,2679.76,40,2250,450
526,0,210,3488.99,20,9500,500
527,0,210,2061.23,30,4950,450
528,0,210,4073.0,30,2500,500
529,0,210,3247.15,5,200,200
530,0,210,3798.6,40,3150,450
531,0,210,1239.89,30,6450,150
532,0,210,4939.21,30,2800,400
533,0,210,740.83,30,8100,300
534,0,210,2904.21,20,1500,150
535,0,210,1543.67,5,2700,150
536,0,210,2379.42,30,3300,100
537,0,210,1019.09,10,3300,150
538,0,210,4425.78,35,8650,50
539,0,210,2044.69,10,3900,50
540,0,210,730.34,20,7000,250
541,0,210,1739.75,30,7200,400
542,0,210,2935.22,20,4200,100
543,0,210,3696.22,5,8700,300
544,0,210,3851.11,30,9300,100
545,0,210,3078.05,20,2800,200
546,0,210,4793.4,5,3000,250
547,0,210,3817.64,10,3900,300
548,0,210,3485.16,45,9900,150
549,0,210,744.25,40,9200,400
550,0,210,3527.44,20,7650,450
551,0,210,2410.35,5,9000,300
552,0,210,3668.62,45,8000,500
553,0,210,1463.49,30,6900,150
554,0,210,1885.85,15,9800,350
555,0,210,3767.12,50,10000,200
556,0,210,3222.78,25,9000,300
557,0,210,1855.32,5,2700,450
558,0,210,2609.02,35,6300,300
559,0,210,1562.47,10,9400,100
560,0,210,4843.21,50,900,450
561,0,210,3950.4,5,4500,450
562,0,210,3352.51,15,600,100
563,0,210,1761.38,5,3900,150
564,0,210,1172.91,35,5000,500
565,0,210,3557.01,15,3500,500
566,0,210,2850.72,30,1500,500
567,0,210,659.06,45,8750,250
568,0,210,1647.05,5,9450,350
569,0,210,1089.63,50,1650,150
570,0,210,1783.3,35,5450,50
571,0,210,739.16,35,200,100
572,0,210,3246.78,15,9750,50
573,0,210,4147.36,10,2000,500
574,0,210,707.03,50,9900,450
575,0,210,562.89,40,3650,50
576,0,210,2024.65,40,4500,300
577,0,210,579.46,10,3850,350
578,0,210,2140.41,50,6500,500
579,0,210,3576.66,5,1800,450
580,0,210,5239.12,15,5950,350
581,0,210,3625.64,20,5900,100
582,0,210,4988.61,20,3000,300
583,0,210,950.61,10,6000,250
584,0,210,3935.59,10,3500,500
585,0,210,1393.53,40,8800,100
586,0,210,3121.33,20,3500,100
587,0,210,1685.68,5,9600,300
588,0,210,2836.56,40,7700,350
589,0,210,2035.87,25,6600,200
590,0,210,4640.86,20,9900,450
591,0,210,3676.53,50,3500,250
592,0,210,1228.42,30,4800,150
593,0,210,2164.9,20,1750,350
594,0,210,3328.12,15,3900,150
595,0,210,2593.04,45,3650,50
596,0,210,2807.18,45,5500,50
597,0,210,3716.48,15,3600,450
598,0,210,3853.86,10,550,50
599,0,210,3142.65,25,2000,250
600,0,210,4870.93,40,5400,100
601,0,210,1301.39,50,4300,100
602,0,210,3892.9,10,2500,250
603,0,210,2001.25,20,7000,350
604,0,210,2296.31,15,3000,150
605,0,210,3831.36,45,5800,100
606,0,210,1653.48,10,6000,150
607,0,210,1474.98,40,800,400
608,0,210,3936.54,45,5600,350
609,0,210,3007.25,35,5600,400
610,0,210,2834.64,20,5900,100
611,0,210,4280.46,15,3000,500
612,0,210,2378.63,5,5700,100
613,0,210,4432.04,20,2400,300
614,0,210,1023.78,20,4500,450
615,0,210,1256.07,10,500,50
616,0,210,3372.04,45,1900,100
617,0,210,860.94,20,3600,50
618,0,210,4772.15,50,8000,200
619,0,210,1616.58,5,900,300
620,0,210,3891.52,20,3600,400
621,0,210,3351.22,10,8800,400
622,0,210,5035.63,30,8100,300
623,0,210,4163.8,50,3000,300
624,0,210,1521.5,25,8000,500
625,0,210,5099.3,40,4350,150
626,0,210,3468.35,45,9500,500
627,0,210,1590.71,35,3000,300
628,0,210,4449.57,35,3300,150
629,0,210,3177.46,5,1500,500
630,0,210,4706.63,20,2850,150
631,0,210,1341.44,30,4000,500
632,0,210,1906.52,50,2000,500
633,0,210,4932.87,15,7500,500
634,0,210,3355.79,5,7000,200
635,0,210,3964.84,25,3300,300
636,0,210,1365.47,50,8550,450
637,0,210,2511.18,25,600,300
638,0,210,1117.23,50,1500,300
639,0,210,2748.91,25,8000,250
640,0,210,2562.63,5,3500,500
641,0,210,2917.5,10,6400,100
642,0,210,4443.41,20,450,450
643,0,210,2273.74,50,6250,250
644,0,210,5202.05,45,5400,150
645,0,210,2576.89,50,9000,300
646,0,210,5083.1,30,7500,100
647,0,210,1545.37,5,7000,500
648,0,210,732.03,10,4000,400
649,0,210,3257.23,30,5500,100
650,0,210,2579.53,50,4000,250
651,0,210,773.15,10,5950,350
652,0,210,2530.6,5,6600,100
653,0,210,841.67,40,9000,450
654,0,210,4933.8,30,3150,350
655,0,210,1077.99,10,9600,300
656,0,210,3462.52,15,9900,300
657,0,210,1288.37,40,1750,250
658,0,210,5071.16,5,9700,100
659,0,210,4219.16,30,6400,400
660,0,210,4920.47,45,4500,150
661,0,210,4714.9,40,7800,100
662,0,210,1622.64,30,9000,450
663,0,210,526.97,15,4200,350
664,0,210,1587.71,10,9600,200
665,0,210,2494.87,40,4900,350
666,0,210,4959.46,30,5400,150
667,0,210,4103.93,25,6500,500
668,0,210,4609.89,10,8450,50
669,0,210,3904.24,35,8100,450
670,0,210,2492.83,5,5850,450
671,0,210,631.89,10,3600,200
672,0,210,1588.44,50,8600,200
673,0,210,4904.91,15,8800,200
674,0,210,3726.54,15,9100,350
675,0,210,3872.58,35,4800,100
676,0,210,2233.02,30,3900,300
677,0,210,652.88,25,9500,500
678,0,210,2049.89,50,1200,400
679,0,210,1149.2,30,3200,200
680,0,210,1935.54,5,2000,250
681,0,210,1568.78,15,2700,150
682,0,210,2108.46,10,6000,300
683,0,210,2796.36,5,1400,200
684,0,210,2653.32,5,3500,350
685,0,210,3357.98,20,4000,500
686,0,210,1715.23,35,4250,250
687,0,210,4216.05,25,1350,50
688,0,210,3688.73,10,6700,100
689,0,210,3117.98,5,9450,350
690,0,210,1539.49,50,5750,250
691,0,210,4652.06,35,6000,500
692,0,210,2528.06,5,3000,500
693,0,210,2470.46,10,900,300
694,0,210,2411.11,20,7800,300
695,0,210,4720.32,30,1400,350
696,0,210,3376.83,5,7600,400
697,0,210,4805.56,10,1900,50
698,0,210,2052.63,15,3600,200
699,0,210,3957.72,20,3900,300
700,0,210,2679.23,5,4950,450
701,0,210,4275.91,50,10000,500
702,0,210,3051.71,25,9900,450
703,0,210,751.91,20,7250,250
704,0,210,1234.21,45,4950,450
705,0,210,1977.75,25,4800,50
706,0,210,1361.36,10,5950,50
707,0,210,1739.49,45,2400,400
708,0,210,2745.53,5,2100,100
709,0,210,4431.9,20,9450,450
710,0,210,4940.56,45,7300,100
711,0,210,5235.28,10,800,200
712,0,210,1168.51,25,4200,300
713,0,210,2001.8,5,7500,250
714,0,210,4572.67,5,4050,50
715,0,210,3579.86,30,8050,350
716,0,210,1740.77,40,5100,100
717,0,210,5211.39,15,3600,400
718,0,210,3174.17,50,6000,200
719,0,210,2043.26,50,2250,150
720,0,210,2459.58,25,1000,500
721,0,210,4300.08,15,10000,50
722,0,210,2006.3,45,4200,300
723,0,210,4672.01,10,600,200
724,0,210,4518.37,20,9350,50
725,0,210,852.51,35,7600,50
726,0,210,2851.92,30,7500,250
727,0,210,2517.11,15,3000,150
728,0,210,2089.66,35,4000,400
729,0,210,5190.47,40,1200,400
730,0,210,4895.29,50,7200,150
731,0,210,4405.55,15,4050,150
732,0,210,1067.25,15,700,350
733,0,210,1889.53,50,9200,400
734,0,210,3392.17,30,3950,50
735,0,210,3942.74,5,450,450
736,0,210,2979.85,25,5850,450
737,0,210,3907.92,15,9450,450
738,0,210,1942.7,40,4500,100
739,0,210,3233.39,10,5750,250
740,0,210,3688.88,35,4200,350
741,0,210,3965.07,15,8750,250
742,0,210,2929.68,40,1600,200
743,0,210,1183.36,50,4950,450
744,0,210,4507.81,35,1050,50
745,0,210,5082.36,35,6550,50
746,0,210,2109.64,10,1800,200
747,0,210,719.94,50,3200,400
748,0,210,5030.6,15,7600,400
749,0,210,5073.6,20,5000,200
750,0,210,3894.25,25,8100,100
751,0,210,4218.17,20,2500,500
752,0,210,3656.71,35,450,450
753,0,210,3497.74,5,2600,50
754,0,210,2984.55,45,9000,250
755,0,210,4220.49,10,7000,250
756,0,210,3450.2,35,3400,50
757,0,210,5086.18,20,2100,300
758,0,210,870.57,5,3150,150
759,0,210,4887.48,35,4000,50
760,0,210,2070.42,15,5250,350
761,0,210,3107.45,5,5000,50
762,0,210,2858.69,50,1050,150
763,0,210,941.93,45,3750,250
764,0,210,1211.76,40,7650,450
765,0,210,1731.43,50,8500,500
766,0,210,2714.4,20,500,250
767,0,210,1518.97,40,3750,250
768,0,210,4839.98,50,7650,450
769,0,210,4155.9,15,9000,250
770,0,210,4532.9,50,1200,150
771,0,210,2059.61,10,3200,50
772,0,210,3862.67,10,7000,500
773,0,210,1932.75,50,8950,50
774,0,210,3874.94,20,2250,450
775,0,210,1110.24,5,3800,200
776,0,210,1571.25,5,8200,100
777,0,210,931.36,5,800,400
778,0,210,1405.63,25,7650,450
779,0,210,2965.57,50,6750,250
780,0,210,1892.05,30,1800,200
781,0,210,1251.81,45,250,250
782,0,210,4148.46,5,6650,350
783,0,210,3792.6,30,7250,50
784,0,210,608.96,45,750,250
785,0,210,4325.11,10,3500,500
786,0,210,2542.2,15,1750,350
787,0,210,1397.92,10,8400,350
788,0,210,820.23,10,1500,300
789,0,210,2313.3,50,6750,150
790,0,210,1263.19,50,9000,50
791,0,210,2651.12,50,9000,450
792,0,210,3016.78,15,8000,500
793,0,210,4146.72,40,5000,100
794,0,210,2225.31,25,9300,300
795,0,210,2576.51,45,500,500
796,0,210,5219.63,45,8000,100
797,0,210,1335.9,20,1200,150
798,0,210,3545.48,5,1700,100
799,0,210,3625.93,25,600,200
800,0,210,1363.89,5,7000,500
801,0,210,3495.77,5,900,450
802,0,210,2661.79,35,4400,200
803,0,210,1894.88,40,6400,100
804,0,210,3916.84,20,8400,200
805,0,210,4194.5,20,5500,100
806,0,210,1242.15,20,1200,400
807,0,210,4069.74,35,9800,100
808,0,210,3317.6,25,4400,400
809,0,210,2339.59,25,4250,250
810,0,210,4795.63,10,4350,150
811,0,210,1868.37,15,4800,300
812,0,210,3625.89,30,4400,400
813,0,210,1138.67,25,6500,500
814,0,210,5174.18,45,4000,500
815,0,210,836.67,15,9300,300
816,0,210,4442.34,30,3450,150
817,0,210,1172.44,20,3800,200
818,0,210,5027.23,25,450,450
819,0,210,1913.61,25,6400,400
820,0,210,2337.9,5,7200,450
821,0,210,4117.43,45,1950,150
822,0,210,1521.53,30,7000,250
823,0,210,4277.25,45,9900,450
824,0,210,4704.84,25,5200,200
825,0,210,1130.85,45,1800,100
826,0,210,2563.92,25,6250,250
827,0,210,3484.14,40,10000,400
828,0,210,1691.83,10,5250,250
829,0,210,4960.22,15,1200,150
830,0,210,2289.34,30,900,300
831,0,210,1439.76,20,4550,350
832,0,210,2535.59,45,2400,200
833,0,210,565.21,20,4800,400
834,0,210,3226.73,5,4200,150
835,0,210,2212.35,35,8550,450
836,0,210,1626.63,20,1400,350
837,0,210,889.12,30,6000,400
838,0,210,2455.27,50,3000,150
839,0,210,777.74,25,8600,200
840,0,210,4246.55,30,1600,200
841,0,210,2242.64,20,6500,250
842,0,210,813.39,50,9450,150
843,0,210,4857.63,25,8100,450
844,0,210,939.5,50,6500,500
845,0,210,2312.3,50,6200,200
846,0,210,4448.18,25,6250,250
847,0,210,2438.79,25,6600,150
848,0,210,1555.08,50,6200,200
849,0,210,2831.1,20,3500,350
850,0,210,2167.6,50,9400,200
851,0,210,4910.8,35,9000,250
852,0,210,3750.5,40,3000,250
853,0,210,3998.85,5,5550,150
854,0,210,1282.99,20,7500,300
855,0,210,2809.64,50,8200,100
856,0,210,2264.14,40,1500,150
857,0,210,2464.74,45,5200,400
858,0,210,1454.52,50,4800,100
859,0,210,1904.81,40,250,250
860,0,210,3523.37,45,1200,300
861,0,210,4684.63,40,2500,250
862,0,210,3401.82,45,2000,100
863,0,210,4967.4,35,1000,200
864,0,210,698.77,10,3200,200
865,0,210,1315.5,40,1900,100
866,0,210,2867.57,45,3000,300
867,0,210,3006.59,40,5200,400
868,0,210,1342.61,45,9450,450
869,0,210,4234.62,35,1750,350
870,0,210,546.38,5,6300,350
871,0,210,1962.13,15,9200,400
872,0,210,1298.75,5,7200,450
873,0,210,2070.98,35,500,250
874,0,210,1991.43,25,4550,350
875,0,210,2165.28,45,1600,400
876,0,210,1746.78,30,4400,50
877,0,210,1986.33,50,7700,350
878,0,210,5136.61,45,7000,350
879,0,210,3805.66,30,3150,50
880,0,210,867.59,20,2700,450
881,0,210,4143.54,50,8400,300
882,0,210,1421.29,5,1250,250
883,0,210,2966.63,15,1800,450
884,0,210,5018.12,40,7500,250
885,0,210,999.55,15,3500,350
886,0,210,2330.59,50,9200,400
887,0,210,4216.57,30,3750,250
888,0,210,5077.68,25,8600,200
889,0,210,3785.65,50,4200,350
890,0,210,3938.36,15,7800,150
891,0,210,4868.65,5,7200,400
892,0,210,653.33,20,9000,300
893,0,210,4037.35,50,9750,250
894,0,210,5215.62,40,9900,450
895,0,210,5246.54,15,5250,250
896,0,210,3631.81,5,450,450
897,0,210,4836.52,45,5000,50
898,0,210,2141.67,30,4950,450
899,0,210,4793.56,15,4400,200
900,0,210,4540.65,25,9600,400
901,0,210,1278.26,10,5500,500
902,0,210,2505.67,25,2700,450
903,0,210,562.86,45,3850,50
904,0,210,3305.79,50,800,400
905,0,210,2299.92,20,3450,150
906,0,210,2336.01,50,5850,150
907,0,210,4625.94,35,5600,400
908,0,210,2818.24,35,300,300
909,0,210,1734.83,15,4200,50
910,0,210,1919.98,35,5000,250
911,0,210,2437.25,25,9000,500
912,0,210,747.47,10,3500,250
913,0,210,4903.31,50,900,300
914,0,210,2351.29,15,4700,100
915,0,210,992.14,10,7200,400
916,0,210,863.69,35,8000,500
917,0,210,4428.28,40,300,300
918,0,210,3867.96,20,8100,50
919,0,210,3765.88,25,4500,300
920,0,210,3706.89,40,7500,150
921,0,210,2138.2,25,6600,200
922,0,210,3617.98,5,7500,150
923,0,210,4570.99,40,6450,50
924,0,210,2589.86,25,1350,450
925,0,210,3819.56,30,7800,300
926,0,210,4665.33,10,9000,300
927,0,210,2695.68,20,3950,50
928,0,210,1472.77,15,6300,450
929,0,210,3356.74,20,8750,250
930,0,210,798.87,5,6250,250
931,0,210,3885.66,10,6300,300
932,0,210,5096.97,10,1000,100
933,0,210,1146.49,35,4800,50
934,0,210,931.49,15,5850,50
935,0,210,4806.89,25,9400,200
936,0,210,2640.19,15,7200,100
937,0,210,2449.61,50,7050,150
938,0,210,952.15,45,4200,100
939,0,210,1151.87,50,4500,50
940,0,210,3955.94,35,9900,300
941,0,210,2767.34,50,5000,200
942,0,210,4618.2,30,4800,400
943,0,210,2851.82,40,500,500
944,0,210,3184.51,30,5200,400
945,0,210,5130.05,15,9600,300
946,0,210,1350.59,15,5750,250
947,0,210,2057.31,45,5750,250
948,0,210,4397.93,15,8500,100
949,0,210,785.49,30,7200,400
950,0,210,2519.4,20,10000,50
951,0,210,4924.93,25,7200,300
952,0,210,2966.64,35,8100,300
953,0,210,699.33,50,9900,50
954,0,210,1557.13,25,6000,500
955,0,210,1997.29,35,4950,450
956,0,210,610.18,15,1350,450
957,0,210,2105.43,30,2250,150
958,0,210,2012.42,30,6650,350
959,0,210,2389.12,50,5600,100
960,0,210,4519.44,45,4800,400
961,0,210,1143.25,10,8700,300
962,0,210,2506.56,40,4900,350
963,0,210,1841.67,40,3250,50
964,0,210,3463.07,30,6250,250
965,0,210,1970.01,30,8750,250
966,0,210,2380.32,30,4400,200
967,0,210,5133.24,35,5500,500
968,0,210,3565.42,30,4200,300
969,0,210,1085.06,50,6800,400
970,0,210,2043.62,5,4800,200
971,0,210,1258.01,25,8500,500
972,0,210,3268.5,45,5600,100
973,0,210,1203.91,40,4500,500
974,0,210,5115.54,50,6300,450
975,0,210,2410.93,10,9600,400
976,0,210,4340.71,45,1100,100
977,0,210,5069.53,35,350,50
978,0,210,1092.19,35,6750,450
979,0,210,2666.01,25,4800,200
980,0,210,4594.4,15,1800,450
981,0,210,1013.35,10,3600,450
982,0,210,1779.81,20,7700,350
983,0,210,5185.63,45,6800,400
984,0,210,3025.25,45,9250,50
985,0,210,4053.36,20,800,400
986,0,210,1555.84,40,3200,400
987,0,210,2198.2,15,7650,150
988,0,210,835.57,15,1750,50
989,0,210,3692.11,25,8550,450
990,0,210,845.23,45,8750,250
991,0,210,4606.9,50,9000,450
992,0,210,704.26,35,150,50
993,0,210,5051.71,40,3300,300
994,0,210,674.6,35,800,200
995,0,210,741.8,5,500,500
996,0,210,1940.8,50,9400,200
997,0,210,5058.73,50,10000,400
998,0,210,3741.74,50,9000,450
999,0,210,2542.94,45,4800,300
1000,0,210,3335.89,25,4000,500
1001,0,210,541.12,15,2250,450
1002,0,210,737.94,25,6900,50
1003,0,210,1986.93,10,1500,300
1004,0,210,1896.12,15,4000,400
1005,0,210,2250.02,35,1500,150
1006,0,210,985.68,30,5800,100
1007,0,210,769.4,50,4000,250
1008,0,210,4000.23,15,800,400
1009,0,210,5193.59,5,5600,200
1010,0,210,1079.07,50,7950,150
1011,0,210,2206.03,40,8800,400
1012,0,210,4089.46,45,6500,50
1013,0,210,2695.75,50,7650,450
1014,0,210,2564.72,30,2800,100
1015,0,210,789.42,45,7350,350
1016,0,210,4129.48,35,8500,250
1017,0,210,4016.94,50,4200,300
1018,0,210,700.4,20,1000,500
1019,0,210,4839.5,15,600,300
1020,0,210,606.4,30,5850,150
1021,0,210,1199.69,45,3150,350
1022,0,210,3354.0,25,3200,400
1023,0,210,4834.9,20,3400,50
1024,0,210,2844.38,30,9600,400
1025,0,210,901.4,10,1500,300
1026,0,210,2080.37,25,6300,350
1027,0,210,3187.67,40,4050,150
1028,0,210,4682.29,20,7800,150
1029,0,210,726.78,35,3400,50
1030,0,210,1688.49,50,4250,250
1031,0,210,3874.1,5,4550,350
1032,0,210,1646.97,5,1200,100
1033,0,210,2197.51,10,7200,300
1034,0,210,1986.41,35,5000,250
1035,0,210,2083.9,15,3000,300
1036,0,210,4010.56,50,7000,350
1037,0,210,1296.65,5,2000,250
1038,0,210,4941.64,30,4650,150
1039,0,210,4600.38,5,9000,450
1040,0,210,844.47,10,9000,250
1041,0,210,1475.18,15,4500,450
1042,0,210,2369.24,10,6500,500
1043,0,210,2949.06,45,9450,150
1044,0,210,5007.3,45,800,200
1045,0,210,4233.33,45,5200,400
1046,0,210,3210.31,35,4750,250
1047,0,210,902.26,10,1350,150
1048,0,210,1879.53,25,1800,300
1049,0,210,3264.07,50,5500,500
1050,0,210,3538.34,20,8850,50
1051,0,210,4202.16,45,9000,250
1052,0,210,2657.08,15,6750,150
1053,0,210,3421.28,25,2100,350
1054,0,210,880.82,5,7950,150
1055,0,210,3214.75,45,550,50
1056,0,210,1391.66,25,450,450
1057,0,210,725.19,50,4100,50
1058,0,210,3243.75,10,5400,100
1059,0,210,2852.3,5,4250,250
1060,0,210,3515.03,10,1500,300
1061,0,210,1367.53,40,7500,150
1062,0,210,2126.41,20,7000,100
1063,0,210,2901.81,5,5200,400
1064,0,210,634.95,15,6600,100
1065,0,210,1753.77,5,10000,250
1066,0,210,1664.06,5,7500,50
1067,0,210,1996.82,20,7000,500
1068,0,210,2640.15,30,1500,300
1069,0,210,2820.25,40,6200,100
1070,0,210,2310.87,30,50,50
1071,0,210,3970.25,30,3650,50
1072,0,210,1901.97,40,9000,450
1073,0,210,4288.34,20,2000,500
1074,0,210,2850.71,50,5000,200
1075,0,210,600.7,40,6750,250
1076,0,210,4234.93,35,9000,300
1077,0,210,4843.44,20,8700,50
1078,0,210,4198.37,25,1350,450
1079,0,210,3989.68,20,9300,300
1080,0,210,1404.04,50,4700,50
1081,0,210,1151.1,20,7350,350
1082,0,210,3178.45,50,6600,300
1083,0,210,3357.29,20,7400,100
1084,0,210,941.1,5,7650,150
1085,0,210,2247.92,20,2650,50
1086,0,210,2269.69,50,2100,150
1087,0,210,4543.87,30,2450,350
1088,0,210,2232.62,15,950,50
1089,0,210,4969.55,5,4400,200
1090,0,210,4602.12,30,4000,250
1091,0,210,3380.14,35,2100,300
1092,0,210,1566.79,30,2200,200
1093,0,210,3653.55,35,3600,400
1094,0,210,1294.51,5,8500,500
1095,0,210,3963.25,20,9900,450
1096,0,210,4877.06,35,3150,350
1097,0,210,3404.3,35,2600,200
1098,0,210,744.69,45,7400,100
1099,0,210,3876.27,30,1250,250
1100,0,210,3294.79,5,9450,50
1101,0,210,1482.73,5,9900,150
1102,0,210,3010.14,35,5200,400
1103,0,210,688.72,15,5200,400
1104,0,210,3648.5,15,8100,300
1105,0,210,608.21,10,800,200
1106,0,210,1966.5,5,5000,200
1107,0,210,3200.49,50,6150,150
1108,0,210,2872.15,30,3600,100
1109,0,210,4560.13,35,500,500
1110,0,210,3431.33,35,8200,200
1111,0,210,2541.72,30,400,400
1112,0,210,3185.1,50,1350,450
1113,0,210,3166.74,45,4500,450
1114,0,210,4915.77,30,2900,50
1115,0,210,4716.16,35,1300,50
1116,0,210,4256.02,50,2250,250
1117,0,210,1018.65,5,2250,50
1118,0,210,791.46,35,5500,500
1119,0,210,4100.48,10,1400,100
1120,0,210,3063.5,40,2500,500
1121,0,210,2494.55,20,6750,450
1122,0,210,1060.37,50,9750,50
1123,0,210,4212.04,10,1500,250
1124,0,210,3815.69,15,5350,50
1125,0,210,2711.66,35,5500,500
1126,0,210,4664.9,25,2400,400
1127,0,210,3057.59,15,6750,450
1128,0,210,2491.5,40,8000,500
1129,0,210,938.36,50,1500,150
1130,0,210,575.84,10,2400,200
1131,0,210,2125.48,10,500,250
1132,0,210,5065.94,40,8400,200
1133,0,210,1031.51,25,4650,150
1134,0,210,3745.65,10,9000,300
1135,0,210,3583.77,20,5500,500
1136,0,210,1457.0,50,2000,400
1137,0,210,1261.05,45,10000,250
1138,0,210,714.62,30,4000,100
1139,0,210,2771.85,20,2100,300
1140,0,210,1506.62,50,4800,400
1141,0,210,4234.21,40,8800,200
1142,0,210,957.26,30,150,50
1143,0,210,1972.97,45,2450,350
1144,0,210,3058.24,35,4400,400
1145,0,210,2032.03,5,7700,350
1146,0,210,2606.61,5,6450,150
1147,0,210,580.23,30,5100,100
1148,0,210,3168.45,20,3300,100
1149,0,210,5070.48,35,8700,300
1150,0,210,2493.9,10,7900,100
1151,0,210,1818.58,20,2100,150
1152,0,210,2840.21,50,6300,350
1153,0,210,3648.85,35,6450,50
1154,0,210,890.91,5,2850,150
1155,0,210,585.25,15,8800,200
1156,0,210,2915.13,40,8500,250
1157,0,210,1572.89,25,9750,250
1158,0,210,3317.83,25,5500,250
1159,0,210,2021.06,30,5800,100
1160,0,210,2937.38,35,1800,450
1161,0,210,1365.03,15,7000,350
1162,0,210,2878.81,45,4000,200
1163,0,210,2300.34,40,2250,250
1164,0,210,626.63,15,200,100
1165,0,210,4849.43,50,7200,450
1166,0,210,2187.97,10,5350,50
1167,0,210,4876.67,25,2800,400
1168,0,210,3772.62,5,1200,300
1169,0,210,3124.18,10,4800,100
1170,0,210,1648.1,15,6500,250
1171,0,210,3672.13,40,5250,250
1172,0,210,4938.78,25,9450,350
1173,0,210,808.2,5,1500,500
1174,0,210,3694.82,20,9600,400
1175,0,210,1722.53,40,2500,500
1176,0,210,1662.43,25,5600,350
1177,0,210,1325.37,10,8900,100
1178,0,210,2293.53,35,5150,50
1179,0,210,1491.08,50,3000,300
1180,0,210,3089.1,50,4950,450
1181,0,210,2838.38,15,9750,250
1182,0,210,2576.62,10,750,150
1183,0,210,2287.96,50,9400,200
1184,0,210,1778.37,30,5200,200
1185,0,210,2469.73,45,2100,350
1186,0,210,2108.63,10,5500,500
1187,0,210,2433.44,35,2400,200
1188,0,210,2818.87,45,1600,400
1189,0,210,1722.49,30,6550,50
1190,0,210,2291.66,45,8550,450
1191,0,210,3801.93,50,2100,150
1192,0,210,3939.78,15,250,250
1193,0,210,1288.27,10,3750,150
1194,0,210,5023.67,35,9000,450
1195,0,210,2209.42,15,9900,450
1196,0,210,4581.46,40,2400,100
1197,0,210,1779.85,5,9000,250
1198,0,210,1697.02,45,5000,500
1199,0,210,3806.96,30,1600,400
1200,0,210,3762.69,45,3600,400
1201,0,210,3301.06,25,8100,450
1202,0,210,4149.95,20,4250,50
1203,0,210,3692.57,15,4000,100
1204,0,210,3281.91,35,3650,50
1205,0,210,1491.33,40,3050,50
1206,0,210,1808.36,30,6650,350
1207,0,210,4704.08,40,4800,400
1208,0,210,4440.08,5,5750,250
1209,0,210,1307.51,15,8300,50
1210,0,210,3305.33,35,6300,150
1211,0,210,3155.48,15,9500,500
1212,0,210,647.71,50,800,200
1213,0,210,3655.32,45,4400,400
1214,0,210,4291.13,25,5950,350
1215,0,210,579.18,40,9450,150
1216,0,210,1353.29,30,3850,350
1217,0,210,5033.04,45,2000,100
1218,0,210,1920.93,20,500,250
1219,0,210,1311.72,25,2550,50
1220,0,210,4605.96,20,7000,350
1221,0,210,3099.94,5,9000,500
1222,0,210,1682.92,15,4800,400
1223,0,210,3010.5,40,3300,150
1224,0,210,939.7,15,1750,350
1225,0,210,1081.88,25,750,150
1226,0,210,4754.22,40,7700,350
1227,0,210,1363.93,5,1050,350
1228,0,210,1491.61,25,7200,150
1229,0,210,3926.58,30,8050,350
1230,0,210,1872.13,5,3400,200
1231,0,210,1907.49,15,1900,100
1232,0,210,2941.74,30,2250,450
1233,0,210,3846.21,25,7700,350
1234,0,210,4433.23,40,5800,200
1235,0,210,3508.34,35,4050,450
1236,0,210,5037.09,25,9750,250
1237,0,210,4859.57,35,6900,300
1238,0,210,1782.8,45,900,300
1239,0,210,3130.8,45,2600,200
1240,0,210,2737.06,10,3750,150
1241,0,210,3646.54,15,6000,500
1242,0,210,2982.07,40,6850,50
1243,0,210,620.36,40,8400,200
1244,0,210,2593.11,35,4250,250
1245,0,210,4677.21,15,1200,100
1246,0,210,4765.81,20,5500,100
1247,0,210,1143.6,15,9300,150
1248,0,210,4299.95,35,7500,300
1249,0,210,1103.25,30,7800,150
1250,0,210,1452.73,5,4200,150
1251,0,210,3471.55,20,2800,350
1252,0,210,1755.76,20,850,50
1253,0,210,4098.94,40,1600,100
1254,0,210,1371.24,30,700,100
1255,0,210,4819.1,5,1350,450
1256,0,210,1269.09,50,8550,450
1257,0,210,4889.49,10,900,450
1258,0,210,4913.03,40,6400,400
1259,0,210,977.75,45,8000,50
1260,0,210,2574.79,25,2600,200
1261,0,210,4128.91,30,7600,400
1262,0,210,3277.0,45,2600,200
1263,0,210,3004.39,40,450,450
1264,0,210,1721.49,20,7800,200
1265,0,210,2315.29,25,10000,100
1266,0,210,4990.95,35,6400,400
1267,0,210,1953.52,25,8000,500
1268,0,210,4018.23,35,7700,350
1269,0,210,855.62,15,3450,150
1270,0,210,2798.73,50,9000,250
1271,0,210,2140.42,40,8500,250
1272,0,210,2152.65,10,8500,500
1273,0,210,1967.9,35,9800,200
1274,0,210,1400.09,15,3000,150
1275,0,210,2447.8,40,3100,100
1276,0,210,2168.2,5,9000,50
1277,0,210,5057.96,15,9750,250
1278,0,210,4455.94,40,3000,300
1279,0,210,3638.37,10,7200,100
1280,0,210,5163.05,50,3700,50
1281,0,210,1933.42,5,2000,400
1282,0,210,1021.44,15,4500,100
1283,0,210,1510.86,35,7900,100
1284,0,210,3772.97,40,600,300
1285,0,210,1567.43,5,3900,150
1286,0,210,1019.38,35,6650,350
1287,0,210,1337.11,30,9800,350
1288,0,210,525.86,25,7600,400
1289,0,210,1724.6,40,800,400
1290,0,210,3991.44,25,3900,50
1291,0,210,3967.42,30,8750,50
1292,0,210,3180.32,30,900,450
1293,0,210,4311.6,40,5200,200
1294,0,210,2714.71,5,9400,200
1295,0,210,3767.06,15,9600,300
1296,0,210,4135.84,20,6400,200
1297,0,210,1215.02,20,6900,300
1298,0,210,5146.17,15,8750,250
1299,0,210,746.09,30,6000,150
1300,0,210,2977.07,20,6500,500
1301,0,210,3863.87,35,1750,250
1302,0,210,1457.36,50,6250,50
1303,0,210,895.21,10,2400,400
1304,0,210,3639.59,10,6500,250
1305,0,210,754.39,45,8250,150
1306,0,210,1371.94,15,750,250
1307,0,210,2365.05,10,7600,50
1308,0,210,2734.93,20,9500,250
1309,0,210,1224.44,35,9800,200
1310,0,210,2418.65,40,2300,100
1311,0,210,2926.41,50,2200,100
1312,0,210,4471.98,45,700,350
1313,0,210,2465.21,15,8700,300
1314,0,210,4861.98,25,1050,350
1315,0,210,2723.96,25,6000,500
1316,0,210,3112.61,50,6300,450
1317,0,210,4982.54,5,7000,350
1318,0,210,4798.25,5,6000,500
1319,0,210,4685.92,45,8800,100
1320,0,210,1473.83,35,8500,50
1321,0,210,3270.55,50,2000,500
1322,0,210,854.5,50,5400,450
1323,0,210,777.14,25,5100,150
1324,0,210,1689.06,35,9500,500
1325,0,210,1309.89,10,5000,250
1326,0,210,2677.73,30,7000,50
1327,0,210,3158.2,45,8000,250
1328,0,210,3665.91,5,900,450
1329,0,210,3278.23,30,7200,300
1330,0,210,1051.94,40,2100,300
1331,0,210,4487.95,30,5600,100
1332,0,210,4153.13,35,200,50
1333,0,210,735.48,35,7800,150
1334,0,210,1230.51,50,6250,250
1335,0,210,2031.96,10,3750,250
1336,0,210,3504.08,45,4000,500
1337,0,210,1171.15,10,8800,400
1338,0,210,3721.47,30,5000,250
1339,0,210,2889.5,5,5000,100
1340,0,210,3599.34,5,9450,450
1341,0,210,1051.51,50,1500,300
1342,0,210,1037.98,5,7950,150
1343,0,210,3251.44,20,4500,100
1344,0,210,4015.8,35,7500,100
1345,0,210,4953.88,10,4000,200
1346,0,210,2226.78,5,5200,100
1347,0,210,751.58,50,5700,100
1348,0,210,3529.98,10,1600,200
1349,0,210,3375.65,15,5000,200
1350,0,210,2486.86,45,5000,500
1351,0,210,4473.99,50,9300,150
1352,0,210,4592.79,5,6000,250
1353,0,210,1355.53,30,9900,450
1354,0,210,4191.06,40,8400,150
1355,0,210,2453.77,20,4250,250
1356,0,210,4238.45,15,1000,250
1357,0,210,1044.49,10,6000,250
1358,0,210,1897.89,50,4200,150
1359,0,210,2433.8,45,9600,200
1360,0,210,2139.98,20,600,300
1361,0,210,2013.87,50,6600,200
1362,0,210,4591.3,25,3200,400
1363,0,210,1764.9,30,1600,400
1364,0,210,4548.78,45,3000,500
1365,0,210,2763.29,30,7000,200
1366,0,210,3010.67,25,700,100
1367,0,210,2212.01,35,9900,450
1368,0,210,2855.74,15,5700,300
1369,0,210,1065.66,20,6800,400
1370,0,210,2558.75,50,500,50
1371,0,210,1153.74,50,8150,50
1372,0,210,4736.51,15,2400,400
1373,0,210,4961.98,30,5400,300
1374,0,210,1299.83,40,5400,300
1375,0,210,4062.97,40,5400,300
1376,0,210,2118.29,45,6000,200
1377,0,210,4793.29,45,5100,150
1378,0,210,5185.76,25,1200,400
1379,0,210,3930.86,25,350,350
1380,0,210,1180.75,5,1750,350
1381,0,210,3132.36,20,5350,50
1382,0,210,2547.38,45,2200,100
1383,0,210,871.79,5,7650,450
1384,0,210,3353.46,15,7500,300
1385,0,210,1027.58,40,4050,50
1386,0,210,4163.7,25,7200,300
1387,0,210,2846.84,10,7200,200
1388,0,210,1097.49,50,3850,350
1389,0,210,4346.57,30,2750,250
1390,0,210,4796.42,50,5550,50
1391,0,210,5143.12,15,5100,150
1392,0,210,5008.55,30,1000,500
1393,0,210,606.96,50,7000,500
1394,0,210,852.31,35,4600,50
1395,0,210,2946.68,20,5600,400
1396,0,210,654.19,20,5100,150
1397,0,210,3156.9,25,1000,100
1398,0,210,5110.92,45,9600,200
1399,0,210,1571.24,20,7000,250
1400,0,210,2882.63,10,4950,150
1401,0,210,4417.77,15,8000,500
1402,0,210,4180.13,50,1800,300
1403,0,210,3080.48,25,300,300
1404,0,210,2065.61,10,3150,450
1405,0,210,1201.65,50,2250,450
1406,0,210,2791.98,15,600,300
1407,0,210,4741.28,35,7500,500
1408,0,210,3087.91,25,8050,350
1409,0,210,4690.89,20,1650,150
1410,0,210,1376.36,5,3750,250
1411,0,210,2220.34,20,3150,350
1412,0,210,3520.86,45,5400,450
1413,0,210,4367.48,5,8150,50
1414,0,210,3775.1,35,1650,150
1415,0,210,4611.84,25,2100,300
1416,0,210,3117.49,10,5100,150
1417,0,210,1654.59,10,8200,200
1418,0,210,758.77,15,9000,100
1419,0,210,2233.52,10,1000,100
1420,0,210,4466.75,15,1050,350
1421,0,210,2232.81,30,5100,300
1422,0,210,2583.91,10,1200,400
1423,0,210,2953.73,15,1500,500
1424,0,210,2444.3,45,3000,250
1425,0,210,2468.64,30,7000,350
1426,0,210,4828.03,45,7600,400
1427,0,210,2386.91,15,6600,200
1428,0,210,2622.37,35,5200,400
1429,0,210,667.6,10,900,450
1430,0,210,3265.0,5,1000,250
1431,0,210,3720.05,30,9500,100
1432,0,210,4851.26,10,4500,150
1433,0,210,2439.66,15,6650,350
1434,0,210,3443.21,50,2100,300
1435,0,210,4482.62,50,3600,450
1436,0,210,1624.87,25,5850,450
1437,0,210,3639.29,25,4000,500
1438,0,210,3704.1,30,10000,400
1439,0,210,4597.44,30,3150,450
1440,0,210,3042.8,5,7350,350
1441,0,210,5217.74,45,4400,200
1442,0,210,1253.52,35,1050,150
1443,0,210,4999.99,15,1600,100
1444,0,210,956.6,30,3000,200
1445,0,210,925.07,15,6400,400
1446,0,210,4748.42,25,9000,500
1447,0,210,3913.69,40,5600,400
1448,0,210,2237.51,30,4350,150
1449,0,210,1649.29,20,100,100
1450,0,210,3786.36,25,6000,300
1451,0,210,2593.68,10,6600,150
1452,0,210,1228.38,10,9900,150
1453,0,210,4255.33,40,8550,450
1454,0,210,1610.34,10,6500,500
1455,0,210,4001.46,35,300,300
1456,0,210,2417.09,25,5700,50
1457,0,210,1786.13,5,2700,300
1458,0,210,4716.53,25,9100,350
1459,0,210,2048.12,15,1750,350
1460,0,210,1194.11,20,8500,500
1461,0,210,4313.43,50,3700,100
1462,0,210,4802.25,45,1250,250
1463,0,210,1568.39,20,500,100
1464,0,210,656.59,40,5600,400
1465,0,210,1925.87,35,6900,150
1466,0,210,2666.82,50,4550,350
1467,0,210,5238.21,35,800,400
1468,0,210,671.58,15,4800,400
1469,0,210,4516.64,10,1350,150
1470,0,210,827.73,5,2000,500
1471,0,210,2873.32,35,7500,500
1472,0,210,4085.81,35,9400,100
1473,0,210,4808.5,15,5600,400
1474,0,210,5014.68,35,2400,400
1475,0,210,3271.18,30,4500,500
1476,0,210,4644.55,35,8000,100
1477,0,210,4003.38,10,6000,300
1478,0,210,3828.9,5,3150,350
1479,0,210,2283.93,35,4250,250
1480,0,210,1507.05,15,4750,250
1481,0,210,3194.27,25,2000,500
1482,0,210,4530.32,40,4600,200
1483,0,210,2884.8,10,500,500
1484,0,210,4921.07,45,4400,400
1485,0,210,701.74,10,3200,200
1486,0,210,4465.08,20,3600,150
1487,0,210,4540.45,45,900,450
1488,0,210,2344.0,30,3300,300
1489,0,210,2422.76,40,5400,100
1490,0,210,4445.89,5,3300,300
1491,0,210,2051.78,35,4400,100
1492,0,210,773.05,15,9000,150
1493,0,210,5029.15,45,6800,400
1494,0,210,5022.67,20,4800,400
1495,0,210,950.73,25,1750,350
1496,0,210,1172.01,40,8500,500
1497,0,210,1628.27,30,1350,450
1498,0,210,2181.08,5,2000,400
1499,0,210,4565.46,35,3300,50
1500,0,210,1857.12,50,3900,300
1501,0,210,2798.42,5,7250,50
1502,0,210,3731.31,25,3500,500
1503,0,210,3466.57,25,5100,300
1504,0,210,4854.48,45,150,150
1505,0,210,4486.41,50,9450,350
1506,0,210,2599.8,50,9300,300
1507,0,210,2731.7,10,2100,150
1508,0,210,3966.64,25,6500,250
1509,0,210,4354.92,40,5400,150
1510,0,210,3886.21,5,6800,100
1511,0,210,4341.19,20,8000,250
1512,0,210,4160.61,20,9000,300
1513,0,210,2791.96,45,9100,350
1514,0,210,4098.26,50,6000,200
1515,0,210,3767.07,20,2700,150
1516,0,210,3765.1,25,2200,200
1517,0,210,5120.11,15,6000,400
1518,0,210,526.86,5,9800,350
1519,0,210,3118.1,20,7650,450
1520,0,210,3264.29,10,6300,350
1521,0,210,3742.96,45,4500,250
1522,0,210,4774.18,5,1150,50
1523,0,210,678.25,40,5750,50
1524,0,210,525.64,5,7600,100
1525,0,210,4016.23,30,3150,350
1526,0,210,1371.88,45,4800,200
1527,0,210,1726.11,25,3300,150
1528,0,210,3174.36,10,1200,50
1529,0,210,1706.11,35,1650,150
1530,0,210,5052.34,40,6000,300
1531,0,210,1022.75,40,4000,200
1532,0,210,3776.9,20,8400,350
1533,0,210,4172.31,20,4200,300
1534,0,210,1685.13,5,4300,100
1535,0,210,755.6,15,3000,300
1536,0,210,5246.04,35,7400,200
1537,0,210,3138.33,45,1950,150
1538,0,210,2041.32,45,5400,100
1539,0,210,4875.74,35,9000,450
1540,0,210,4330.09,35,7150,50
1541,0,210,636.39,25,7200,400
1542,0,210,2848.16,35,5600,400
1543,0,210,1641.12,45,9500,250
1544,0,210,1698.61,50,4900,350
1545,0,210,714.63,45,2800,200
1546,0,210,3971.54,30,5500,100
1547,0,210,2878.3,30,9500,500
1548,0,210,3187.31,40,6650,350
1549,0,210,2343.99,35,7500,150
1550,0,210,3763.81,35,7750,250
1551,0,210,575.12,25,750,250
1552,0,210,5114.39,30,2700,450
1553,0,210,612.25,35,4650,150
1554,0,210,3289.47,15,1400,350
1555,0,210,3816.81,10,4000,50
1556,0,210,3831.13,50,3150,450
1557,0,210,3292.87,15,5600,400
1558,0,210,2891.11,45,2100,300
1559,0,210,2503.06,20,4050,450
1560,0,210,3518.92,25,2500,250
1561,0,210,3725.96,35,9300,150
1562,0,210,2908.22,45,8250,150
1563,0,210,1958.6,40,4050,150
1564,0,210,970.43,35,2400,200
1565,0,210,2148.99,40,4950,50
1566,0,210,1461.38,30,4050,450
1567,0,210,3224.65,20,8400,100
1568,0,210,1692.41,35,200,100
1569,0,210,2239.7,20,500,500
1570,0,210,1114.21,35,6000,400
1571,0,210,2268.9,50,9750,150
1572,0,210,3542.45,35,1000,500
1573,0,210,4133.73,50,4950,50
1574,0,210,3150.69,45,8200,100
1575,0,210,1026.42,40,5600,400
1576,0,210,2237.45,50,3250,250
1577,0,210,1004.44,30,7200,400
1578,0,210,1280.28,50,3600,400
1579,0,210,4284.0,40,600,100
1580,0,210,2196.11,25,6300,50
1581,0,210,5192.42,35,5500,250
1582,0,210,758.43,25,6300,450
1583,0,210,4770.5,45,7700,350
1584,0,210,2002.97,45,4500,150
1585,0,210,2297.26,30,8550,450
1586,0,210,3859.87,15,8750,350
1587,0,210,1340.64,5,4950,450
1588,0,210,4106.62,45,1250,250
1589,0,210,969.0,5,3600,400
1590,0,210,1867.24,50,5550,150
1591,0,210,639.69,15,600,300
1592,0,210,3864.41,5,8800,200
1593,0,210,1211.75,45,4500,250
1594,0,210,4287.58,25,9900,300
1595,0,210,4611.72,15,4950,450
1596,0,210,2821.28,20,800,200
1597,0,210,1687.08,5,3150,350
1598,0,210,3709.12,45,2400,400
1599,0,210,5113.72,50,9600,200
1600,0,210,1335.2,40,9200,400
1601,0,210,1129.58,30,4150,50
1602,0,210,1510.93,40,8250,250
1603,0,210,2173.21,50,3600,400
1604,0,210,1261.58,25,2250,450
1605,0,210,962.11,35,6900,300
1606,0,210,2287.85,10,7000,350
1607,0,210,1001.82,30,6600,300
1608,0,210,2159.43,45,8600,100
1609,0,210,2023.34,5,400,200
1610,0,210,2978.34,10,4000,500
1611,0,210,4302.3,20,1600,200
1612,0,210,2831.47,5,4500,300
1613,0,210,2494.88,50,1800,100
1614,0,210,2682.59,30,10000,250
1615,0,210,2231.5,25,400,200
1616,0,210,1110.84,10,3150,450
1617,0,210,4115.71,40,4500,450
1618,0,210,2458.45,40,5400,100
1619,0,210,4906.83,20,1200,150
1620,0,210,3706.99,5,6000,150
1621,0,210,696.27,25,4800,400
1622,0,210,2182.78,45,3200,400
1623,0,210,1693.61,40,9100,350
1624,0,210,1222.99,40,5300,100
1625,0,210,3269.77,20,6500,50
1626,0,210,1565.55,50,1500,500
1627,0,210,835.96,35,8550,450
1628,0,210,5207.09,20,8300,100
1629,0,210,5018.21,5,2000,250
1630,0,210,2954.31,35,1200,300
1631,0,210,593.6,10,6100,100
1632,0,210,3125.71,35,5550,150
1633,0,210,1735.6,35,3800,100
1634,0,210,4116.44,25,1350,150
1635,0,210,2922.09,35,10000,500
1636,0,210,3720.66,45,6250,250
1637,0,210,4040.91,30,3500,350
1638,0,210,2261.85,50,7200,400
1639,0,210,1184.1,10,6500,250
1640,0,210,5012.82,45,9750,250
1641,0,210,1178.17,30,5600,350
1642,0,210,2218.37,10,5550,50
1643,0,210,954.03,5,2200,100
1644,0,210,714.93,10,9900,450
1645,0,210,1616.36,25,4500,450
1646,0,210,2772.55,50,8800,200
1647,0,210,678.7,50,8100,300
1648,0,210,3791.05,40,3250,250
1649,0,210,1611.42,45,8400,400
1650,0,210,1338.31,35,600,100
1651,0,210,706.4,30,3000,100
1652,0,210,4474.96,50,9200,100
1653,0,210,2218.05,40,4400,400
1654,0,210,5140.87,35,9900,450
1655,0,210,5246.99,5,4400,400
1656,0,210,2135.28,35,6400,100
1657,0,210,1513.63,10,4000,200
1658,0,210,4028.52,10,2000,200
1659,0,210,725.34,5,5000,500
1660,0,210,4674.54,45,9900,450
1661,0,210,2196.95,10,6250,250
1662,0,210,1774.76,45,1500,300
1663,0,210,2665.86,20,8050,350
1664,0,210,2549.96,10,2850,150
1665,0,210,3849.02,50,2000,400
1666,0,210,4283.23,15,7200,450
1667,0,210,3370.38,15,1350,150
1668,0,210,4828.21,5,2600,100
1669,0,210,1118.74,25,7500,100
1670,0,210,4858.02,10,6750,450
1671,0,210,2302.05,35,2000,200
1672,0,210,2611.81,10,9000,300
1673,0,210,4370.61,50,9600,400
1674,0,210,1976.73,40,2300,50
1675,0,210,3412.65,40,7000,500
1676,0,210,3949.61,50,6000,200
1677,0,210,4832.3,30,6300,300
1678,0,210,4678.96,50,8800,200
1679,0,210,675.92,15,4950,50
1680,0,210,843.8,30,8050,350
1681,0,210,4729.31,5,1250,250
1682,0,210,4307.56,40,350,350
1683,0,210,1439.27,30,8000,400
1684,0,210,3016.07,45,9300,50
1685,0,210,1369.43,45,6750,250
1686,0,210,4740.27,35,450,450
1687,0,210,4906.52,20,8000,400
1688,0,210,3770.31,5,5600,400
1689,0,210,3139.32,40,4600,100
1690,0,210,4799.1,5,1400,200
1691,0,210,4264.04,35,5400,300
1692,0,210,3164.41,30,10000,250
1693,0,210,4175.86,50,9800,350
1694,0,210,1350.17,40,6400,400
1695,0,210,637.88,30,7600,50
1696,0,210,1078.62,45,5400,300
1697,0,210,5124.69,45,2000,200
1698,0,210,1281.27,30,8550,450
1699,0,210,2894.34,45,3150,350
1700,0,210,5068.02,45,3200,400
1701,0,210,2023.43,35,5600,350
1702,0,210,2194.8,20,7950,150
1703,0,210,1471.52,20,4400,200
1704,0,210,3386.56,25,3000,250
1705,0,210,2372.18,5,3150,350
1706,0,210,878.56,25,1650,150
1707,0,210,3654.31,50,5550,150
1708,0,210,4770.18,40,2000,500
1709,0,210,4603.62,5,5800,200
1710,0,210,3566.83,20,1350,450
1711,0,210,5080.31,5,2250,450
1712,0,210,866.52,45,6800,400
1713,0,210,4740.4,45,2400,200
1714,0,210,2554.3,45,7050,50
1715,0,210,3789.27,5,250,50
1716,0,210,4873.67,20,3200,400
1717,0,210,4252.24,20,2700,50
1718,0,210,1850.38,50,6000,300
1719,0,210,2478.45,15,2100,350
1720,0,210,3375.59,25,4200,300
1721,0,210,2575.16,45,5250,250
1722,0,210,4461.2,45,8550,150
1723,0,210,1326.4,20,300,100
1724,0,210,3286.54,25,4300,100
1725,0,210,5005.48,40,9000,500
1726,0,210,1462.14,15,8500,500
1727,0,210,2647.79,40,6600,150
1728,0,210,1442.08,40,8550,150
1729,0,210,1081.03,25,300,300
1730,0,210,3023.04,5,1000,500
1731,0,210,1391.61,45,2000,500
1732,0,210,2049.24,40,1200,200
1733,0,210,862.04,15,6750,250
1734,0,210,5073.78,50,5700,300
1735,0,210,1645.39,35,7700,350
1736,0,210,4033.15,20,1400,200
1737,0,210,3899.25,10,1950,150
1738,0,210,2647.75,30,5950,50
1739,0,210,4807.79,20,2100,50
1740,0,210,3167.89,35,600,200
1741,0,210,2476.71,15,6900,100
1742,0,210,5015.56,50,3750,150
1743,0,210,4867.28,5,6300,50
1744,0,210,1903.8,40,4050,450
1745,0,210,2591.81,30,7200,400
1746,0,210,2996.65,10,1400,100
1747,0,210,2599.14,15,2450,350
1748,0,210,903.92,15,4750,50
1749,0,210,3610.02,20,2100,350
1750,0,210,4211.21,15,7500,500
1751,0,210,3243.53,15,6750,450
1752,0,210,3002.05,30,3600,450
1753,0,210,5106.82,30,1750,350
1754,0,210,1609.95,15,1750,350
1755,0,210,4751.91,50,450,450
1756,0,210,3594.83,50,7500,100
1757,0,210,734.31,45,7100,50
1758,0,210,5219.13,30,1750,350
1759,0,210,2589.54,10,9000,250
1760,0,210,2905.42,20,10000,400
1761,0,210,4000.1,10,4000,100
1762,0,210,2438.53,15,1350,150
1763,0,210,4006.29,25,6900,100
1764,0,210,4681.31,50,3900,300
1765,0,210,4370.85,35,3000,300
1766,0,210,5179.69,50,8000,400
1767,0,210,2163.56,15,9750,50
1768,0,210,3688.61,50,8550,50
1769,0,210,2538.05,35,5050,50
1770,0,210,1931.95,15,2250,450
1771,0,210,2254.55,50,5600,350
1772,0,210,2165.55,25,1800,450
1773,0,210,4358.44,30,9500,500
1774,0,210,1393.93,45,9400,200
1775,0,210,2755.53,45,200,200
1776,0,210,897.44,15,1350,450
1777,0,210,4181.75,50,7000,500
1778,0,210,4657.71,25,10000,50
1779,0,210,5045.54,50,3600,400
1780,0,210,5075.81,15,6000,250
1781,0,210,2453.04,45,1350,450
1782,0,210,2808.44,15,3500,500
1783,0,210,1782.08,35,9200,50
1784,0,210,4779.06,25,2700,150
1785,0,210,3252.32,45,9600,200
1786,0,210,2301.75,15,8500,500
1787,0,210,3095.25,45,5400,50
1788,0,210,3312.25,35,4950,150
1789,0,210,3583.82,20,1500,500
1790,0,210,4881.47,20,1500,500
1791,0,210,3737.84,40,9000,250
1792,0,210,1268.41,30,7600,400
1793,0,210,5127.53,25,2500,500
1794,0,210,1100.24,50,8900,50
1795,0,210,2228.84,10,250,250
1796,0,210,4824.01,10,750,150
1797,0,210,3565.37,25,9300,300
1798,0,210,3430.35,50,5800,200
1799,0,210,3477.99,5,2250,150
1800,0,210,3930.92,25,2150,50
1801,0,210,5094.64,25,6000,400
1802,0,210,3202.56,30,800,100
1803,0,210,2528.72,10,9600,400
1804,0,210,3092.53,50,9250,250
1805,0,210,1616.15,10,6900,300
1806,0,210,4935.1,30,6350,50
1807,0,210,3757.06,10,2700,450
1808,0,210,3136.43,30,6800,200
1809,0,210,1459.53,10,1000,200
1810,0,210,3390.61,45,6800,200
1811,0,210,2289.02,20,9900,50
1812,0,210,2496.13,15,5950,350
1813,0,210,4608.28,10,6150,50
1814,0,210,4948.34,45,9600,300
1815,0,210,873.94,15,7500,500
1816,0,210,1464.44,20,700,100
1817,0,210,5112.03,30,3150,350
1818,0,210,1154.26,5,5400,150
1819,0,210,3151.24,40,5500,250
1820,0,210,2330.83,45,2250,450
1821,0,210,4148.48,30,7700,100
1822,0,210,761.4,40,2000,500
1823,0,210,4573.21,25,2400,400
1824,0,210,3040.5,45,1400,100
1825,0,210,3022.56,30,5600,400
1826,0,210,4498.16,35,4800,150
1827,0,210,2246.17,30,5550,50
1828,0,210,912.42,40,3500,500
1829,0,210,2090.31,25,3500,500
1830,0,210,526.76,20,4500,250
1831,0,210,2427.67,20,9750,250
1832,0,210,4053.98,25,3900,150
1833,0,210,3244.95,25,2400,200
1834,0,210,1854.74,10,8100,300
1835,0,210,4417.07,35,3000,200
1836,0,210,859.79,45,2100,350
1837,0,210,4152.66,15,1000,500
1838,0,210,5211.62,50,9500,250
1839,0,210,1002.13,20,8500,250
1840,0,210,3356.96,35,4200,50
1841,0,210,775.57,50,4200,350
1842,0,210,1328.47,35,2450,350
1843,0,210,2549.07,35,5600,100
1844,0,210,1384.53,20,1950,50
1845,0,210,544.46,35,9500,250
1846,0,210,1182.83,5,2000,200
1847,0,210,2048.48,35,6300,350
1848,0,210,4794.45,45,4800,200
1849,0,210,1293.68,15,5250,350
1850,0,210,4971.37,10,500,500
1851,0,210,1604.85,35,300,150
1852,0,210,1211.69,50,4000,500
1853,0,210,4470.71,10,2500,250
1854,0,210,1223.02,15,9850,50
1855,0,210,3506.93,10,5600,50
1856,0,210,1815.86,20,2550,150
1857,0,210,3558.03,50,6300,300
1858,0,210,3139.79,25,2250,450
1859,0,210,1316.58,20,9200,200
1860,0,210,2681.95,40,6000,100
1861,0,210,2044.64,20,5950,350
1862,0,210,1678.01,15,1000,250
1863,0,210,1688.61,15,1000,500
1864,0,210,1067.67,30,9200,50
1865,0,210,1884.75,5,5950,50
1866,0,210,3107.39,40,4500,500
1867,0,210,3684.04,25,8800,50
1868,0,210,2859.84,40,4500,500
1869,0,210,2606.25,45,5700,300
1870,0,210,2210.39,30,8800,50
1871,0,210,4089.32,20,8450,50
1872,0,210,4642.4,40,4500,500
1873,0,210,3981.38,40,8100,100
1874,0,210,2159.43,45,5100,150
1875,0,210,2754.07,15,1500,50
1876,0,210,4723.41,40,8100,450
1877,0,210,5172.03,50,2450,350
1878,0,210,3109.45,15,3000,300
1879,0,210,859.63,10,9800,350
1880,0,210,2958.8,35,1050,150
1881,0,210,2712.32,10,8900,100
1882,0,210,4393.27,25,8400,150
1883,0,210,3931.25,40,9500,500
1884,0,210,1185.0,40,6250,250
1885,0,210,3865.91,15,2600,200
1886,0,210,3782.32,45,2250,450
1887,0,210,3606.09,45,6600,300
1888,0,210,1898.31,15,3500,250
1889,0,210,1020.38,50,8200,50
1890,0,210,900.15,45,6000,250
1891,0,210,1944.79,5,9500,500
1892,0,210,2818.31,30,6000,200
1893,0,210,3981.52,10,1000,250
1894,0,210,2426.34,15,7000,200
1895,0,210,5048.87,20,7500,250
1896,0,210,3872.76,50,7500,300
1897,0,210,4954.64,45,2800,350
1898,0,210,3103.18,30,3500,500
1899,0,210,2521.73,5,5400,300
1900,0,210,616.76,5,5400,100
1901,0,210,1425.69,5,2750,250
1902,0,210,1607.71,50,200,200
1903,0,210,1285.47,15,9450,350
1904,0,210,4248.31,45,4050,150
1905,0,210,3704.57,15,2100,350
1906,0,210,1676.61,35,9100,350
1907,0,210,2716.32,15,5950,350
1908,0,210,808.06,35,6900,300
1909,0,210,1143.13,35,3150,150
1910,0,210,846.37,45,4550,350
1911,0,210,1060.83,45,750,250
1912,0,210,3125.63,35,4500,300
1913,0,210,2790.38,30,6300,450
1914,0,210,2246.36,10,5850,450
1915,0,210,770.72,5,1250,250
1916,0,210,4149.99,30,4500,300
1917,0,210,3647.44,25,5600,200
1918,0,210,4557.14,45,5400,150
1919,0,210,3143.56,25,3600,200
1920,0,210,4126.41,40,7700,350
1921,0,210,1734.64,15,7200,300
1922,0,210,846.74,50,3200,400
1923,0,210,2431.93,30,7050,150
1924,0,210,582.54,30,3150,450
1925,0,210,2183.36,10,4200,350
1926,0,210,2822.11,50,6250,250
1927,0,210,3233.55,25,4900,350
1928,0,210,4911.02,35,1800,150
1929,0,210,1265.1,35,3000,500
1930,0,210,3083.53,50,4900,350
1931,0,210,4824.9,15,5250,150
1932,0,210,2861.2,50,9600,400
1933,0,210,4695.21,25,8500,500
1934,0,210,594.27,30,5100,100
1935,0,210,2050.72,45,4950,150
1936,0,210,3052.45,5,6800,400
1937,0,210,2248.85,45,400,400
1938,0,210,1953.16,30,6650,350
1939,0,210,5132.02,30,4950,450
1940,0,210,1046.52,25,7600,100
1941,0,210,5001.66,40,8850,150
1942,0,210,832.41,20,5600,350
1943,0,210,5155.07,25,10000,500
1944,0,210,3091.53,10,9000,450
1945,0,210,1082.62,10,7350,150
1946,0,210,4093.31,35,7200,150
1947,0,210,1003.75,15,6000,500
1948,0,210,3224.98,45,4200,300
1949,0,210,2401.67,25,9200,50
1950,0,210,2992.25,10,8450,50
1951,0,210,5047.99,35,6600,300
1952,0,210,1148.39,15,450,450
1953,0,210,5164.44,5,1000,500
1954,0,210,5239.59,35,3000,500
1955,0,210,1600.53,45,5250,250
1956,0,210,1811.01,30,9450,450
1957,0,210,3561.78,30,6000,300
1958,0,210,2698.82,15,6300,450
1959,0,210,2254.78,30,2800,400
1960,0,210,3790.12,20,9100,50
1961,0,210,2296.45,35,400,200
1962,0,210,4663.61,40,2150,50
1963,0,210,2015.99,45,6400,200
1964,0,210,2455.38,30,6150,150
1965,0,210,1959.52,50,4400,400
1966,0,210,2050.13,45,1200,300
1967,0,210,3963.48,20,3150,350
1968,0,210,829.78,25,1500,500
1969,0,210,2144.03,20,5550,150
1970,0,210,1892.23,45,6000,250
1971,0,210,1406.31,15,900,100
1972,0,210,2159.7,35,8000,400
1973,0,210,1033.22,50,4200,300
1974,0,210,2202.0,35,4500,50
1975,0,210,4944.87,20,6200,100
1976,0,210,731.53,30,7000,500
1977,0,210,3276.16,35,3000,300
1978,0,210,4058.06,35,7200,100
1979,0,210,3400.96,50,1500,150
1980,0,210,1647.33,30,1350,450
1981,0,210,712.91,45,1600,400
1982,0,210,1859.26,5,500,500
1983,0,210,2728.8,15,6200,100
1984,0,210,1047.15,30,8250,250
1985,0,210,3912.01,5,7200,300
1986,0,210,1356.21,5,5800,200
1987,0,210,3519.56,40,9000,500
1988,0,210,4740.38,50,9600,400
1989,0,210,4032.62,40,8000,400
1990,0,210,1673.1,5,7700,350
1991,0,210,4511.72,40,2550,50
1992,0,210,2558.69,25,400,400
1993,0,210,4398.83,20,3800,200
1994,0,210,5107.36,45,3250,50
1995,0,210,1395.06,25,1200,200
1996,0,210,4743.07,50,10000,250
1997,0,210,1298.81,10,7350,150
1998,0,210,5094.71,10,800,400
1999,0,210,2170.46,15,9500,500
2000,0,210,977.43,5,3900,150
2001,0,210,1421.0,10,5850,450
2002,0,210,1951.96,40,3150,350
2003,0,210,4728.21,20,4200,350
2004,0,210,5081.31,50,2000,200
2005,0,210,2690.15,45,1750,350
2006,0,210,1510.2,40,7200,450
2007,0,210,5157.3,40,8400,300
2008,0,210,3449.11,40,9900,300
2009,0,210,2290.45,25,2150,50
2010,0,210,3725.78,25,9800,200
2011,0,210,1348.14,35,6800,100
2012,0,210,3323.5,5,1500,50
2013,0,210,1163.45,10,1350,450
2014,0,210,2531.68,10,10000,500
2015,0,210,3701.24,50,4200,150
2016,0,210,3715.33,15,8700,100
2017,0,210,2618.19,40,7200,300
2018,0,210,4016.64,50,4800,50
2019,0,210,3329.36,25,5900,100
2020,0,210,4732.64,40,750,150
2021,0,210,2690.95,25,5850,450
2022,0,210,3869.69,40,4500,450
2023,0,210,4065.58,30,1200,150
2024,0,210,981.3,15,400,200
2025,0,210,2967.27,15,5850,450
2026,0,210,2052.46,40,500,100
2027,0,210,2514.88,45,6450,50
2028,0,210,3924.64,5,450,450
2029,0,210,978.73,35,400,100
2030,0,210,5086.85,45,2850,150
2031,0,210,3561.65,40,4600,50
2032,0,210,1064.75,5,7200,450
2033,0,210,3061.79,15,6600,300
2034,0,210,4145.51,50,150,50
2035,0,210,2820.66,20,2500,500
2036,0,210,782.86,5,3000,500
2037,0,210,616.5,20,1600,400
2038,0,210,2182.7,45,7000,250
2039,0,210,4543.94,25,3150,350
2040,0,210,4551.17,25,8500,250
2041,0,210,1902.3,45,3300,300
2042,0,210,2692.91,10,8400,400
2043,0,210,1746.24,30,150,150
2044,0,210,3378.99,5,700,50
2045,0,210,3608.57,40,6900,300
2046,0,210,4984.88,30,8100,100
2047,0,210,1236.31,35,3500,500
2048,0,210,855.22,10,1200,400
2049,0,210,3787.41,30,3500,100
2050,0,210,3608.4,40,4900,50
2051,0,210,1416.71,50,6500,500
2052,0,210,3725.11,40,3600,300
2053,0,210,1811.06,20,7500,500
2054,0,210,3746.49,25,3150,350
2055,0,210,814.59,25,7800,100
2056,0,210,1263.46,40,7500,250
2057,0,210,1891.63,20,2450,50
2058,0,210,2960.35,5,1000,250
2059,0,210,1905.84,45,4800,300
2060,0,210,1956.99,25,2100,350
2061,0,210,3625.4,40,1200,200
2062,0,210,3074.74,50,2100,350
2063,0,210,3145.34,25,6000,500
2064,0,210,2283.27,15,8750,350
2065,0,210,824.48,50,9000,100
2066,0,210,2591.04,45,7200,450
2067,0,210,5190.51,15,9900,300
2068,0,210,3348.69,40,700,100
2069,0,210,5173.06,10,2400,400
2070,0,210,5065.84,10,7200,400
2071,0,210,605.93,15,5000,200
2072,0,210,2148.09,5,2000,200
2073,0,210,2570.88,45,3600,400
2074,0,210,3292.15,40,5800,100
2075,0,210,1386.38,50,9450,150
2076,0,210,2333.38,35,4900,350
2077,0,210,5176.5,40,8400,100
2078,0,210,3071.14,50,5700,150
2079,0,210,2710.8,45,7200,200
2080,0,210,4328.83,40,6000,300
2081,0,210,3062.68,10,9450,350
2082,0,210,3886.53,25,2950,50
2083,0,210,3414.81,35,1500,500
2084,0,210,780.4,15,500,250
2085,0,210,2121.48,25,3600,100
2086,0,210,4994.5,5,5000,500
2087,0,210,5219.03,20,5850,450
2088,0,210,3326.62,35,4000,250
2089,0,210,4106.6,50,5400,300
2090,0,210,1491.23,40,5800,200
2091,0,210,2526.02,10,2450,350
2092,0,210,3828.62,50,5500,500
2093,0,210,2050.44,5,3200,400
2094,0,210,1070.95,40,8450,50
2095,0,210,2948.09,20,6000,250
2096,0,210,4721.69,45,4400,200
2097,0,210,2868.29,20,2500,500
2098,0,210,2411.71,10,800,400
2099,0,210,603.54,40,8900,100
