0,0,210,10.0,5,1000,50
1,0,210,95.9,30,7800,200
2,0,210,88.08,50,8350,50
3,0,210,18.83,25,400,100
4,0,210,18.63,35,4950,150
5,0,210,82.94,40,7700,100
6,0,210,28.35,30,7600,400
7,0,210,45.33,25,6000,500
8,0,210,95.28,50,5750,50
9,0,210,55.8,20,350,50
10,0,210,35.01,20,6900,300
11,0,210,22.37,20,3600,100
12,0,210,20.9,15,7500,250
13,0,210,73.4,30,4950,50
14,0,210,92.93,15,8800,400
15,0,210,66.12,50,9100,350
16,0,210,36.57,10,9450,350
17,0,210,74.15,10,300,300
18,0,210,45.31,40,8000,500
19,0,210,29.13,30,7900,100
20,0,210,83.2,25,7000,250
21,0,210,43.96,10,2000,500
22,0,210,26.25,25,4350,150
23,0,210,87.6,40,6000,200
24,0,210,73.87,25,6500,500
25,0,210,44.11,45,9100,350
26,0,210,44.23,50,4950,150
27,0,210,40.92,10,4000,200
28,0,210,59.75,25,4200,300
29,0,210,53.74,50,4400,50
30,0,210,21.62,30,150,150
31,0,210,68.44,10,5800,50
32,0,210,64.45,10,6300,350
33,0,210,32.09,30,5200,400
34,0,210,65.13,20,2250,250
35,0,210,18.47,25,750,250
36,0,210,81.82,35,4000,200
37,0,210,65.49,50,5000,500
38,0,210,22.25,35,9250,250
39,0,210,64.49,10,9800,350
40,0,210,12.27,40,5500,500
41,0,210,14.09,35,8550,450
42,0,210,78.7,25,6450,150
43,0,210,73.56,5,6800,400
44,0,210,32.57,35,2550,150
45,0,210,53.24,40,8400,100
46,0,210,11.76,25,8100,450
47,0,210,72.06,45,2100,150
48,0,210,94.06,30,3200,200
49,0,210,84.7,45,9900,300
50,0,210,24.7,40,2800,200
51,0,210,53.5,50,2600,200
52,0,210,34.43,15,9450,350
53,0,210,42.47,45,2100,350
54,0,210,57.1,20,1800,50
55,0,210,73.71,25,4000,400
56,0,210,77.91,5,7500,300
57,0,210,58.46,15,7700,100
58,0,210,46.18,25,2000,500
59,0,210,48.17,25,7000,500
60,0,210,58.95,10,600,300
61,0,210,82.78,25,5700,300
62,0,210,14.1,10,5100,150
63,0,210,16.56,15,450,50
64,0,210,24.4,25,7200,450
65,0,210,83.81,20,3600,100
66,0,210,26.21,20,1000,250
67,0,210,19.6,25,4500,500
68,0,210,99.13,40,4850,50
69,0,210,63.03,10,5600,400
70,0,210,65.37,5,1500,100
71,0,210,83.06,10,1200,150
72,0,210,20.18,50,9850,50
73,0,210,19.48,30,5600,350
74,0,210,47.11,25,7250,250
75,0,210,84.0,10,6900,300
76,0,210,94.32,50,1600,400
77,0,210,89.05,45,600,200
78,0,210,20.87,20,9000,100
79,0,210,84.29,30,1000,500
80,0,210,24.12,25,1750,350
81,0,210,93.43,5,6400,200
82,0,210,62.17,45,900,100
83,0,210,96.28,40,5200,400
84,0,210,57.51,15,1400,100
85,0,210,73.79,5,2400,300
86,0,210,80.79,5,6200,200
87,0,210,45.76,40,3200,50
88,0,210,95.83,5,9800,350
89,0,210,54.23,35,3100,50
90,0,210,39.88,15,5950,350
91,0,210,67.11,20,6400,100
92,0,210,45.25,10,1400,350
93,0,210,69.94,45,4750,250
94,0,210,91.1,10,1400,350
95,0,210,95.68,45,200,100
96,0,210,16.84,40,6900,300
97,0,210,55.04,10,9900,100
98,0,210,40.69,30,7700,350
99,0,210,62.44,25,1050,350
100,0,210,59.95,30,9500,500
101,0,210,85.19,30,8000,50
102,0,210,81.52,45,3600,50
103,0,210,15.77,25,9000,450
104,0,210,14.18,25,8000,500
105,0,210,29.94,30,2900,100
106,0,210,46.19,5,8400,350
107,0,210,35.57,20,3500,100
108,0,210,64.76,35,2250,450
109,0,210,99.79,20,5900,50
110,0,210,15.97,5,8000,250
111,0,210,74.53,45,4800,200
112,0,210,66.46,15,9600,150
113,0,210,82.93,30,7700,100
114,0,210,80.86,10,9450,150
115,0,210,41.67,15,6250,250
116,0,210,20.93,10,8600,200
117,0,210,16.8,45,3600,200
118,0,210,15.54,15,1000,200
119,0,210,83.06,35,5400,200
120,0,210,42.52,20,5250,250
121,0,210,89.29,10,9450,450
122,0,210,86.31,10,2100,100
123,0,210,24.83,45,4350,150
124,0,210,37.63,25,450,450
125,0,210,84.71,25,9300,300
126,0,210,64.03,35,50,50
127,0,210,93.34,5,8200,200
128,0,210,42.48,10,5100,150
129,0,210,39.51,25,5150,50
130,0,210,88.0,10,6000,250
131,0,210,77.61,50,4100,100
132,0,210,94.36,10,9350,50
133,0,210,82.63,30,8100,450
134,0,210,95.87,5,5500,50
135,0,210,38.99,25,8800,400
136,0,210,41.39,40,7500,500
137,0,210,45.71,5,9600,400
138,0,210,24.45,10,2500,250
139,0,210,93.04,5,3900,300
140,0,210,55.73,15,6800,400
141,0,210,57.93,25,7400,200
142,0,210,16.61,20,3900,300
143,0,210,28.61,40,3200,400
144,0,210,95.29,30,5600,350
145,0,210,10.59,10,700,100
146,0,210,49.01,10,10000,400
147,0,210,69.22,35,6300,100
148,0,210,68.88,35,2250,450
149,0,210,96.44,35,7600,400
150,0,210,15.93,10,5250,150
151,0,210,31.56,25,3000,250
152,0,210,29.86,35,2000,100
153,0,210,38.75,30,2400,150
154,0,210,44.04,15,2700,450
155,0,210,76.32,10,5400,100
156,0,210,83.29,10,8650,50
157,0,210,25.08,35,350,350
158,0,210,93.09,40,1500,500
159,0,210,36.19,50,1050,150
160,0,210,51.5,50,2000,400
161,0,210,60.73,45,5250,250
162,0,210,57.67,50,8100,100
163,0,210,66.12,20,3500,250
164,0,210,23.17,20,8000,200
165,0,210,37.05,45,5800,50
166,0,210,54.89,10,8400,150
167,0,210,50.75,40,2100,100
168,0,210,30.91,30,400,400
169,0,210,19.32,5,1200,400
170,0,210,43.02,30,3750,150
171,0,210,64.1,20,2300,50
172,0,210,72.27,5,9000,250
173,0,210,79.5,10,6300,150
174,0,210,76.19,15,300,300
175,0,210,36.55,20,3600,400
176,0,210,69.24,45,3000,500
177,0,210,78.55,50,2400,400
178,0,210,69.95,20,9500,100
179,0,210,23.91,25,6100,100
180,0,210,81.27,50,9000,450
181,0,210,73.66,5,6000,400
182,0,210,22.88,15,5000,500
183,0,210,43.84,50,9750,250
184,0,210,96.67,25,6300,150
185,0,210,45.05,30,700,100
186,0,210,19.22,50,6750,450
187,0,210,64.45,45,7200,450
188,0,210,77.62,10,6600,300
189,0,210,67.57,35,1800,150
190,0,210,57.34,25,4050,150
191,0,210,10.08,40,300,300
192,0,210,33.51,10,5600,350
193,0,210,72.01,10,10000,250
194,0,210,19.32,25,7350,350
195,0,210,99.42,20,4000,250
196,0,210,77.89,35,8400,300
197,0,210,51.16,50,8400,400
198,0,210,96.42,25,4800,150
199,0,210,30.71,20,8050,350
200,0,210,63.8,50,9000,100
201,0,210,35.57,25,1000,500
202,0,210,95.6,25,9600,400
203,0,210,29.34,35,2000,200
204,0,210,12.63,25,6900,300
205,0,210,64.01,35,2400,400
206,0,210,11.94,40,3500,350
207,0,210,22.47,30,2400,150
208,0,210,31.44,40,8000,500
209,0,210,13.75,5,8900,100
210,0,210,22.07,20,9300,150
211,0,210,46.1,10,6750,150
212,0,210,33.72,5,1200,200
213,0,210,55.44,40,2550,150
214,0,210,33.64,45,1250,250
215,0,210,39.17,50,1200,300
216,0,210,28.75,50,700,350
217,0,210,67.85,30,4550,350
218,0,210,95.61,50,1200,200
219,0,210,60.0,5,9600,400
220,0,210,34.23,25,1800,200
221,0,210,37.22,40,1800,450
222,0,210,94.69,50,5400,300
223,0,210,69.97,20,500,500
224,0,210,17.62,10,5400,200
225,0,210,46.4,40,4500,300
226,0,210,42.65,35,7000,350
227,0,210,49.3,35,5100,50
228,0,210,90.76,15,4500,250
229,0,210,78.71,10,8000,500
230,0,210,99.63,5,8500,500
231,0,210,40.22,15,2000,100
232,0,210,13.09,5,8500,500
233,0,210,41.52,10,8800,50
234,0,210,18.47,25,9300,300
235,0,210,72.23,50,2900,100
236,0,210,28.3,30,500,50
237,0,210,54.55,5,3250,250
238,0,210,34.91,35,4000,100
239,0,210,14.7,20,6000,400
240,0,210,19.44,50,3600,200
241,0,210,57.89,25,6500,250
242,0,210,98.9,50,6750,450
243,0,210,31.58,25,9900,450
244,0,210,87.58,25,7000,200
245,0,210,44.79,40,1750,250
246,0,210,11.78,50,2800,200
247,0,210,63.44,30,5000,250
248,0,210,78.84,20,4200,350
249,0,210,64.13,5,6000,100
250,0,210,64.52,30,1200,300
251,0,210,91.68,50,5750,250
252,0,210,84.96,35,10000,400
253,0,210,37.62,50,350,350
254,0,210,61.86,50,1200,150
255,0,210,59.99,10,900,450
256,0,210,72.38,10,8100,450
257,0,210,66.75,40,8650,50
258,0,210,17.45,10,9450,350
259,0,210,38.0,10,2500,250
260,0,210,34.72,45,600,150
261,0,210,14.46,25,2600,200
262,0,210,45.04,45,3600,450
263,0,210,42.23,5,5000,200
264,0,210,83.76,35,4750,50
265,0,210,26.53,35,2600,200
266,0,210,30.51,30,4700,50
267,0,210,99.17,10,3200,400
268,0,210,73.94,35,3850,350
269,0,210,57.68,25,6000,500
270,0,210,30.02,45,6300,350
271,0,210,55.67,45,8650,50
272,0,210,65.31,5,4950,150
273,0,210,67.45,25,500,50
274,0,210,89.0,40,2500,250
275,0,210,81.51,10,6750,450
276,0,210,49.9,30,9750,250
277,0,210,30.73,10,8100,300
278,0,210,67.25,25,3300,300
279,0,210,19.2,20,9000,250
280,0,210,66.66,15,2850,150
281,0,210,78.12,50,200,200
282,0,210,54.9,15,8400,400
283,0,210,56.05,25,1500,500
284,0,210,29.84,45,4950,150
285,0,210,90.86,35,2500,500
286,0,210,74.43,40,6450,150
287,0,210,63.41,5,4500,450
288,0,210,35.82,35,800,400
289,0,210,55.67,40,6400,200
290,0,210,13.61,15,8000,500
291,0,210,78.15,45,6300,300
292,0,210,23.42,50,1750,250
293,0,210,54.2,20,7200,450
294,0,210,14.47,10,6900,300
295,0,210,81.39,15,5000,250
296,0,210,92.75,20,6750,450
297,0,210,22.21,20,6500,500
298,0,210,13.19,50,250,50
299,0,210,19.44,15,8750,350
300,0,210,87.47,35,3900,300
301,0,210,43.52,30,4500,450
302,0,210,96.0,15,7800,300
303,0,210,21.99,50,4500,300
304,0,210,15.53,50,2800,400
305,0,210,53.68,15,6500,500
306,0,210,96.06,45,3600,200
307,0,210,52.46,20,8750,350
308,0,210,93.42,10,8200,200
309,0,210,78.33,20,8100,450
310,0,210,96.29,35,3200,200
311,0,210,25.65,50,3600,300
312,0,210,98.9,35,9800,350
313,0,210,61.32,20,4000,500
314,0,210,83.24,45,1300,50
315,0,210,77.61,35,5000,250
316,0,210,57.13,10,9100,50
317,0,210,47.56,25,5700,300
318,0,210,56.81,10,4650,50
319,0,210,42.66,20,7800,50
320,0,210,55.4,45,10000,400
321,0,210,45.57,50,6650,350
322,0,210,11.1,45,4500,300
323,0,210,72.75,50,2400,300
324,0,210,41.23,35,4000,500
325,0,210,64.76,15,1200,200
326,0,210,11.12,20,4800,150
327,0,210,13.95,45,7000,350
328,0,210,98.98,35,3600,200
329,0,210,12.47,35,1600,400
330,0,210,50.56,30,2700,100
331,0,210,15.23,40,2800,350
332,0,210,79.98,30,9600,400
333,0,210,35.71,25,2000,200
334,0,210,95.43,30,450,450
335,0,210,74.41,40,5850,450
336,0,210,71.06,20,1500,250
337,0,210,92.61,15,9300,300
338,0,210,88.83,20,1250,250
339,0,210,96.42,50,8600,200
340,0,210,36.64,5,7050,150
341,0,210,58.65,45,8000,400
342,0,210,51.52,5,9000,250
343,0,210,58.66,10,300,300
344,0,210,29.19,35,4900,350
345,0,210,52.53,45,5250,150
346,0,210,53.64,30,7650,450
347,0,210,58.74,10,7600,400
348,0,210,23.29,30,2400,400
349,0,210,36.87,45,900,300
350,0,210,12.25,10,8000,500
351,0,210,19.32,10,2400,50
352,0,210,48.09,15,400,400
353,0,210,88.59,10,2800,200
354,0,210,79.97,20,2100,150
355,0,210,85.24,35,1500,250
356,0,210,33.24,45,2250,450
357,0,210,33.96,10,900,100
358,0,210,49.51,20,6400,200
359,0,210,47.86,5,1500,250
360,0,210,43.32,40,8000,400
361,0,210,23.48,20,7050,150
362,0,210,69.26,50,1350,450
363,0,210,91.62,25,7000,350
364,0,210,45.8,15,4250,250
365,0,210,21.41,50,900,300
366,0,210,14.74,40,9200,200
367,0,210,27.84,15,4700,50
368,0,210,67.35,50,9800,350
369,0,210,55.06,45,3150,450
370,0,210,81.17,10,2250,450
371,0,210,30.74,20,8400,300
372,0,210,63.73,10,6600,300
373,0,210,98.8,30,5400,450
374,0,210,31.88,20,3500,500
375,0,210,40.71,20,2250,450
376,0,210,88.14,40,4200,150
377,0,210,87.8,15,6000,200
378,0,210,27.79,50,1000,200
379,0,210,39.72,45,3000,200
380,0,210,83.0,15,2250,450
381,0,210,16.48,25,2750,250
382,0,210,22.83,35,6650,350
383,0,210,74.11,35,3150,450
384,0,210,60.29,15,7200,450
385,0,210,76.7,25,2800,350
386,0,210,20.36,45,3500,350
387,0,210,69.44,30,10000,400
388,0,210,85.23,50,3850,350
389,0,210,70.69,40,8100,150
390,0,210,65.49,50,600,50
391,0,210,22.69,15,6600,200
392,0,210,18.62,35,3150,450
393,0,210,33.7,25,8500,500
394,0,210,18.52,50,7250,50
395,0,210,76.59,35,450,150
396,0,210,52.47,30,3600,450
397,0,210,41.31,45,400,400
398,0,210,54.18,25,2900,100
399,0,210,71.31,30,2000,400
400,0,210,14.27,35,1500,250
401,0,210,56.6,25,2300,100
402,0,210,42.02,30,7200,400
403,0,210,58.22,45,750,150
404,0,210,94.6,40,2400,100
405,0,210,41.92,10,9000,450
406,0,210,12.63,25,5000,200
407,0,210,20.96,45,3400,200
408,0,210,73.31,40,1400,200
409,0,210,20.48,40,9000,450
410,0,210,44.95,45,3500,500
411,0,210,18.75,50,8050,350
412,0,210,59.16,40,5400,100
413,0,210,42.57,20,8900,100
414,0,210,69.49,30,900,450
415,0,210,76.92,45,8750,350
416,0,210,87.86,25,4800,200
417,0,210,11.6,5,9500,50
418,0,210,82.51,45,1100,100
419,0,210,49.58,5,9250,250
420,0,210,63.72,10,6300,100
421,0,210,44.84,25,600,200
422,0,210,96.27,25,8400,200
423,0,210,39.65,10,5700,100
424,0,210,89.66,5,4500,100
425,0,210,63.84,35,8750,350
426,0,210,50.15,50,5100,100
427,0,210,71.04,45,10000,500
428,0,210,60.73,5,6400,200
429,0,210,99.62,45,8400,300
430,0,210,87.83,30,4200,200
431,0,210,48.05,35,6500,500
432,0,210,96.18,25,3600,400
433,0,210,97.58,40,750,250
434,0,210,75.39,5,2700,450
435,0,210,47.01,50,8200,100
436,0,210,54.86,15,5650,50
437,0,210,77.17,50,8400,200
438,0,210,25.4,35,9100,350
439,0,210,85.21,25,500,50
440,0,210,69.25,35,6500,500
441,0,210,61.17,40,8750,350
442,0,210,32.0,35,3200,400
443,0,210,41.92,15,2700,450
444,0,210,72.86,15,6000,200
445,0,210,89.87,10,800,400
446,0,210,31.97,40,8100,300
447,0,210,46.76,15,2250,250
448,0,210,76.15,15,6300,350
449,0,210,94.8,10,250,250
450,0,210,66.74,40,7350,350
451,0,210,30.27,50,6000,500
452,0,210,65.93,10,7000,350
453,0,210,37.32,20,1800,300
454,0,210,10.36,5,1600,100
455,0,210,11.65,50,10000,400
456,0,210,23.2,30,9650,50
457,0,210,86.91,25,8000,200
458,0,210,68.57,10,1000,50
459,0,210,88.76,20,9000,450
460,0,210,14.55,25,4900,100
461,0,210,74.07,40,2000,500
462,0,210,23.64,40,9150,150
463,0,210,85.39,30,7750,50
464,0,210,41.89,10,7650,450
465,0,210,63.15,15,1350,450
466,0,210,60.42,45,10000,500
467,0,210,70.71,15,4250,250
468,0,210,55.84,50,3500,500
469,0,210,19.72,15,3750,250
470,0,210,68.14,10,7200,450
471,0,210,85.92,5,800,100
472,0,210,87.44,45,6400,400
473,0,210,57.78,10,3850,350
474,0,210,73.38,45,7050,150
475,0,210,23.19,45,7700,100
476,0,210,93.43,5,6100,100
477,0,210,51.63,50,2700,450
478,0,210,48.89,10,5750,250
479,0,210,61.82,40,600,200
480,0,210,99.95,20,4500,300
481,0,210,97.55,50,6400,200
482,0,210,43.45,25,4400,100
483,0,210,86.55,45,1500,300
484,0,210,59.78,30,4200,350
485,0,210,70.09,20,1400,350
486,0,210,47.66,35,3500,250
487,0,210,23.19,25,5750,250
488,0,210,97.99,30,8000,500
489,0,210,28.18,10,3250,250
490,0,210,90.76,45,4250,250
491,0,210,56.42,10,1350,150
492,0,210,21.09,20,4050,50
493,0,210,75.94,5,6200,200
494,0,210,73.37,40,8100,300
495,0,210,54.85,25,3600,450
496,0,210,24.68,40,9800,100
497,0,210,83.2,40,7350,350
498,0,210,11.29,35,4800,100
499,0,210,48.27,35,1500,500
500,0,210,34.57,35,7350,150
501,0,210,30.78,25,5800,50
502,0,210,15.14,40,5850,450
503,0,210,92.18,50,3200,400
504,0,210,66.34,50,4750,250
505,0,210,35.45,50,2550,150
506,0,210,51.12,30,9600,400
507,0,210,14.48,10,9100,50
508,0,210,28.39,5,6000,300
509,0,210,99.64,10,2200,200
510,0,210,67.68,20,9100,100
511,0,210,79.43,45,4800,100
512,0,210,93.52,10,1500,500
513,0,210,80.91,5,5400,450
514,0,210,83.14,15,4800,150
515,0,210,93.84,5,3600,400
516,0,210,63.93,15,7200,400
517,0,210,16.1,45,3950,50
518,0,210,99.36,45,8000,400
519,0,210,60.46,30,7200,200
520,0,210,24.7,10,9200,200
521,0,210,35.2,50,8400,150
522,0,210,66.3,5,5600,50
523,0,210,83.62,20,6300,300
524,0,210,80.75,5,2000,200
525,0,210,90.0,25,4000,250
526,0,210,32.63,15,4200,300
527,0,210,22.07,20,10000,250
528,0,210,32.3,15,1000,200
529,0,210,82.42,50,1200,400
530,0,210,77.3,50,8550,450
531,0,210,14.08,45,4050,450
532,0,210,23.82,10,6200,200
533,0,210,77.59,25,7000,100
534,0,210,67.02,10,9450,350
535,0,210,29.76,30,8050,350
536,0,210,51.36,45,2500,500
537,0,210,16.63,40,7200,450
538,0,210,94.85,50,1200,400
539,0,210,25.56,50,4400,200
540,0,210,83.48,30,4250,250
541,0,210,54.19,40,1050,350
542,0,210,24.61,30,2450,350
543,0,210,26.06,20,9800,350
544,0,210,30.59,35,8000,500
545,0,210,35.7,30,7200,150
546,0,210,76.41,15,800,200
547,0,210,87.96,20,4600,50
548,0,210,57.74,15,4950,150
549,0,210,49.36,5,1800,450
550,0,210,68.02,50,500,500
551,0,210,11.29,35,4000,500
552,0,210,25.98,20,7000,200
553,0,210,27.81,45,5250,350
554,0,210,57.36,35,9300,300
555,0,210,12.84,45,1750,350
556,0,210,87.12,5,9450,450
557,0,210,64.58,20,7500,250
558,0,210,90.86,45,4950,150
559,0,210,66.86,20,3200,400
560,0,210,46.95,40,5600,50
561,0,210,50.27,35,5250,250
562,0,210,92.82,35,7200,400
563,0,210,27.92,50,5150,50
564,0,210,62.04,25,3000,300
565,0,210,23.4,10,10000,100
566,0,210,30.77,25,7350,350
567,0,210,41.06,35,7950,150
568,0,210,14.9,45,6800,400
569,0,210,21.03,10,800,100
570,0,210,41.78,45,750,150
571,0,210,24.12,30,3600,200
572,0,210,42.67,15,7150,50
573,0,210,14.1,5,3800,200
574,0,210,24.81,10,8050,350
575,0,210,67.35,45,4800,400
576,0,210,14.33,15,4950,450
577,0,210,62.51,15,8400,350
578,0,210,93.9,15,4200,350
579,0,210,85.15,10,2000,400
580,0,210,71.27,50,8000,400
581,0,210,14.88,45,700,350
582,0,210,47.52,5,7600,200
583,0,210,25.16,5,2500,500
584,0,210,26.45,50,5700,300
585,0,210,58.09,30,2400,300
586,0,210,58.71,15,1750,350
587,0,210,49.48,25,3150,450
588,0,210,97.01,30,1050,50
589,0,210,91.51,15,6300,300
590,0,210,21.35,25,1500,250
591,0,210,13.18,35,7350,350
592,0,210,45.3,20,2800,400
593,0,210,40.98,45,1500,300
594,0,210,27.33,30,1050,350
595,0,210,84.95,15,9250,50
596,0,210,13.42,45,6800,400
597,0,210,77.49,30,8400,150
598,0,210,39.67,50,5950,350
599,0,210,35.12,20,5950,350
600,0,210,36.29,20,1500,300
601,0,210,65.64,20,9600,150
602,0,210,66.72,10,4800,100
603,0,210,25.76,30,100,100
604,0,210,78.13,20,9200,200
605,0,210,86.74,50,8400,200
606,0,210,72.21,10,8400,200
607,0,210,68.07,20,2000,500
608,0,210,97.4,45,2700,150
609,0,210,11.72,25,9500,250
610,0,210,26.4,25,8000,500
611,0,210,82.02,35,8750,250
612,0,210,95.3,25,6000,400
613,0,210,58.72,45,4800,400
614,0,210,53.08,50,7500,250
615,0,210,63.2,40,5600,50
616,0,210,12.69,20,2000,400
617,0,210,40.44,45,4950,150
618,0,210,87.67,30,800,200
619,0,210,41.83,40,3600,300
620,0,210,60.46,40,3900,50
621,0,210,46.16,35,9500,500
622,0,210,81.22,20,7800,100
623,0,210,59.12,10,6650,350
624,0,210,88.47,10,5800,100
625,0,210,83.56,30,750,150
626,0,210,75.37,25,6500,500
627,0,210,25.76,50,600,300
628,0,210,17.84,25,1800,450
629,0,210,75.18,50,7500,500
630,0,210,13.38,20,6800,50
631,0,210,47.67,40,7000,350
632,0,210,31.85,15,8000,500
633,0,210,74.73,40,1650,150
634,0,210,52.04,15,6800,200
635,0,210,93.95,45,10000,500
636,0,210,30.23,15,3000,300
637,0,210,27.97,35,6150,50
638,0,210,69.62,10,3500,500
639,0,210,42.15,10,9000,500
640,0,210,11.91,5,450,450
641,0,210,23.46,5,5100,300
642,0,210,34.74,35,2700,100
643,0,210,55.61,30,3150,450
644,0,210,81.35,30,700,350
645,0,210,87.94,25,2000,500
646,0,210,21.27,10,8700,300
647,0,210,78.18,25,3400,200
648,0,210,33.23,50,3000,300
649,0,210,21.5,50,6000,500
650,0,210,94.2,45,7950,150
651,0,210,21.07,25,4200,300
652,0,210,90.7,45,8500,250
653,0,210,37.42,45,3250,250
654,0,210,21.42,25,3000,300
655,0,210,56.95,5,3600,450
656,0,210,52.06,15,2250,150
657,0,210,91.79,40,4550,350
658,0,210,26.58,30,4500,500
659,0,210,76.33,25,3300,150
660,0,210,40.91,45,9000,300
661,0,210,17.8,5,1400,350
662,0,210,17.87,10,8400,150
663,0,210,61.04,20,7350,350
664,0,210,24.85,30,3750,250
665,0,210,59.84,50,6650,350
666,0,210,37.73,45,8000,400
667,0,210,70.1,50,1250,250
668,0,210,37.56,50,9000,500
669,0,210,52.2,50,2000,200
670,0,210,88.66,10,1500,500
671,0,210,62.67,25,5850,150
672,0,210,69.44,45,6000,300
673,0,210,77.66,30,4800,150
674,0,210,99.86,25,1500,250
675,0,210,53.34,15,8000,250
676,0,210,31.62,40,3600,450
677,0,210,40.64,25,7200,450
678,0,210,79.99,45,2000,400
679,0,210,14.54,40,1500,500
680,0,210,18.58,40,9450,450
681,0,210,90.21,20,5200,400
682,0,210,50.79,35,7000,100
683,0,210,21.29,45,4000,400
684,0,210,14.18,40,7750,250
685,0,210,47.71,15,2800,400
686,0,210,76.75,10,8500,50
687,0,210,53.08,30,9750,250
688,0,210,76.12,50,4200,150
689,0,210,44.24,30,3850,350
690,0,210,75.71,50,9600,200
691,0,210,38.02,20,2400,100
692,0,210,53.94,40,3300,150
693,0,210,72.71,25,7700,100
694,0,210,85.46,30,5500,250
695,0,210,94.25,10,6000,400
696,0,210,55.51,35,3500,350
697,0,210,29.78,15,6650,50
698,0,210,41.35,10,6000,200
699,0,210,23.49,30,5500,100
700,0,210,86.95,40,5350,50
701,0,210,22.37,50,3850,50
702,0,210,99.78,25,700,350
703,0,210,81.87,40,8400,150
704,0,210,81.01,50,8100,300
705,0,210,84.03,50,3000,300
706,0,210,22.78,45,6000,200
707,0,210,13.04,45,2200,50
708,0,210,89.02,5,7100,50
709,0,210,65.95,30,1000,200
710,0,210,98.47,5,7650,150
711,0,210,78.36,50,1950,150
712,0,210,51.21,45,3150,450
713,0,210,17.75,50,9500,100
714,0,210,42.57,45,3550,50
715,0,210,79.48,20,8750,350
716,0,210,90.57,25,8400,400
717,0,210,22.96,50,2100,350
718,0,210,65.85,5,400,50
719,0,210,18.04,40,5800,200
720,0,210,25.18,25,7800,200
721,0,210,74.23,10,8100,150
722,0,210,12.55,50,3300,150
723,0,210,97.63,20,2800,400
724,0,210,33.97,45,6400,200
725,0,210,33.3,50,3150,150
726,0,210,34.82,30,8500,500
727,0,210,22.96,5,900,450
728,0,210,91.05,15,9000,450
729,0,210,80.65,40,6250,250
730,0,210,58.05,30,7650,50
731,0,210,71.31,40,7200,300
732,0,210,13.4,30,9700,100
733,0,210,79.92,15,3600,450
734,0,210,62.31,5,7500,500
735,0,210,21.13,45,5400,200
736,0,210,77.14,25,3200,100
737,0,210,62.02,45,8550,450
738,0,210,54.62,25,8000,400
739,0,210,32.94,40,9800,200
740,0,210,87.2,15,3900,300
741,0,210,74.01,15,9600,150
742,0,210,47.28,30,9250,50
743,0,210,17.37,5,4500,300
744,0,210,95.54,35,7000,250
745,0,210,67.62,40,3150,350
746,0,210,87.22,30,5950,350
747,0,210,55.55,10,3600,450
748,0,210,22.74,40,9900,450
749,0,210,52.64,15,2800,350
750,0,210,21.18,35,7900,100
751,0,210,26.57,40,1750,350
752,0,210,28.21,10,3600,200
753,0,210,19.88,45,8100,300
754,0,210,32.02,45,1350,450
755,0,210,17.32,20,9600,150
756,0,210,53.74,20,4850,50
757,0,210,38.96,40,5600,350
758,0,210,10.92,45,4200,300
759,0,210,29.47,15,4200,150
760,0,210,25.61,15,7500,300
761,0,210,35.81,15,2000,500
762,0,210,60.57,45,6000,500
763,0,210,18.65,10,2800,350
764,0,210,40.15,20,6300,450
765,0,210,14.83,45,5250,250
766,0,210,14.38,20,6250,250
767,0,210,40.98,25,9450,450
768,0,210,37.78,5,8100,450
769,0,210,50.9,25,4950,50
770,0,210,86.57,40,8850,150
771,0,210,11.66,25,9800,100
772,0,210,90.51,50,7000,350
773,0,210,95.99,30,5850,450
774,0,210,88.35,35,10000,500
775,0,210,20.96,45,4000,400
776,0,210,87.95,45,7000,500
777,0,210,95.57,30,7400,200
778,0,210,45.04,30,5400,450
779,0,210,82.26,20,10000,200
780,0,210,36.78,30,4550,350
781,0,210,99.75,20,5300,50
782,0,210,99.06,30,4000,100
783,0,210,77.5,40,5500,500
784,0,210,28.66,10,6750,450
785,0,210,54.08,5,2750,250
786,0,210,14.11,10,3150,350
787,0,210,34.68,15,8800,200
788,0,210,11.7,15,1200,200
789,0,210,35.15,10,4500,250
790,0,210,35.11,45,6000,250
791,0,210,62.73,30,7950,150
792,0,210,40.32,50,5000,50
793,0,210,75.9,45,1350,450
794,0,210,89.24,5,2000,400
795,0,210,78.51,35,2100,350
796,0,210,58.65,50,8050,350
797,0,210,75.61,25,7800,50
798,0,210,72.96,15,1200,150
799,0,210,91.09,30,7650,450
800,0,210,72.36,50,8750,250
801,0,210,19.68,30,200,200
802,0,210,99.92,25,1050,350
803,0,210,98.24,45,6500,100
804,0,210,34.01,10,800,100
805,0,210,14.09,10,7500,500
806,0,210,34.93,35,4900,350
807,0,210,90.14,50,2700,300
808,0,210,26.82,35,9450,450
809,0,210,89.63,40,50,50
810,0,210,68.88,35,4500,300
811,0,210,25.33,50,7800,200
812,0,210,71.99,20,8400,350
813,0,210,90.8,20,8150,50
814,0,210,39.64,15,5850,450
815,0,210,93.85,40,5400,200
816,0,210,54.44,5,6000,500
817,0,210,54.48,5,2000,500
818,0,210,63.91,25,5100,300
819,0,210,52.68,10,5250,150
820,0,210,82.02,45,3250,50
821,0,210,43.32,35,9600,400
822,0,210,95.06,35,2700,150
823,0,210,18.36,30,6000,300
824,0,210,63.26,45,2800,350
825,0,210,18.84,40,6000,500
826,0,210,71.98,40,3150,450
827,0,210,61.77,30,7400,100
828,0,210,78.55,15,5800,200
829,0,210,69.28,40,2600,100
830,0,210,73.88,5,4350,150
831,0,210,90.31,35,700,350
832,0,210,59.77,50,9900,450
833,0,210,47.16,20,7000,350
834,0,210,76.04,10,5300,50
835,0,210,62.11,20,9500,250
836,0,210,83.47,30,9450,150
837,0,210,11.54,35,7800,150
838,0,210,71.59,15,9900,450
839,0,210,37.62,35,8850,50
840,0,210,62.45,10,4500,300
841,0,210,80.1,40,7250,250
842,0,210,64.22,15,9100,350
843,0,210,23.33,40,4250,250
844,0,210,50.9,50,9900,450
845,0,210,95.84,10,8800,400
846,0,210,66.91,10,3000,200
847,0,210,12.77,10,7600,200
848,0,210,37.91,10,4550,350
849,0,210,53.53,20,3500,500
850,0,210,61.57,15,7400,200
851,0,210,89.71,20,5600,400
852,0,210,84.58,40,4800,400
853,0,210,70.96,45,800,400
854,0,210,54.76,15,9900,450
855,0,210,98.6,25,4200,300
856,0,210,39.49,40,9800,350
857,0,210,39.83,35,8500,500
858,0,210,94.28,45,5650,50
859,0,210,97.23,25,4050,450
860,0,210,47.73,35,8400,400
861,0,210,81.41,15,4800,300
862,0,210,21.79,35,6750,450
863,0,210,16.61,45,3450,150
864,0,210,98.37,15,5800,200
865,0,210,51.91,45,3000,150
866,0,210,86.4,45,3850,350
867,0,210,13.09,15,3600,450
868,0,210,95.38,40,7950,150
869,0,210,32.59,5,7650,450
870,0,210,34.27,10,2000,100
871,0,210,27.71,5,7800,200
872,0,210,47.13,5,2100,300
873,0,210,49.57,45,1000,500
874,0,210,49.1,45,7650,50
875,0,210,37.76,30,4800,200
876,0,210,59.22,40,200,100
877,0,210,58.42,40,1600,100
878,0,210,78.68,40,400,400
879,0,210,55.58,5,8100,450
880,0,210,85.92,50,1200,300
881,0,210,58.43,35,6250,250
882,0,210,22.36,25,4900,350
883,0,210,99.55,10,5800,100
884,0,210,24.98,25,4000,500
885,0,210,21.57,40,700,350
886,0,210,14.58,5,9200,400
887,0,210,92.38,30,8750,350
888,0,210,21.02,45,1200,200
889,0,210,41.33,35,3500,500
890,0,210,39.24,30,2750,250
891,0,210,91.58,25,9000,50
892,0,210,32.28,10,3000,300
893,0,210,26.07,45,2100,350
894,0,210,90.17,20,8100,150
895,0,210,87.13,35,5000,250
896,0,210,55.95,45,600,100
897,0,210,62.29,25,10000,500
898,0,210,22.55,15,7800,50
899,0,210,41.42,20,8800,200
900,0,210,66.94,40,1850,50
901,0,210,52.5,20,2600,200
902,0,210,40.24,40,450,450
903,0,210,36.41,50,450,450
904,0,210,75.09,10,5000,500
905,0,210,22.89,50,1000,250
906,0,210,64.15,35,600,300
907,0,210,33.02,45,2250,250
908,0,210,75.9,10,4900,350
909,0,210,65.66,15,1500,500
910,0,210,96.61,30,5500,250
911,0,210,97.72,30,1150,50
912,0,210,29.75,45,7200,50
913,0,210,51.17,20,8200,200
914,0,210,96.63,50,8100,450
915,0,210,61.37,5,2400,150
916,0,210,94.53,50,6500,500
917,0,210,54.71,20,700,50
918,0,210,41.19,30,8400,300
919,0,210,95.25,20,9000,250
920,0,210,76.81,30,9100,350
921,0,210,13.09,45,7800,200
922,0,210,37.53,15,4200,50
923,0,210,89.42,5,4050,450
924,0,210,36.48,45,4500,450
925,0,210,95.88,35,6900,50
926,0,210,81.38,50,7000,100
927,0,210,38.15,5,8000,250
928,0,210,19.81,50,7200,450
929,0,210,36.43,10,3900,50
930,0,210,46.13,40,8800,100
931,0,210,37.72,5,900,450
932,0,210,46.07,20,7600,400
933,0,210,77.59,5,4000,200
934,0,210,38.09,50,3750,250
935,0,210,31.34,50,5000,100
936,0,210,32.55,45,7650,150
937,0,210,67.18,45,4500,500
938,0,210,82.6,40,400,200
939,0,210,66.4,20,7500,500
940,0,210,63.1,30,1350,150
941,0,210,78.16,25,10000,500
942,0,210,86.22,40,9450,450
943,0,210,28.82,45,800,400
944,0,210,55.17,25,9350,50
945,0,210,78.51,15,7200,300
946,0,210,29.79,35,2000,500
947,0,210,69.75,45,2100,350
948,0,210,40.24,5,1500,500
949,0,210,45.92,45,5000,200
950,0,210,77.61,40,1500,300
951,0,210,59.42,45,4000,250
952,0,210,22.82,25,3000,500
953,0,210,32.12,50,1050,350
954,0,210,17.43,50,8550,50
955,0,210,93.23,5,1200,200
956,0,210,92.86,30,6000,250
957,0,210,41.95,35,4200,350
958,0,210,56.56,35,200,50
959,0,210,25.11,45,9450,450
960,0,210,26.69,35,7400,200
961,0,210,42.21,40,6800,200
962,0,210,48.86,5,8000,100
963,0,210,53.02,25,9450,350
964,0,210,41.39,5,1050,350
965,0,210,55.17,20,9300,300
966,0,210,77.77,40,3350,50
967,0,210,61.8,25,6000,500
968,0,210,47.66,15,6500,250
969,0,210,21.87,20,5000,500
970,0,210,10.26,10,2800,100
971,0,210,18.09,20,8400,350
972,0,210,56.18,15,600,200
973,0,210,20.06,10,7350,350
974,0,210,46.83,45,8100,300
975,0,210,22.63,15,9150,50
976,0,210,72.4,20,8400,300
977,0,210,71.99,10,450,450
978,0,210,62.39,30,7000,500
979,0,210,64.68,10,1350,150
980,0,210,64.85,5,5400,450
981,0,210,36.81,50,7200,150
982,0,210,33.21,25,8200,100
983,0,210,63.74,10,5750,50
984,0,210,51.93,35,8250,150
985,0,210,82.72,50,3850,350
986,0,210,64.79,50,1050,150
987,0,210,63.41,30,7500,150
988,0,210,82.13,15,8700,300
989,0,210,73.95,40,2000,400
990,0,210,65.73,15,3600,450
991,0,210,82.58,50,250,250
992,0,210,62.78,20,3500,250
993,0,210,77.32,10,4150,50
994,0,210,12.56,50,6700,100
995,0,210,28.77,20,1200,400
996,0,210,22.24,45,350,350
997,0,210,53.6,15,2400,400
998,0,210,40.55,30,1200,400
999,0,210,78.71,30,4000,50
1000,0,210,40.57,25,9000,500
1001,0,210,38.62,45,3500,350
1002,0,210,45.52,35,5700,100
1003,0,210,41.18,10,2000,400
1004,0,210,73.72,20,6300,450
1005,0,210,49.05,10,3150,150
1006,0,210,11.61,15,9600,150
1007,0,210,87.05,45,8400,400
1008,0,210,76.11,5,9200,400
1009,0,210,27.94,45,4350,150
1010,0,210,30.01,50,7000,200
1011,0,210,11.54,45,8000,250
1012,0,210,16.8,10,9000,300
1013,0,210,54.97,5,2700,300
1014,0,210,53.67,5,5200,200
1015,0,210,43.73,25,7200,450
1016,0,210,14.01,15,8100,300
1017,0,210,56.46,50,10000,200
1018,0,210,63.05,40,4200,150
1019,0,210,98.26,20,1400,50
1020,0,210,93.23,25,1800,200
1021,0,210,50.07,40,2200,100
1022,0,210,57.74,50,1600,200
1023,0,210,34.32,50,4950,450
1024,0,210,63.76,5,6000,250
1025,0,210,69.21,20,6400,50
1026,0,210,99.13,15,6150,50
1027,0,210,66.78,50,6750,150
1028,0,210,98.67,35,2800,400
1029,0,210,82.25,20,1500,500
1030,0,210,89.05,30,700,350
1031,0,210,24.66,5,6900,300
1032,0,210,83.37,15,5250,350
1033,0,210,41.4,35,8400,50
1034,0,210,49.38,40,9300,100
1035,0,210,21.67,45,1600,200
1036,0,210,27.51,50,5700,300
1037,0,210,16.31,15,4350,150
1038,0,210,47.6,15,7000,500
1039,0,210,64.16,50,8400,300
1040,0,210,55.47,20,900,450
1041,0,210,97.42,15,5950,350
1042,0,210,83.36,10,3150,350
1043,0,210,81.11,5,9250,250
1044,0,210,20.25,45,9600,300
1045,0,210,24.05,15,7000,50
1046,0,210,71.05,5,5000,250
1047,0,210,61.54,30,2250,250
1048,0,210,45.88,5,1350,450
1049,0,210,22.19,40,4700,100
1050,0,210,53.24,25,8800,400
1051,0,210,73.96,15,4500,150
1052,0,210,63.31,10,2300,50
1053,0,210,17.0,40,450,450
1054,0,210,60.25,30,7200,400
1055,0,210,33.19,50,3150,450
1056,0,210,94.74,15,5250,350
1057,0,210,55.1,25,8800,200
1058,0,210,20.55,45,7700,350
1059,0,210,69.3,20,2750,250
1060,0,210,71.45,40,6800,200
1061,0,210,91.53,5,2500,50
1062,0,210,37.23,45,5400,300
1063,0,210,13.89,40,8050,350
1064,0,210,40.12,10,7200,450
1065,0,210,86.45,50,4850,50
1066,0,210,85.41,15,6150,150
1067,0,210,28.46,35,9100,100
1068,0,210,82.57,10,8800,200
1069,0,210,96.57,50,6300,350
1070,0,210,75.62,5,6000,250
1071,0,210,80.15,45,9350,50
1072,0,210,84.08,45,7200,450
1073,0,210,46.32,20,1200,400
1074,0,210,58.23,25,9900,450
1075,0,210,19.58,50,2700,450
1076,0,210,25.07,45,9200,200
1077,0,210,33.72,25,7200,400
1078,0,210,73.7,5,6100,100
1079,0,210,35.99,20,6900,50
1080,0,210,31.34,40,4400,100
1081,0,210,46.02,10,5800,200
1082,0,210,53.99,15,1700,100
1083,0,210,94.62,40,1350,450
1084,0,210,47.74,40,6300,450
1085,0,210,29.98,5,4650,150
1086,0,210,89.81,5,2000,100
1087,0,210,21.23,35,6400,400
1088,0,210,80.33,10,700,350
1089,0,210,92.0,30,800,400
1090,0,210,28.92,50,1950,150
1091,0,210,98.95,5,700,350
1092,0,210,62.06,15,1200,200
1093,0,210,62.86,20,6000,300
1094,0,210,70.38,5,1350,150
1095,0,210,62.27,45,8100,450
1096,0,210,16.82,35,7500,250
1097,0,210,92.26,25,5300,100
1098,0,210,59.76,15,1500,300
1099,0,210,43.34,15,3900,100
1100,0,210,27.1,35,8700,100
1101,0,210,68.06,50,3400,200
1102,0,210,50.38,10,6900,100
1103,0,210,95.39,30,9600,100
1104,0,210,50.01,15,6150,150
1105,0,210,65.26,15,5750,250
1106,0,210,15.48,20,6900,150
1107,0,210,48.52,45,6000,400
1108,0,210,76.85,45,5800,200
1109,0,210,69.67,50,800,400
1110,0,210,16.34,5,3500,350
1111,0,210,12.54,45,9000,300
1112,0,210,51.14,30,700,100
1113,0,210,11.35,20,2700,450
1114,0,210,61.48,45,8600,200
1115,0,210,42.23,30,8500,500
1116,0,210,40.08,45,6000,150
1117,0,210,62.78,45,7100,50
1118,0,210,61.75,15,6850,50
1119,0,210,89.64,5,2600,100
1120,0,210,74.58,15,1200,150
1121,0,210,76.69,50,6300,300
1122,0,210,16.39,30,150,50
1123,0,210,18.77,25,6650,50
1124,0,210,62.68,5,5600,350
1125,0,210,98.69,50,9000,150
1126,0,210,25.12,35,5200,200
1127,0,210,87.36,30,4200,300
1128,0,210,91.48,45,1750,350
1129,0,210,19.62,10,9200,200
1130,0,210,81.2,10,3000,500
1131,0,210,50.99,40,3150,350
1132,0,210,82.55,30,1500,150
1133,0,210,32.57,40,7500,150
1134,0,210,50.41,40,3000,150
1135,0,210,84.39,30,6800,50
1136,0,210,15.8,20,150,150
1137,0,210,49.67,50,4800,300
1138,0,210,61.07,25,9000,100
1139,0,210,54.91,15,8100,450
1140,0,210,46.89,50,3000,250
1141,0,210,13.6,15,6150,150
1142,0,210,90.02,20,8100,150
1143,0,210,73.3,30,7200,200
1144,0,210,22.99,45,10000,500
1145,0,210,68.86,50,7500,300
1146,0,210,49.53,15,1800,450
1147,0,210,26.68,40,5600,100
1148,0,210,62.13,35,4050,450
1149,0,210,97.67,25,3300,300
1150,0,210,60.28,10,900,450
1151,0,210,28.75,45,2250,150
1152,0,210,81.01,45,5100,300
1153,0,210,15.71,40,4950,150
1154,0,210,55.21,5,3300,50
1155,0,210,32.18,20,3450,50
1156,0,210,26.23,25,9800,350
1157,0,210,62.51,20,4500,500
1158,0,210,19.43,45,4900,350
1159,0,210,88.32,45,9600,400
1160,0,210,44.03,35,7100,50
1161,0,210,51.6,30,3150,450
1162,0,210,11.05,50,9900,300
1163,0,210,39.03,30,2000,500
1164,0,210,93.54,25,6500,250
1165,0,210,55.39,50,10000,500
1166,0,210,98.05,50,1500,150
1167,0,210,35.82,50,7600,200
1168,0,210,38.46,50,5400,450
1169,0,210,49.73,40,3600,450
1170,0,210,76.06,25,5850,150
1171,0,210,41.15,30,6500,250
1172,0,210,82.19,10,9600,400
1173,0,210,93.27,50,3000,300
1174,0,210,92.12,10,7250,50
1175,0,210,67.03,5,1800,450
1176,0,210,61.56,25,8550,150
1177,0,210,96.48,40,3850,350
1178,0,210,59.52,45,1200,300
1179,0,210,25.78,50,5800,100
1180,0,210,73.89,40,9000,500
1181,0,210,35.46,35,1200,100
1182,0,210,68.44,30,1650,150
1183,0,210,48.04,10,250,250
1184,0,210,52.6,30,9300,300
1185,0,210,25.39,30,9900,150
1186,0,210,37.74,40,2500,500
1187,0,210,53.03,15,8100,100
1188,0,210,46.31,30,4650,150
1189,0,210,28.81,30,10000,400
1190,0,210,92.6,25,9200,200
1191,0,210,56.01,20,3700,100
1192,0,210,76.39,50,2500,500
1193,0,210,53.52,10,900,150
1194,0,210,93.25,30,5700,300
1195,0,210,87.95,25,2100,50
1196,0,210,67.96,5,5800,200
1197,0,210,75.33,5,9100,100
1198,0,210,69.53,10,3500,350
1199,0,210,42.48,5,7200,200
1200,0,210,79.43,50,3200,400
1201,0,210,90.41,45,6600,100
1202,0,210,76.57,10,2100,350
1203,0,210,35.01,30,200,200
1204,0,210,65.48,45,450,450
1205,0,210,72.43,45,1200,50
1206,0,210,56.38,10,4300,100
1207,0,210,59.14,20,4800,400
1208,0,210,28.51,15,400,400
1209,0,210,59.45,5,8100,300
1210,0,210,20.41,20,4050,450
1211,0,210,65.21,50,4050,150
1212,0,210,63.56,10,8600,200
1213,0,210,55.49,45,3500,350
1214,0,210,58.09,20,5850,450
1215,0,210,56.15,30,5500,500
1216,0,210,71.78,30,1600,400
1217,0,210,61.85,30,9350,50
1218,0,210,36.39,10,7650,150
1219,0,210,65.55,20,3150,350
1220,0,210,87.26,10,1200,200
1221,0,210,13.12,25,1050,350
1222,0,210,25.3,5,8500,500
1223,0,210,62.9,30,3600,450
1224,0,210,92.42,10,8100,450
1225,0,210,23.0,50,3200,50
1226,0,210,54.31,40,4500,500
1227,0,210,11.14,45,5000,500
1228,0,210,86.85,45,4950,450
1229,0,210,84.76,15,3000,150
1230,0,210,54.87,30,3400,100
1231,0,210,31.33,10,750,250
1232,0,210,94.65,15,8200,200
1233,0,210,81.45,35,8000,200
1234,0,210,33.84,25,6900,300
1235,0,210,89.69,10,8500,500
1236,0,210,65.19,25,4900,350
1237,0,210,60.88,5,2100,150
1238,0,210,72.85,10,8800,200
1239,0,210,61.7,35,9200,400
1240,0,210,72.42,40,5600,100
1241,0,210,10.25,15,8050,50
1242,0,210,18.75,50,5400,450
1243,0,210,38.57,5,8400,300
1244,0,210,47.59,20,8800,400
1245,0,210,75.62,35,5200,200
1246,0,210,79.94,15,8500,500
1247,0,210,20.87,20,400,400
1248,0,210,80.48,40,6750,450
1249,0,210,10.95,25,6400,400
1250,0,210,33.69,40,450,150
1251,0,210,34.37,25,6300,100
1252,0,210,74.12,35,1000,200
1253,0,210,62.0,30,7150,50
1254,0,210,59.49,5,4200,300
1255,0,210,83.14,25,1500,150
1256,0,210,57.95,35,7200,450
1257,0,210,89.92,15,8400,200
1258,0,210,93.33,15,4000,400
1259,0,210,74.9,10,8300,100
1260,0,210,34.51,30,2100,350
1261,0,210,39.53,5,7200,200
1262,0,210,87.96,10,10000,400
1263,0,210,33.5,25,1050,350
1264,0,210,34.5,40,400,400
1265,0,210,87.37,25,2000,500
1266,0,210,54.16,15,4800,300
1267,0,210,13.76,20,9600,100
1268,0,210,65.48,35,9900,150
1269,0,210,64.43,45,8000,500
1270,0,210,17.93,20,6300,350
1271,0,210,33.41,15,500,500
1272,0,210,88.88,15,1200,150
1273,0,210,88.67,10,4500,500
1274,0,210,28.71,45,7400,50
1275,0,210,67.37,50,10000,500
1276,0,210,70.6,5,3500,500
1277,0,210,22.23,25,5600,400
1278,0,210,83.54,15,3600,100
1279,0,210,59.14,5,1650,50
1280,0,210,60.05,25,1200,300
1281,0,210,48.35,35,7500,100
1282,0,210,12.24,20,1500,500
1283,0,210,84.53,50,600,100
1284,0,210,72.64,15,6150,50
1285,0,210,73.03,5,5000,500
1286,0,210,88.49,30,9250,250
1287,0,210,82.52,10,7350,350
1288,0,210,90.8,30,3000,300
1289,0,210,66.44,35,1500,500
1290,0,210,72.0,20,3450,150
1291,0,210,98.42,25,8200,200
1292,0,210,48.43,20,9000,500
1293,0,210,39.06,40,5950,350
1294,0,210,56.52,20,4200,200
1295,0,210,94.24,20,1400,200
1296,0,210,23.84,20,2700,300
1297,0,210,57.46,50,1350,450
1298,0,210,18.95,40,5600,200
1299,0,210,91.2,5,3600,150
1300,0,210,56.2,15,6200,100
1301,0,210,74.93,35,700,350
1302,0,210,94.37,5,9500,250
1303,0,210,59.65,50,4600,200
1304,0,210,80.4,50,1400,350
1305,0,210,71.75,5,9200,200
1306,0,210,92.01,5,9750,150
1307,0,210,50.99,40,1200,200
1308,0,210,25.45,30,3200,400
1309,0,210,10.24,45,5850,450
1310,0,210,97.28,45,3700,50
1311,0,210,77.04,50,900,450
1312,0,210,31.33,25,9000,450
1313,0,210,99.48,50,5500,100
1314,0,210,44.73,30,200,100
1315,0,210,51.45,40,4350,150
1316,0,210,19.29,25,9750,250
1317,0,210,64.81,50,6400,100
1318,0,210,16.97,10,6900,300
1319,0,210,18.46,20,6800,400
1320,0,210,10.71,40,2250,450
1321,0,210,77.0,10,4000,400
1322,0,210,54.59,30,5400,300
1323,0,210,83.82,50,7700,350
1324,0,210,69.32,35,9450,350
1325,0,210,56.25,25,1800,150
1326,0,210,62.09,5,2550,150
1327,0,210,92.96,10,2750,250
1328,0,210,91.98,10,4250,250
1329,0,210,95.78,25,9450,450
1330,0,210,34.69,10,3500,500
1331,0,210,91.41,40,200,200
1332,0,210,32.93,5,450,150
1333,0,210,70.24,50,4750,250
1334,0,210,21.23,35,5600,400
1335,0,210,82.41,40,9300,300
1336,0,210,66.48,40,6800,400
1337,0,210,93.81,25,7200,450
1338,0,210,47.96,30,9600,150
1339,0,210,26.74,40,9300,100
1340,0,210,13.21,25,8800,100
1341,0,210,73.08,40,2500,500
1342,0,210,48.38,5,10000,400
1343,0,210,39.82,35,2250,450
1344,0,210,54.61,15,4500,500
1345,0,210,19.55,45,6900,300
1346,0,210,23.95,20,8500,250
1347,0,210,20.99,45,900,100
1348,0,210,81.26,50,5500,500
1349,0,210,86.97,40,9200,400
1350,0,210,30.91,35,2700,450
1351,0,210,20.06,25,1800,200
1352,0,210,59.42,50,2500,100
1353,0,210,18.31,5,6300,450
1354,0,210,37.98,50,4000,400
1355,0,210,36.07,35,8850,150
1356,0,210,21.1,40,2000,500
1357,0,210,27.57,25,5850,450
1358,0,210,60.07,30,4200,300
1359,0,210,13.23,5,6050,50
1360,0,210,82.69,10,6650,350
1361,0,210,11.19,40,9000,250
1362,0,210,72.95,35,7200,400
1363,0,210,79.18,35,8800,50
1364,0,210,86.95,20,5250,350
1365,0,210,14.25,40,4600,100
1366,0,210,23.93,50,9100,350
1367,0,210,80.38,40,4550,350
1368,0,210,83.57,20,4350,150
1369,0,210,16.46,50,4950,450
1370,0,210,73.49,45,1800,450
1371,0,210,79.82,45,3200,400
1372,0,210,73.14,50,7800,150
1373,0,210,72.72,45,3500,350
1374,0,210,32.9,20,2500,500
1375,0,210,61.86,20,4550,50
1376,0,210,49.66,40,500,250
1377,0,210,43.54,20,2700,150
1378,0,210,22.76,35,6100,100
1379,0,210,59.37,15,9250,250
1380,0,210,26.44,35,5850,150
1381,0,210,40.17,40,7500,500
1382,0,210,57.66,10,1900,100
1383,0,210,28.07,40,1800,200
1384,0,210,90.6,30,3800,200
1385,0,210,99.36,35,4200,300
1386,0,210,41.62,35,6650,50
1387,0,210,53.09,25,800,400
1388,0,210,80.91,40,6300,450
1389,0,210,32.99,50,7050,150
1390,0,210,39.69,45,2000,400
1391,0,210,32.77,20,900,450
1392,0,210,14.22,25,7000,500
1393,0,210,37.29,25,2400,300
1394,0,210,60.4,45,1000,250
1395,0,210,54.68,20,9800,200
1396,0,210,45.28,25,8100,50
1397,0,210,36.9,50,5850,450
1398,0,210,24.23,5,1350,450
1399,0,210,68.86,30,700,350
1400,0,210,95.1,20,9100,350
1401,0,210,58.57,40,1400,200
1402,0,210,53.09,45,7200,400
1403,0,210,73.32,15,4050,150
1404,0,210,92.76,25,6500,500
1405,0,210,59.63,5,1500,500
1406,0,210,45.73,35,9650,50
1407,0,210,46.7,35,900,100
1408,0,210,65.69,20,10000,400
1409,0,210,66.2,10,9000,500
1410,0,210,24.13,40,3750,150
1411,0,210,33.23,10,3000,500
1412,0,210,33.43,20,7000,200
1413,0,210,36.08,50,500,500
1414,0,210,35.87,35,2600,100
1415,0,210,64.86,10,1800,450
1416,0,210,19.91,50,7200,400
1417,0,210,31.4,15,1400,350
1418,0,210,17.55,25,2800,400
1419,0,210,55.66,10,9450,50
1420,0,210,49.1,35,6750,450
1421,0,210,25.99,40,3500,500
1422,0,210,24.02,5,2700,300
1423,0,210,73.43,30,5500,500
1424,0,210,79.26,10,6500,500
1425,0,210,22.48,15,1200,400
1426,0,210,58.78,5,4550,350
1427,0,210,43.5,30,3500,500
1428,0,210,10.61,35,3150,450
1429,0,210,74.11,45,4500,450
1430,0,210,90.21,10,7650,150
1431,0,210,99.82,40,9800,100
1432,0,210,81.44,50,2100,150
1433,0,210,76.28,20,7050,150
1434,0,210,28.85,35,6150,50
1435,0,210,98.24,30,6900,300
1436,0,210,77.75,45,7700,350
1437,0,210,92.84,45,2400,200
1438,0,210,70.63,25,9000,500
1439,0,210,47.04,50,8000,400
1440,0,210,11.38,15,4950,450
1441,0,210,92.07,20,5950,350
1442,0,210,11.09,30,1600,400
1443,0,210,59.6,50,1500,300
1444,0,210,61.56,25,3200,400
1445,0,210,37.42,5,3800,50
1446,0,210,95.57,45,3200,200
1447,0,210,54.48,25,3600,150
1448,0,210,94.95,10,6300,150
1449,0,210,17.98,40,8800,400
1450,0,210,30.39,15,4050,450
1451,0,210,57.5,15,500,250
1452,0,210,69.22,30,9700,100
1453,0,210,13.62,10,750,250
1454,0,210,69.97,10,6900,300
1455,0,210,71.24,45,7200,450
1456,0,210,14.99,30,9500,500
1457,0,210,59.94,15,7600,400
1458,0,210,84.95,5,1400,350
1459,0,210,96.63,45,500,500
1460,0,210,91.38,35,8750,350
1461,0,210,47.86,45,8000,250
1462,0,210,76.31,30,2000,250
1463,0,210,81.87,20,6400,200
1464,0,210,39.93,20,1200,300
1465,0,210,13.02,25,5200,50
1466,0,210,20.43,50,5250,150
1467,0,210,23.49,40,8700,300
1468,0,210,62.04,25,4500,300
1469,0,210,59.87,10,4750,250
1470,0,210,80.15,30,6000,300
1471,0,210,84.7,45,6000,250
1472,0,210,14.89,50,6400,400
1473,0,210,55.44,35,9000,500
1474,0,210,56.78,30,9700,100
1475,0,210,55.93,5,9450,450
1476,0,210,30.85,10,9500,500
1477,0,210,37.92,30,9500,500
1478,0,210,18.1,10,3150,150
1479,0,210,92.62,5,6000,500
1480,0,210,85.31,5,6100,50
1481,0,210,34.91,5,3900,50
1482,0,210,77.37,25,4400,400
1483,0,210,75.2,25,5500,250
1484,0,210,88.05,20,5000,200
1485,0,210,56.43,5,4000,500
1486,0,210,88.27,15,8100,300
1487,0,210,66.35,35,2800,200
1488,0,210,93.03,40,6400,50
1489,0,210,37.6,5,2000,100
1490,0,210,20.81,20,800,400
1491,0,210,20.46,20,1500,100
1492,0,210,41.73,20,350,350
1493,0,210,46.14,25,4050,450
1494,0,210,73.28,10,2800,100
1495,0,210,50.28,40,5250,150
1496,0,210,74.88,10,800,400
1497,0,210,79.5,10,1000,200
1498,0,210,25.1,25,9000,250
1499,0,210,35.86,5,9300,300
1500,0,210,17.75,5,6500,500
1501,0,210,36.8,5,1000,200
1502,0,210,35.72,30,6000,500
1503,0,210,60.69,30,450,450
1504,0,210,63.82,25,4900,350
1505,0,210,90.41,30,7600,400
1506,0,210,54.41,50,8500,50
1507,0,210,10.05,10,6300,450
1508,0,210,92.06,50,2900,50
1509,0,210,62.33,20,3300,50
1510,0,210,46.14,45,3600,200
1511,0,210,86.62,20,3300,300
1512,0,210,92.52,20,3600,400
1513,0,210,10.28,30,2100,350
1514,0,210,88.29,30,1400,350
1515,0,210,38.26,10,5200,400
1516,0,210,35.57,40,5600,400
1517,0,210,88.47,20,4800,400
1518,0,210,23.51,15,4400,400
1519,0,210,23.1,15,7850,50
1520,0,210,39.47,5,1500,500
1521,0,210,88.18,40,5600,350
1522,0,210,63.39,50,6300,350
1523,0,210,96.78,50,8100,450
1524,0,210,71.5,25,7200,450
1525,0,210,52.97,35,2250,450
1526,0,210,48.23,30,5500,250
1527,0,210,76.96,20,3600,300
1528,0,210,37.57,20,3000,200
1529,0,210,33.69,50,1600,400
1530,0,210,17.71,30,8750,250
1531,0,210,10.05,20,1900,50
1532,0,210,35.23,40,1800,200
1533,0,210,18.21,30,6900,300
1534,0,210,67.58,10,1500,150
1535,0,210,25.14,45,9750,150
1536,0,210,95.25,25,500,500
1537,0,210,80.83,35,6300,350
1538,0,210,77.31,30,8200,200
1539,0,210,70.2,45,7200,300
1540,0,210,86.64,25,9750,250
1541,0,210,76.44,20,9800,100
1542,0,210,73.71,35,6400,400
1543,0,210,25.47,10,6750,50
1544,0,210,10.09,20,7500,300
1545,0,210,94.45,45,5000,250
1546,0,210,15.54,5,3600,400
1547,0,210,59.08,35,6600,300
1548,0,210,94.99,35,7100,100
1549,0,210,97.37,45,5200,400
1550,0,210,34.11,15,7200,100
1551,0,210,99.93,50,7000,250
1552,0,210,24.87,35,2000,500
1553,0,210,49.18,30,9000,450
1554,0,210,94.79,40,7200,200
1555,0,210,92.76,50,900,450
1556,0,210,36.27,20,5600,100
1557,0,210,38.39,20,1500,500
1558,0,210,24.61,10,1400,100
1559,0,210,90.48,50,9400,200
1560,0,210,66.22,10,5700,300
1561,0,210,80.84,20,6400,200
1562,0,210,40.69,45,3500,100
1563,0,210,48.67,40,1500,100
1564,0,210,53.03,10,6600,150
1565,0,210,97.22,40,2000,500
1566,0,210,24.83,35,5500,500
1567,0,210,87.35,50,6700,100
1568,0,210,85.71,15,1600,200
1569,0,210,20.33,35,3850,350
1570,0,210,18.86,30,8400,100
1571,0,210,95.02,10,2250,450
1572,0,210,86.76,40,7600,400
1573,0,210,77.05,5,7500,500
1574,0,210,96.17,20,4800,400
1575,0,210,69.81,25,4650,150
1576,0,210,63.46,20,7900,100
1577,0,210,30.06,15,1800,450
1578,0,210,14.11,45,2750,250
1579,0,210,72.96,5,6000,150
1580,0,210,72.72,30,9000,500
1581,0,210,34.24,20,4500,450
1582,0,210,42.32,5,1600,50
1583,0,210,19.47,20,3500,500
1584,0,210,34.23,50,800,200
1585,0,210,92.88,20,1800,200
1586,0,210,42.2,40,7200,450
1587,0,210,71.01,30,1500,300
1588,0,210,67.31,10,6600,200
1589,0,210,48.49,40,3150,450
1590,0,210,82.18,15,8250,50
1591,0,210,56.06,30,2800,350
1592,0,210,46.02,5,4600,200
1593,0,210,63.48,30,7000,250
1594,0,210,24.08,10,200,200
1595,0,210,32.2,35,6300,350
1596,0,210,37.93,10,5300,100
1597,0,210,15.46,20,7500,300
1598,0,210,15.38,50,7400,200
1599,0,210,55.76,30,8400,400
1600,0,210,51.2,25,7600,400
1601,0,210,12.32,30,4100,100
1602,0,210,42.54,50,9500,100
1603,0,210,13.55,50,6750,450
1604,0,210,35.3,25,3450,50
1605,0,210,92.0,25,900,300
1606,0,210,30.24,10,3150,150
1607,0,210,11.94,35,1000,250
1608,0,210,90.08,20,7800,300
1609,0,210,52.02,35,9000,150
1610,0,210,81.55,5,2700,450
1611,0,210,18.1,25,6750,250
1612,0,210,28.37,5,2400,100
1613,0,210,83.74,40,800,400
1614,0,210,94.25,35,6500,500
1615,0,210,58.48,30,9650,50
1616,0,210,47.05,20,5400,450
1617,0,210,96.31,20,4000,400
1618,0,210,57.9,50,4400,400
1619,0,210,29.51,20,2700,450
1620,0,210,31.61,15,7500,500
1621,0,210,25.35,15,8750,250
1622,0,210,87.08,15,9450,350
1623,0,210,65.56,25,4600,100
1624,0,210,59.15,45,1200,150
1625,0,210,91.41,50,6650,350
1626,0,210,55.47,50,2700,150
1627,0,210,69.07,5,7750,250
1628,0,210,74.9,15,400,400
1629,0,210,63.11,20,500,50
1630,0,210,46.01,20,7500,100
1631,0,210,67.95,5,4500,150
1632,0,210,47.18,20,5200,100
1633,0,210,89.99,45,4950,150
1634,0,210,41.94,20,1200,400
1635,0,210,95.22,30,1750,250
1636,0,210,15.88,50,6600,300
1637,0,210,90.14,35,1200,400
1638,0,210,73.93,10,7400,200
1639,0,210,85.79,10,7000,500
1640,0,210,79.33,10,800,100
1641,0,210,77.53,5,10000,250
1642,0,210,58.04,25,250,250
1643,0,210,15.61,45,9150,150
1644,0,210,94.8,35,3250,250
1645,0,210,34.05,30,10000,100
1646,0,210,89.82,5,3900,150
1647,0,210,57.89,10,7650,450
1648,0,210,37.27,10,5750,50
1649,0,210,91.29,50,4200,350
1650,0,210,69.26,40,2800,350
1651,0,210,81.66,40,5250,150
1652,0,210,71.87,25,9600,150
1653,0,210,77.09,25,350,350
1654,0,210,51.75,15,5700,300
1655,0,210,67.51,15,8050,50
1656,0,210,24.71,30,4450,50
1657,0,210,91.71,10,1500,250
1658,0,210,20.08,40,2500,250
1659,0,210,45.56,10,9000,500
1660,0,210,97.13,15,1350,450
1661,0,210,88.84,25,9600,150
1662,0,210,22.31,35,3700,50
1663,0,210,50.68,5,900,450
1664,0,210,78.57,40,2700,450
1665,0,210,36.29,45,9450,150
1666,0,210,90.71,45,3400,100
1667,0,210,49.87,5,3000,500
1668,0,210,72.78,25,5200,100
1669,0,210,71.36,5,5000,500
1670,0,210,76.62,15,4000,400
1671,0,210,66.96,45,8700,150
1672,0,210,82.57,20,3100,100
1673,0,210,66.05,15,5250,150
1674,0,210,76.31,50,4000,250
1675,0,210,99.48,5,3150,450
1676,0,210,28.04,40,9500,500
1677,0,210,86.86,35,7000,200
1678,0,210,52.81,5,450,450
1679,0,210,52.75,25,7200,450
1680,0,210,63.28,50,8300,100
1681,0,210,84.44,25,1750,350
1682,0,210,48.72,25,1050,350
1683,0,210,96.23,35,2400,400
1684,0,210,66.52,25,2100,350
1685,0,210,27.86,10,1400,350
1686,0,210,44.99,5,2200,50
1687,0,210,47.06,35,7500,250
1688,0,210,58.79,35,50,50
1689,0,210,78.73,10,9000,500
1690,0,210,50.69,35,7950,150
1691,0,210,75.89,35,6500,250
1692,0,210,66.04,15,7050,150
1693,0,210,39.88,30,7500,250
1694,0,210,18.73,5,2700,150
1695,0,210,79.83,50,6000,250
1696,0,210,99.77,5,5100,150
1697,0,210,13.95,15,4900,100
1698,0,210,82.59,15,6000,200
1699,0,210,17.75,5,1250,250
1700,0,210,31.04,30,9100,350
1701,0,210,66.57,50,4100,100
1702,0,210,79.03,45,1000,200
1703,0,210,82.7,35,1400,50
1704,0,210,33.1,20,2400,400
1705,0,210,19.32,40,2400,100
1706,0,210,21.69,45,5400,150
1707,0,210,36.62,45,4050,450
1708,0,210,17.37,35,1500,150
1709,0,210,47.41,20,4800,400
1710,0,210,40.82,25,5700,300
1711,0,210,92.29,45,8000,400
1712,0,210,87.96,10,2500,100
1713,0,210,57.1,15,5250,150
1714,0,210,13.83,25,2500,500
1715,0,210,57.42,40,6500,500
1716,0,210,79.67,10,7500,500
1717,0,210,47.84,15,5950,350
1718,0,210,11.93,5,1800,300
1719,0,210,26.04,40,8500,500
1720,0,210,24.43,35,300,100
1721,0,210,64.1,20,9250,250
1722,0,210,77.67,5,6000,200
1723,0,210,52.15,35,9550,50
1724,0,210,61.25,5,4400,400
1725,0,210,51.97,10,10000,100
1726,0,210,98.54,15,10000,200
1727,0,210,20.45,30,2200,100
1728,0,210,14.61,5,9050,50
1729,0,210,25.5,15,3500,250
1730,0,210,91.43,50,8250,150
1731,0,210,29.49,40,3600,150
1732,0,210,36.4,40,8600,200
1733,0,210,47.71,20,8000,500
1734,0,210,43.2,15,7500,300
1735,0,210,71.89,10,4700,100
1736,0,210,16.21,20,8100,450
1737,0,210,71.35,45,6400,200
1738,0,210,72.11,40,8100,150
1739,0,210,46.84,45,6900,150
1740,0,210,55.26,30,4500,450
1741,0,210,44.45,25,4200,300
1742,0,210,55.3,15,3200,200
1743,0,210,59.88,45,8450,50
1744,0,210,68.64,20,2450,350
1745,0,210,55.44,45,3000,500
1746,0,210,27.22,15,5550,50
1747,0,210,64.82,10,10000,500
1748,0,210,91.18,35,5500,100
1749,0,210,23.22,5,9200,400
1750,0,210,44.03,35,2800,100
1751,0,210,62.92,45,8100,450
1752,0,210,71.66,30,4400,200
1753,0,210,56.72,25,4350,150
1754,0,210,99.0,30,9900,450
1755,0,210,94.34,25,400,400
1756,0,210,10.58,30,7250,250
1757,0,210,89.37,5,6600,300
1758,0,210,43.86,30,9450,450
1759,0,210,66.73,50,6400,400
1760,0,210,36.42,15,9200,100
1761,0,210,93.21,50,1500,500
1762,0,210,11.15,40,450,150
1763,0,210,96.14,15,1750,250
1764,0,210,15.29,10,3700,100
1765,0,210,17.73,50,9450,350
1766,0,210,32.53,30,4000,500
1767,0,210,55.07,30,5600,350
1768,0,210,89.13,15,2000,500
1769,0,210,38.45,40,8800,400
1770,0,210,68.08,50,8800,400
1771,0,210,82.83,20,3750,50
1772,0,210,27.39,30,5400,300
1773,0,210,80.25,15,5600,350
1774,0,210,41.54,15,150,150
1775,0,210,33.03,40,6400,200
1776,0,210,47.12,50,6500,500
1777,0,210,10.38,35,2000,200
1778,0,210,16.61,25,4050,450
1779,0,210,63.42,50,6200,200
1780,0,210,86.6,10,450,50
1781,0,210,96.22,50,6900,300
1782,0,210,19.11,35,9900,100
1783,0,210,72.81,35,5250,50
1784,0,210,97.43,35,8400,300
1785,0,210,62.77,15,8650,50
1786,0,210,90.22,15,1200,400
1787,0,210,10.37,45,3000,150
1788,0,210,50.09,20,8600,200
1789,0,210,34.88,35,9900,450
1790,0,210,75.64,30,4000,500
1791,0,210,22.02,10,9450,150
1792,0,210,57.97,30,9900,300
1793,0,210,79.14,35,700,50
1794,0,210,95.75,20,1750,350
1795,0,210,29.14,5,2000,250
1796,0,210,34.89,20,6000,400
1797,0,210,10.62,50,9550,50
1798,0,210,31.74,15,2000,500
1799,0,210,44.46,10,6650,350
1800,0,210,11.08,50,6650,350
1801,0,210,49.17,30,8700,50
1802,0,210,52.68,20,5000,100
1803,0,210,10.2,50,4500,500
1804,0,210,72.68,45,4500,450
1805,0,210,30.63,20,6900,100
1806,0,210,68.66,5,7600,400
1807,0,210,13.42,50,8000,500
1808,0,210,59.64,40,6900,100
1809,0,210,97.61,25,9900,50
1810,0,210,44.8,50,5100,150
1811,0,210,23.61,20,8500,250
1812,0,210,57.19,20,3000,500
1813,0,210,35.09,20,5750,250
1814,0,210,51.3,45,4000,100
1815,0,210,97.49,45,600,200
1816,0,210,15.69,25,5200,400
1817,0,210,85.71,10,8400,400
1818,0,210,94.47,40,8000,100
1819,0,210,16.05,10,5300,50
1820,0,210,74.03,15,8750,350
1821,0,210,49.81,35,5600,400
1822,0,210,43.68,25,4800,150
1823,0,210,18.81,20,5900,100
1824,0,210,11.5,25,4550,350
1825,0,210,45.14,20,6650,350
1826,0,210,59.35,50,1500,250
1827,0,210,70.32,20,6800,400
1828,0,210,33.06,40,6650,350
1829,0,210,91.39,30,4250,250
1830,0,210,36.89,45,4050,450
1831,0,210,43.88,30,8750,350
1832,0,210,53.22,45,7400,200
1833,0,210,94.36,50,2450,350
1834,0,210,91.61,10,8550,450
1835,0,210,57.45,45,6000,300
1836,0,210,43.23,15,5200,400
1837,0,210,94.92,50,4550,350
1838,0,210,59.62,35,9450,50
1839,0,210,16.87,5,8700,150
1840,0,210,46.94,20,1300,50
1841,0,210,17.61,45,4000,200
1842,0,210,39.69,30,3150,350
1843,0,210,31.19,35,50,50
1844,0,210,89.94,30,7650,150
1845,0,210,44.11,15,3600,50
1846,0,210,41.1,35,2200,200
1847,0,210,35.37,30,5500,100
1848,0,210,27.33,40,3850,350
1849,0,210,36.27,40,1800,300
1850,0,210,42.48,30,7000,500
1851,0,210,15.07,50,7400,200
1852,0,210,94.88,35,6500,250
1853,0,210,34.0,25,3400,200
1854,0,210,56.6,50,2500,100
1855,0,210,68.74,25,4500,150
1856,0,210,48.7,5,6300,450
1857,0,210,72.8,45,300,100
1858,0,210,66.11,15,9450,350
1859,0,210,81.93,50,3600,300
1860,0,210,88.4,30,8600,200
1861,0,210,86.07,20,4700,100
1862,0,210,55.38,35,4000,400
1863,0,210,48.83,25,7200,150
1864,0,210,98.67,15,1050,350
1865,0,210,27.14,35,3150,350
1866,0,210,93.13,5,3000,200
1867,0,210,95.99,10,4000,500
1868,0,210,44.38,35,4500,500
1869,0,210,75.96,25,3600,400
1870,0,210,61.21,40,4950,450
1871,0,210,73.33,25,3200,200
1872,0,210,34.19,25,700,50
1873,0,210,75.63,35,800,400
1874,0,210,64.25,5,5600,350
1875,0,210,17.35,30,5200,200
1876,0,210,97.54,40,6900,150
1877,0,210,43.58,25,8700,150
1878,0,210,35.32,20,7400,100
1879,0,210,91.53,15,3300,150
1880,0,210,80.21,35,1600,100
1881,0,210,92.46,50,9900,450
1882,0,210,22.57,50,600,200
1883,0,210,49.05,5,2000,200
1884,0,210,63.31,10,8550,150
1885,0,210,75.83,30,6200,50
1886,0,210,31.87,5,5600,350
1887,0,210,62.61,35,7850,50
1888,0,210,90.75,50,7200,400
1889,0,210,83.52,10,6400,200
1890,0,210,10.33,30,4800,400
1891,0,210,86.62,20,5250,250
1892,0,210,60.21,20,4500,500
1893,0,210,31.74,50,9100,350
1894,0,210,15.96,20,6750,450
1895,0,210,46.47,15,5500,500
1896,0,210,92.53,25,5950,350
1897,0,210,12.89,15,1500,500
1898,0,210,78.11,45,3850,50
1899,0,210,90.12,50,1400,350
1900,0,210,74.67,50,700,350
1901,0,210,10.14,10,6400,50
1902,0,210,64.08,50,4950,450
1903,0,210,46.94,30,4550,350
1904,0,210,41.04,35,800,200
1905,0,210,11.69,35,5850,450
1906,0,210,46.56,35,6500,500
1907,0,210,28.67,35,7200,150
1908,0,210,88.4,40,7500,500
1909,0,210,29.81,5,800,400
1910,0,210,47.12,30,9100,350
1911,0,210,57.68,25,9000,250
1912,0,210,49.16,30,1500,500
1913,0,210,69.54,10,4500,150
1914,0,210,10.65,25,300,150
1915,0,210,27.48,45,5000,500
1916,0,210,48.23,45,10000,100
1917,0,210,92.18,10,9900,300
1918,0,210,55.8,20,1800,200
1919,0,210,40.37,50,2800,100
1920,0,210,98.27,15,8750,250
1921,0,210,18.46,5,4800,300
1922,0,210,56.37,50,6850,50
1923,0,210,87.42,30,9000,450
1924,0,210,38.49,30,7200,400
1925,0,210,86.47,20,900,150
1926,0,210,38.69,40,8750,50
1927,0,210,15.57,5,2250,450
1928,0,210,41.86,15,3000,500
1929,0,210,79.29,45,3900,100
1930,0,210,89.99,50,9800,200
1931,0,210,97.05,5,9000,150
1932,0,210,25.84,40,7350,350
1933,0,210,77.36,15,5850,450
1934,0,210,92.7,10,5850,450
1935,0,210,85.97,45,5500,50
1936,0,210,81.6,45,1350,450
1937,0,210,80.59,40,5850,50
1938,0,210,49.77,25,2500,500
1939,0,210,47.15,40,1100,100
1940,0,210,76.63,35,800,50
1941,0,210,75.16,35,9450,350
1942,0,210,55.99,10,3500,500
1943,0,210,32.2,50,8200,50
1944,0,210,95.96,15,3200,400
1945,0,210,50.09,40,1250,250
1946,0,210,50.19,40,5000,500
1947,0,210,87.77,10,4500,450
1948,0,210,56.75,25,3600,450
1949,0,210,98.48,40,4300,100
1950,0,210,23.52,50,7000,350
1951,0,210,11.12,30,9850,50
1952,0,210,71.35,30,2000,500
1953,0,210,18.56,45,9800,350
1954,0,210,98.67,50,5200,400
1955,0,210,67.78,20,8600,200
1956,0,210,73.98,10,1000,200
1957,0,210,79.38,25,9500,500
1958,0,210,75.01,5,7500,150
1959,0,210,16.6,35,3600,450
1960,0,210,15.67,20,3600,400
1961,0,210,26.28,40,6300,350
1962,0,210,14.81,40,1200,400
1963,0,210,86.88,15,5250,350
1964,0,210,42.87,40,9600,150
1965,0,210,61.06,50,600,150
1966,0,210,25.38,45,6750,450
1967,0,210,82.83,40,7600,400
1968,0,210,74.43,45,6450,50
1969,0,210,61.91,50,6000,400
1970,0,210,92.14,40,6800,400
1971,0,210,80.19,35,900,50
1972,0,210,82.07,40,6000,250
1973,0,210,58.01,35,6800,400
1974,0,210,97.77,15,1600,400
1975,0,210,60.11,5,9150,150
1976,0,210,39.37,25,3600,100
1977,0,210,23.92,40,6750,450
1978,0,210,72.28,5,9000,200
1979,0,210,55.24,5,1500,300
1980,0,210,34.18,40,9600,400
1981,0,210,28.67,25,1950,150
1982,0,210,89.03,25,6250,250
1983,0,210,43.09,25,4050,450
1984,0,210,49.55,15,6300,300
1985,0,210,64.53,25,1000,500
1986,0,210,31.77,40,8400,400
1987,0,210,81.54,10,2100,300
1988,0,210,88.11,5,350,350
1989,0,210,50.61,40,150,50
1990,0,210,87.65,25,1700,100
1991,0,210,11.65,45,1600,200
1992,0,210,54.95,20,2250,250
1993,0,210,56.08,35,9500,250
1994,0,210,31.19,30,1800,450
1995,0,210,32.63,20,6750,150
1996,0,210,73.94,30,6750,250
1997,0,210,68.2,15,9800,200
1998,0,210,44.26,45,10000,500
1999,0,210,34.11,45,500,250
2000,0,210,22.58,30,4950,150
2001,0,210,69.99,20,1000,250
2002,0,210,56.98,40,8100,150
2003,0,210,70.58,30,1600,200
2004,0,210,40.27,25,5800,200
2005,0,210,22.75,45,3600,300
2006,0,210,84.64,5,1400,100
2007,0,210,43.07,10,1200,300
2008,0,210,75.1,40,7000,500
2009,0,210,68.16,20,10000,250
2010,0,210,75.6,5,6800,400
2011,0,210,73.08,50,450,150
2012,0,210,44.07,15,7500,250
2013,0,210,95.21,35,9600,400
2014,0,210,35.14,45,3200,200
2015,0,210,83.69,50,3300,50
2016,0,210,21.87,45,1750,350
2017,0,210,66.86,20,1100,100
2018,0,210,20.3,10,5600,400
2019,0,210,72.95,50,3400,100
2020,0,210,53.03,30,500,500
2021,0,210,71.32,25,4050,450
2022,0,210,50.71,35,800,200
2023,0,210,44.45,45,4900,350
2024,0,210,82.63,25,5000,500
2025,0,210,53.19,30,3000,250
2026,0,210,70.35,20,6350,50
2027,0,210,90.18,45,7200,300
2028,0,210,50.44,25,10000,400
2029,0,210,79.25,20,9900,100
2030,0,210,95.35,40,3000,250
2031,0,210,40.51,35,4350,150
2032,0,210,13.54,40,9600,200
2033,0,210,13.97,50,5800,200
2034,0,210,52.72,10,8700,100
2035,0,210,76.51,30,7800,150
2036,0,210,72.48,20,9800,200
2037,0,210,89.81,10,3300,100
2038,0,210,75.1,15,7350,350
2039,0,210,99.42,40,4800,200
2040,0,210,55.81,25,3000,300
2041,0,210,77.17,10,2150,50
2042,0,210,36.39,25,8000,100
2043,0,210,62.4,45,7500,100
2044,0,210,88.17,35,4800,400
2045,0,210,69.11,20,5850,450
2046,0,210,83.5,35,9750,250
2047,0,210,49.46,40,1200,400
2048,0,210,16.8,40,7000,100
2049,0,210,45.81,30,9000,300
2050,0,210,48.98,30,6050,50
2051,0,210,56.64,15,1200,400
2052,0,210,81.62,30,7000,500
2053,0,210,63.69,35,8500,500
2054,0,210,39.62,15,6000,250
2055,0,210,60.43,50,9000,250
2056,0,210,83.63,40,8550,450
2057,0,210,34.37,45,2100,100
2058,0,210,86.07,15,4050,450
2059,0,210,58.36,10,8200,200
2060,0,210,66.97,45,4200,150
2061,0,210,38.22,10,6000,150
2062,0,210,68.46,15,6000,400
2063,0,210,36.92,25,7600,400
2064,0,210,39.27,20,7350,150
2065,0,210,47.75,5,4700,100
2066,0,210,52.88,15,6400,400
2067,0,210,91.57,50,5250,150
2068,0,210,35.68,15,2250,250
2069,0,210,95.65,40,10000,500
2070,0,210,93.99,30,9550,50
2071,0,210,24.12,40,2250,450
2072,0,210,31.16,25,9250,250
2073,0,210,32.63,50,6600,200
2074,0,210,88.49,35,1500,500
2075,0,210,82.21,50,2100,100
2076,0,210,16.43,10,5400,200
2077,0,210,89.89,40,4700,100
2078,0,210,84.62,45,7000,350
2079,0,210,96.1,30,3500,100
2080,0,210,12.28,45,9900,450
2081,0,210,41.42,35,7200,50
2082,0,210,12.61,45,9000,500
2083,0,210,27.67,20,9300,150
2084,0,210,67.44,50,5100,300
2085,0,210,70.95,40,5250,350
2086,0,210,51.14,25,9450,450
2087,0,210,86.61,5,5400,200
2088,0,210,14.82,10,3600,450
2089,0,210,58.67,10,450,450
2090,0,210,54.76,45,4500,450
2091,0,210,98.87,35,9500,500
2092,0,210,21.35,10,7600,400
2093,0,210,32.65,30,1500,300
2094,0,210,67.25,40,2400,200
2095,0,210,62.35,5,6750,450
2096,0,210,86.2,20,9800,100
2097,0,210,29.99,50,2000,500
2098,0,210,76.04,50,3750,250
2099,0,210,44.77,20,9250,250
