0,0,210,0.5,5,1000,50
1,0,210,1.63,40,1250,250
2,0,210,4.23,45,3500,500
3,0,210,4.68,30,4100,50
4,0,210,3.5,40,3000,50
5,0,210,2.15,5,8600,50
6,0,210,3.92,5,5850,450
7,0,210,2.2,30,9000,150
8,0,210,1.79,25,7000,250
9,0,210,2.92,30,1250,250
10,0,210,2.1,10,6100,100
11,0,210,4.1,20,5100,300
12,0,210,4.24,50,7500,500
13,0,210,0.83,50,4500,500
14,0,210,1.51,40,2700,450
15,0,210,0.69,20,9800,200
16,0,210,0.81,20,4000,500
17,0,210,3.88,5,8750,250
18,0,210,2.45,25,8400,400
19,0,210,3.98,25,6200,200
20,0,210,2.66,45,8000,500
21,0,210,4.79,20,8150,50
22,0,210,1.58,50,9200,400
23,0,210,0.76,10,9100,350
24,0,210,4.96,25,9200,400
25,0,210,4.18,15,8700,300
26,0,210,4.71,35,2450,350
27,0,210,1.38,50,6000,400
28,0,210,0.76,25,8500,500
29,0,210,4.46,20,9800,200
30,0,210,1.97,30,1200,400
31,0,210,1.89,25,2100,300
32,0,210,3.5,40,4400,200
33,0,210,3.83,40,8200,50
34,0,210,2.03,45,9600,150
35,0,210,1.32,25,1500,500
36,0,210,3.55,40,250,50
37,0,210,1.39,40,4500,250
38,0,210,1.69,5,6000,400
39,0,210,4.38,35,2650,50
40,0,210,0.82,15,1900,100
41,0,210,2.46,25,8850,150
42,0,210,0.97,5,3600,400
43,0,210,2.79,40,6750,250
44,0,210,3.02,15,4500,500
45,0,210,3.52,35,5250,250
46,0,210,3.14,20,9100,350
47,0,210,4.97,20,4050,450
48,0,210,0.92,45,5400,300
49,0,210,4.23,45,9900,300
50,0,210,1.72,5,5250,250
51,0,210,3.93,20,1600,200
52,0,210,3.73,5,1100,50
53,0,210,3.69,40,9000,150
54,0,210,1.93,40,1800,300
55,0,210,2.53,25,8600,100
56,0,210,2.04,5,3250,250
57,0,210,1.28,10,4400,200
58,0,210,2.08,45,5500,100
59,0,210,3.85,20,4000,250
60,0,210,4.41,5,6000,500
61,0,210,4.18,45,3150,350
62,0,210,4.89,15,900,150
63,0,210,4.99,20,1050,350
64,0,210,1.41,50,4900,100
65,0,210,3.45,10,8800,200
66,0,210,2.41,40,4500,450
67,0,210,1.02,50,4550,350
68,0,210,3.38,15,7000,250
69,0,210,1.91,45,5700,300
70,0,210,4.14,5,3150,350
71,0,210,1.27,25,4650,150
72,0,210,1.14,15,9900,450
73,0,210,1.49,5,4200,350
74,0,210,2.87,15,5800,50
75,0,210,1.83,30,3600,300
76,0,210,4.9,45,5200,400
77,0,210,1.83,25,9200,400
78,0,210,1.78,15,9300,100
79,0,210,1.9,45,9250,250
80,0,210,1.67,20,8650,50
81,0,210,3.48,35,9600,100
82,0,210,1.64,30,5100,300
83,0,210,3.28,30,550,50
84,0,210,4.29,45,6000,150
85,0,210,4.28,30,3500,250
86,0,210,4.31,25,3600,450
87,0,210,4.27,15,1750,250
88,0,210,0.97,25,5500,250
89,0,210,4.82,15,10000,400
90,0,210,3.36,25,6900,300
91,0,210,3.74,15,6250,250
92,0,210,1.07,30,4500,450
93,0,210,2.64,30,7200,450
94,0,210,4.52,45,2000,250
95,0,210,3.99,35,100,50
96,0,210,3.74,5,5200,400
97,0,210,4.42,15,2600,200
98,0,210,1.65,50,8400,350
99,0,210,1.41,15,7000,350
100,0,210,4.34,40,2500,500
101,0,210,4.51,35,4000,500
102,0,210,0.64,10,8400,350
103,0,210,2.87,5,8750,350
104,0,210,4.79,50,2000,200
105,0,210,3.91,40,1400,350
106,0,210,3.27,20,2800,400
107,0,210,2.85,35,2000,200
108,0,210,3.14,35,9400,200
109,0,210,4.54,50,6650,350
110,0,210,3.02,15,7200,450
111,0,210,4.49,35,7000,50
112,0,210,0.56,50,450,150
113,0,210,3.55,5,8400,200
114,0,210,3.88,10,5200,200
115,0,210,1.16,45,3250,250
116,0,210,1.08,40,3500,500
117,0,210,3.37,40,3900,150
118,0,210,1.5,5,2000,500
119,0,210,2.02,10,9400,200
120,0,210,1.73,10,8750,250
121,0,210,3.78,40,2000,500
122,0,210,0.98,10,3400,50
123,0,210,4.74,15,6750,450
124,0,210,2.47,10,6000,250
125,0,210,0.74,50,6000,400
126,0,210,1.39,10,7200,400
127,0,210,3.01,5,9400,50
128,0,210,1.97,45,4950,450
129,0,210,3.29,25,4000,500
130,0,210,3.45,30,9000,200
131,0,210,4.29,50,7500,500
132,0,210,4.18,45,1400,350
133,0,210,3.16,50,4800,150
134,0,210,2.02,35,9900,450
135,0,210,1.39,5,5500,250
136,0,210,1.82,5,5500,500
137,0,210,2.88,35,2550,150
138,0,210,1.65,20,900,300
139,0,210,3.77,40,6300,450
140,0,210,2.07,45,4800,300
141,0,210,1.25,35,8300,100
142,0,210,3.49,10,6000,500
143,0,210,4.6,25,8700,300
144,0,210,2.21,40,6300,100
145,0,210,1.25,45,6500,100
146,0,210,1.74,15,3300,100
147,0,210,3.13,45,10000,400
148,0,210,3.01,25,4000,500
149,0,210,2.22,15,4200,350
150,0,210,1.01,20,7000,500
151,0,210,3.3,40,4000,400
152,0,210,3.53,50,7800,200
153,0,210,1.1,50,9550,50
154,0,210,2.62,5,4000,50
155,0,210,4.6,10,2600,100
156,0,210,2.12,15,6300,350
157,0,210,4.91,35,7500,100
158,0,210,2.88,20,2400,400
159,0,210,0.75,30,3400,50
160,0,210,1.44,20,8000,200
161,0,210,2.73,45,1500,500
162,0,210,0.87,35,6600,100
163,0,210,2.09,50,500,500
164,0,210,1.58,5,4750,250
165,0,210,3.0,10,2200,100
166,0,210,4.56,50,1200,100
167,0,210,2.78,30,1600,200
168,0,210,1.73,5,4100,100
169,0,210,3.3,25,7500,300
170,0,210,1.51,50,4500,500
171,0,210,3.25,50,8700,100
172,0,210,3.52,40,7250,250
173,0,210,2.87,25,2450,350
174,0,210,4.41,10,7650,50
175,0,210,4.41,30,4500,300
176,0,210,4.8,30,1750,350
177,0,210,1.74,25,4400,200
178,0,210,2.7,45,7050,150
179,0,210,3.15,10,2000,500
180,0,210,4.14,20,900,450
181,0,210,2.01,50,8350,50
182,0,210,2.51,20,9600,300
183,0,210,4.58,50,9800,350
184,0,210,4.79,35,9600,400
185,0,210,4.77,10,5400,300
186,0,210,4.2,10,700,350
187,0,210,4.06,45,4050,450
188,0,210,2.35,20,4450,50
189,0,210,4.65,15,3350,50
190,0,210,0.68,45,9000,500
191,0,210,4.01,5,600,50
192,0,210,3.36,5,4000,200
193,0,210,2.52,35,9500,500
194,0,210,3.37,15,8500,500
195,0,210,4.9,35,5850,150
196,0,210,0.63,35,8500,500
197,0,210,2.39,45,4800,150
198,0,210,3.49,5,3150,150
199,0,210,4.18,10,900,450
200,0,210,2.02,40,500,500
201,0,210,3.81,20,2700,450
202,0,210,1.35,20,5400,300
203,0,210,0.76,10,9600,400
204,0,210,2.42,50,1400,350
205,0,210,1.11,10,6300,350
206,0,210,2.58,30,4200,350
207,0,210,2.96,10,3750,150
208,0,210,4.67,50,1350,150
209,0,210,0.55,10,2100,350
210,0,210,1.33,10,4750,250
211,0,210,1.57,15,9600,400
212,0,210,1.72,15,6300,50
213,0,210,3.87,40,2800,350
214,0,210,2.41,35,2400,400
215,0,210,4.81,30,2500,100
216,0,210,3.2,10,2050,50
217,0,210,0.73,40,2800,350
218,0,210,3.43,50,8000,500
219,0,210,2.43,25,4000,500
220,0,210,0.76,20,2600,200
221,0,210,4.01,45,8400,350
222,0,210,2.3,25,9900,100
223,0,210,0.68,10,4000,200
224,0,210,4.77,20,5850,450
225,0,210,4.07,30,6300,300
226,0,210,0.8,5,6000,200
227,0,210,4.49,50,9000,200
228,0,210,1.83,5,4200,300
229,0,210,1.84,20,7200,150
230,0,210,1.99,20,2400,200
231,0,210,2.96,5,3600,450
232,0,210,1.65,50,2250,250
233,0,210,1.32,10,1500,300
234,0,210,3.7,40,3150,350
235,0,210,1.04,45,7000,500
236,0,210,4.69,10,9500,100
237,0,210,4.49,15,5000,500
238,0,210,3.86,5,4700,100
239,0,210,0.61,10,5000,100
240,0,210,0.73,25,9600,400
241,0,210,1.6,5,9200,400
242,0,210,1.85,35,4000,250
243,0,210,0.66,25,5150,50
244,0,210,0.64,10,4400,400
245,0,210,4.33,25,3600,450
246,0,210,2.78,25,8700,300
247,0,210,0.9,10,9300,150
248,0,210,4.66,15,6650,350
249,0,210,2.44,10,8250,150
250,0,210,4.28,25,3150,450
251,0,210,2.0,10,7600,200
252,0,210,3.76,45,5700,150
253,0,210,3.6,40,1600,400
254,0,210,4.1,35,4400,400
255,0,210,4.74,30,9750,150
256,0,210,3.1,30,1000,500
257,0,210,1.42,20,5550,50
258,0,210,3.88,40,6250,250
259,0,210,1.24,45,9900,450
260,0,210,2.12,25,150,150
261,0,210,4.06,20,800,400
262,0,210,2.18,5,2250,450
263,0,210,1.19,45,7000,500
264,0,210,1.08,25,5100,300
265,0,210,4.46,25,5400,150
266,0,210,1.59,20,4900,350
267,0,210,0.61,25,7000,350
268,0,210,4.82,10,2500,250
269,0,210,2.34,50,2450,350
270,0,210,0.7,30,8250,150
271,0,210,3.59,20,5850,150
272,0,210,3.5,15,10000,500
273,0,210,3.66,15,5000,500
274,0,210,4.64,25,2600,100
275,0,210,4.58,50,900,450
276,0,210,4.5,45,9000,300
277,0,210,4.4,40,8750,350
278,0,210,2.43,15,3900,300
279,0,210,1.22,35,9550,50
280,0,210,0.79,5,5950,350
281,0,210,1.35,10,400,400
282,0,210,3.46,30,5000,200
283,0,210,3.63,25,4300,100
284,0,210,4.03,25,3000,200
285,0,210,0.61,15,4050,450
286,0,210,4.73,50,4000,400
287,0,210,2.25,10,10000,400
288,0,210,0.6,25,1900,100
289,0,210,3.73,20,5400,450
290,0,210,3.74,50,400,200
291,0,210,4.22,5,5400,450
292,0,210,3.84,5,9650,50
293,0,210,4.95,50,2400,200
294,0,210,0.65,15,1400,350
295,0,210,1.18,40,3950,50
296,0,210,2.24,5,1800,450
297,0,210,2.12,5,3000,300
298,0,210,1.06,35,4900,350
299,0,210,1.27,30,3250,250
300,0,210,3.85,10,8750,350
301,0,210,0.81,10,1350,450
302,0,210,3.62,10,2400,200
303,0,210,1.43,10,3400,200
304,0,210,3.63,15,5500,500
305,0,210,4.89,25,9100,350
306,0,210,1.69,45,9100,350
307,0,210,1.4,5,8400,300
308,0,210,2.03,10,5700,100
309,0,210,4.99,25,6900,300
310,0,210,1.34,15,3750,250
311,0,210,3.11,50,4000,500
312,0,210,4.96,25,4100,50
313,0,210,2.91,20,9750,150
314,0,210,3.97,20,6500,500
315,0,210,2.19,40,5600,400
316,0,210,3.08,50,5600,200
317,0,210,2.27,5,1950,150
318,0,210,0.7,20,4200,300
319,0,210,0.89,10,9000,500
320,0,210,4.41,5,5100,300
321,0,210,3.76,10,9000,500
322,0,210,3.38,5,6250,250
323,0,210,4.12,25,6500,500
324,0,210,1.27,50,2000,100
325,0,210,2.57,40,4800,400
326,0,210,1.92,15,6500,250
327,0,210,0.93,30,5400,450
328,0,210,4.06,40,900,450
329,0,210,3.94,40,9900,100
330,0,210,3.17,5,6400,400
331,0,210,1.08,40,7650,450
332,0,210,4.85,25,6300,100
333,0,210,4.84,30,2800,200
334,0,210,0.72,15,3500,100
335,0,210,3.03,45,3350,50
336,0,210,3.35,35,8700,300
337,0,210,2.81,25,900,50
338,0,210,3.64,30,1650,150
339,0,210,3.59,35,1400,50
340,0,210,3.13,35,10000,400
341,0,210,2.46,15,8050,350
342,0,210,0.7,45,6500,100
343,0,210,1.89,40,4200,100
344,0,210,2.76,35,8000,400
345,0,210,4.07,25,9600,300
346,0,210,1.56,5,2400,400
347,0,210,4.58,45,5600,400
348,0,210,2.17,15,8750,350
349,0,210,3.36,5,4200,50
350,0,210,4.33,45,4700,100
351,0,210,2.89,15,5850,150
352,0,210,4.0,50,1750,350
353,0,210,4.91,45,3300,300
354,0,210,4.2,10,4900,50
355,0,210,4.8,30,9300,50
356,0,210,3.07,15,2000,500
357,0,210,1.7,40,6900,300
358,0,210,4.96,15,9000,450
359,0,210,3.16,25,8400,300
360,0,210,2.42,30,8550,150
361,0,210,4.29,30,9000,500
362,0,210,3.99,20,8200,50
363,0,210,3.39,10,9900,450
364,0,210,3.93,15,9900,450
365,0,210,4.7,20,6400,400
366,0,210,2.65,20,6800,200
367,0,210,0.63,25,1000,50
368,0,210,3.01,35,2250,50
369,0,210,3.32,30,8800,200
370,0,210,3.77,35,8600,200
371,0,210,3.02,45,2700,450
372,0,210,2.91,15,7800,150
373,0,210,2.1,45,2750,250
374,0,210,2.91,15,900,100
375,0,210,4.31,10,5000,500
376,0,210,1.52,35,5800,200
377,0,210,2.26,25,5500,500
378,0,210,2.74,5,10000,500
379,0,210,2.72,25,2000,500
380,0,210,2.4,35,650,50
381,0,210,4.25,15,3550,50
382,0,210,3.24,5,9100,100
383,0,210,0.6,10,5100,300
384,0,210,2.71,35,7300,100
385,0,210,3.21,30,1400,200
386,0,210,1.48,30,4500,450
387,0,210,0.79,50,7200,400
388,0,210,0.87,50,9800,200
389,0,210,4.77,30,4250,250
390,0,210,3.21,25,7600,100
391,0,210,1.82,10,6000,500
392,0,210,3.71,20,9000,450
393,0,210,4.81,20,500,100
394,0,210,3.59,10,8400,300
395,0,210,3.33,25,8000,500
396,0,210,3.76,25,3000,200
397,0,210,2.95,35,300,150
398,0,210,2.16,20,6600,300
399,0,210,1.3,45,750,250
400,0,210,1.06,10,7200,300
401,0,210,2.68,15,1600,200
402,0,210,4.98,35,8250,250
403,0,210,2.46,20,6000,300
404,0,210,4.1,15,7000,200
405,0,210,4.63,45,2700,50
406,0,210,2.54,50,7500,500
407,0,210,1.62,45,1800,450
408,0,210,3.29,45,8200,200
409,0,210,4.43,10,4600,200
410,0,210,2.28,35,8750,250
411,0,210,0.57,35,5050,50
412,0,210,4.63,15,3150,450
413,0,210,1.83,45,6000,400
414,0,210,0.92,10,4500,300
415,0,210,3.45,45,3600,400
416,0,210,4.22,10,1750,350
417,0,210,0.79,50,600,200
418,0,210,2.38,15,6000,250
419,0,210,4.23,5,7000,500
420,0,210,0.67,45,2000,100
421,0,210,2.92,10,7500,100
422,0,210,2.54,5,7200,300
423,0,210,4.57,10,8400,200
424,0,210,2.28,20,1350,50
425,0,210,0.86,30,2400,400
426,0,210,1.57,25,2000,500
427,0,210,1.32,20,6800,400
428,0,210,4.54,35,7350,150
429,0,210,0.97,15,1000,100
430,0,210,1.06,20,5250,250
431,0,210,4.45,30,5700,300
432,0,210,3.05,5,4800,300
433,0,210,1.04,35,7400,50
434,0,210,1.82,15,8700,150
435,0,210,2.11,5,5250,350
436,0,210,3.62,15,5250,250
437,0,210,1.71,45,1200,400
438,0,210,4.39,10,7750,250
439,0,210,1.01,50,1650,150
440,0,210,4.87,15,7500,150
441,0,210,4.52,35,7200,200
442,0,210,1.22,30,1800,150
443,0,210,0.6,30,8000,200
444,0,210,0.51,40,10000,400
445,0,210,3.08,30,1250,250
446,0,210,3.15,20,2500,500
447,0,210,1.96,45,3000,250
448,0,210,3.59,40,9900,450
449,0,210,1.42,50,2700,50
450,0,210,3.46,5,7700,100
451,0,210,4.46,10,1800,450
452,0,210,4.92,45,900,300
453,0,210,2.95,50,4000,100
454,0,210,3.28,10,8800,400
455,0,210,1.27,5,3000,300
456,0,210,2.98,40,3500,250
457,0,210,4.07,50,8500,100
458,0,210,1.53,10,1000,500
459,0,210,3.03,35,150,150
460,0,210,4.02,45,3500,100
461,0,210,3.45,35,4050,450
462,0,210,1.26,35,5200,400
463,0,210,1.84,45,8700,100
464,0,210,3.65,35,5200,100
465,0,210,2.4,35,4800,50
466,0,210,2.99,40,9600,400
467,0,210,4.03,25,5200,200
468,0,210,1.55,35,1200,400
469,0,210,2.93,25,1600,400
470,0,210,0.95,10,4800,400
471,0,210,3.17,15,4000,400
472,0,210,2.26,20,8400,100
473,0,210,1.44,10,5200,100
474,0,210,2.36,20,4250,50
475,0,210,3.84,25,6900,100
476,0,210,4.02,35,9500,500
477,0,210,2.53,45,2400,150
478,0,210,4.55,25,6900,300
479,0,210,3.74,35,9600,150
480,0,210,0.73,10,9900,300
481,0,210,1.47,5,4700,50
482,0,210,4.16,40,1500,300
483,0,210,3.93,25,9900,100
484,0,210,3.48,40,3600,400
485,0,210,4.86,45,6800,100
486,0,210,4.7,50,9600,300
487,0,210,4.52,20,2600,50
488,0,210,3.12,35,9300,150
489,0,210,1.8,10,1750,350
490,0,210,2.1,30,6000,200
491,0,210,1.42,10,9200,200
492,0,210,1.98,15,9200,400
493,0,210,4.88,45,2250,150
494,0,210,4.71,50,6600,200
495,0,210,4.56,5,1450,50
496,0,210,4.62,40,8550,150
497,0,210,1.14,15,2000,500
498,0,210,4.3,30,8100,450
499,0,210,3.21,10,150,150
500,0,210,1.17,50,4000,500
501,0,210,4.32,5,8700,300
502,0,210,3.9,15,2850,150
503,0,210,2.2,50,9000,500
504,0,210,4.21,20,6750,150
505,0,210,3.63,35,3600,400
506,0,210,1.25,5,4000,400
507,0,210,0.81,40,1000,500
508,0,210,1.9,10,2450,50
509,0,210,4.76,40,6500,500
510,0,210,2.06,5,7500,500
511,0,210,1.99,10,3600,150
512,0,210,4.88,50,6400,400
513,0,210,3.46,30,8400,400
514,0,210,2.32,5,4950,150
515,0,210,4.78,15,5400,150
516,0,210,0.62,10,3600,300
517,0,210,1.84,15,5200,400
518,0,210,0.53,35,4000,250
519,0,210,4.62,45,8000,500
520,0,210,1.5,20,9800,350
521,0,210,2.18,20,1200,400
522,0,210,1.4,35,5100,300
523,0,210,3.74,20,3200,200
524,0,210,4.77,15,800,200
525,0,210,3.07,45,8750,250
526,0,210,4.46,45,9500,500
527,0,210,2.54,50,5200,400
528,0,210,1.35,5,4200,100
529,0,210,4.53,5,5550,150
530,0,210,2.22,40,4500,450
531,0,210,1.04,35,5700,300
532,0,210,4.37,10,4000,400
533,0,210,1.84,15,8900,100
534,0,210,3.64,45,8000,400
535,0,210,3.73,45,8750,250
536,0,210,0.72,45,1350,150
537,0,210,2.02,35,8100,300
538,0,210,4.23,15,800,400
539,0,210,3.09,5,1400,200
540,0,210,3.18,50,3600,200
541,0,210,1.93,20,2800,100
542,0,210,3.94,25,6200,200
543,0,210,2.51,30,8750,350
544,0,210,3.17,45,6000,250
545,0,210,2.52,40,9400,200
546,0,210,3.14,15,750,250
547,0,210,4.28,20,7350,350
548,0,210,1.53,40,600,300
549,0,210,2.74,5,4000,400
550,0,210,1.44,20,1500,250
551,0,210,1.07,45,6000,400
552,0,210,2.92,15,3250,250
553,0,210,2.55,10,3600,150
554,0,210,1.57,50,3000,150
555,0,210,4.49,10,9000,250
556,0,210,2.76,15,3150,350
557,0,210,3.63,20,4000,400
558,0,210,2.63,35,1000,250
559,0,210,0.56,15,8750,350
560,0,210,0.81,50,1200,400
561,0,210,1.18,30,4250,250
562,0,210,2.84,30,6350,50
563,0,210,0.8,20,7750,250
564,0,210,2.77,45,1200,200
565,0,210,4.88,20,8900,50
566,0,210,0.75,5,7050,150
567,0,210,2.29,5,7450,50
568,0,210,3.48,10,2200,100
569,0,210,1.52,20,9000,300
570,0,210,1.38,15,8500,500
571,0,210,2.77,5,3600,150
572,0,210,3.22,35,200,200
573,0,210,0.73,50,6100,50
574,0,210,2.79,35,10000,250
575,0,210,1.18,20,3900,150
576,0,210,1.07,50,1600,400
577,0,210,4.38,40,9500,100
578,0,210,1.24,40,6300,450
579,0,210,3.86,45,600,300
580,0,210,3.34,10,9000,450
581,0,210,0.62,20,4400,400
582,0,210,3.56,20,9000,450
583,0,210,2.63,25,9500,250
584,0,210,4.62,30,4500,300
585,0,210,3.03,50,2800,400
586,0,210,4.27,50,3300,300
587,0,210,3.49,15,2100,300
588,0,210,1.87,5,9000,500
589,0,210,1.99,30,7000,350
590,0,210,1.39,30,9100,350
591,0,210,4.73,20,2850,50
592,0,210,3.59,50,7350,350
593,0,210,1.59,10,4750,250
594,0,210,3.9,35,3600,450
595,0,210,3.2,20,1800,150
596,0,210,4.62,45,8100,450
597,0,210,4.77,45,6800,200
598,0,210,1.52,15,8450,50
599,0,210,3.94,35,900,300
600,0,210,0.93,45,1600,200
601,0,210,3.05,20,6750,250
602,0,210,2.54,5,1400,200
603,0,210,3.97,30,5600,400
604,0,210,1.64,15,2850,150
605,0,210,4.44,10,3600,400
606,0,210,2.53,30,9000,300
607,0,210,1.96,10,1500,500
608,0,210,4.39,15,450,450
609,0,210,2.92,15,4450,50
610,0,210,3.1,45,4500,500
611,0,210,4.59,20,4500,150
612,0,210,4.07,45,9200,400
613,0,210,4.2,5,4000,200
614,0,210,1.96,30,9000,150
615,0,210,4.73,5,9000,50
616,0,210,0.86,45,5400,300
617,0,210,1.96,30,9800,200
618,0,210,1.66,10,6300,450
619,0,210,1.29,5,4800,100
620,0,210,1.07,25,9500,500
621,0,210,1.37,25,6000,500
622,0,210,3.03,5,9750,250
623,0,210,4.51,35,5200,400
624,0,210,3.88,45,700,50
625,0,210,2.13,5,4200,350
626,0,210,3.77,50,4300,50
627,0,210,1.82,45,4500,450
628,0,210,3.34,25,6000,400
629,0,210,1.78,5,1500,300
630,0,210,4.43,35,2100,350
631,0,210,3.65,35,5850,450
632,0,210,3.26,25,3800,200
633,0,210,3.53,15,4950,450
634,0,210,1.32,5,8400,400
635,0,210,4.83,45,6850,50
636,0,210,2.36,35,5750,250
637,0,210,3.87,40,5250,50
638,0,210,4.89,35,7250,250
639,0,210,3.43,5,7300,50
640,0,210,1.34,40,2700,100
641,0,210,2.63,10,5000,50
642,0,210,4.6,30,2700,450
643,0,210,2.72,50,5000,500
644,0,210,2.68,10,7800,300
645,0,210,1.91,20,5850,150
646,0,210,4.18,20,1000,200
647,0,210,3.04,30,1500,300
648,0,210,0.87,25,5100,50
649,0,210,4.96,25,3300,50
650,0,210,3.43,15,10000,200
651,0,210,3.75,25,8400,200
652,0,210,1.36,30,3600,400
653,0,210,3.82,45,6800,400
654,0,210,0.87,5,7650,450
655,0,210,4.2,50,2800,400
656,0,210,2.98,45,8750,250
657,0,210,3.03,15,9600,400
658,0,210,1.46,5,8500,250
659,0,210,1.17,50,2750,250
660,0,210,4.54,30,8000,400
661,0,210,0.59,20,2800,350
662,0,210,4.68,30,8550,450
663,0,210,3.39,15,1400,350
664,0,210,1.86,45,4800,300
665,0,210,4.87,25,10000,250
666,0,210,2.11,25,150,50
667,0,210,2.04,45,2100,350
668,0,210,4.6,25,5400,150
669,0,210,4.41,30,6300,300
670,0,210,4.94,15,2750,250
671,0,210,3.24,15,3300,100
672,0,210,2.94,10,5000,500
673,0,210,0.63,50,6750,450
674,0,210,4.51,45,4400,200
675,0,210,3.13,40,2700,450
676,0,210,3.53,25,6700,50
677,0,210,2.35,50,9250,50
678,0,210,3.17,40,200,200
679,0,210,2.43,25,10000,500
680,0,210,1.84,10,9450,150
681,0,210,2.36,40,9000,500
682,0,210,0.75,10,400,100
683,0,210,4.01,10,1350,150
684,0,210,1.3,35,8950,50
685,0,210,1.18,15,4800,200
686,0,210,1.83,25,6400,400
687,0,210,4.92,10,3000,250
688,0,210,4.8,25,7750,250
689,0,210,3.92,30,7200,450
690,0,210,1.12,30,4500,50
691,0,210,3.15,30,4000,500
692,0,210,3.47,10,8100,450
693,0,210,1.34,5,1800,100
694,0,210,3.14,10,900,450
695,0,210,3.09,30,7500,150
696,0,210,0.87,20,3150,450
697,0,210,4.98,45,9500,500
698,0,210,2.02,5,9800,350
699,0,210,4.3,50,6900,50
700,0,210,2.87,45,2800,400
701,0,210,3.51,50,4200,300
702,0,210,4.56,20,7500,250
703,0,210,2.62,20,4000,50
704,0,210,2.6,45,7200,450
705,0,210,4.64,10,9450,150
706,0,210,4.48,30,7650,450
707,0,210,1.37,45,4050,450
708,0,210,2.9,10,3600,50
709,0,210,2.8,50,9500,250
710,0,210,4.37,45,8400,300
711,0,210,3.51,45,4750,250
712,0,210,2.47,15,1250,250
713,0,210,0.76,50,9600,150
714,0,210,2.34,40,600,150
715,0,210,4.95,20,600,200
716,0,210,1.48,5,1500,500
717,0,210,2.12,40,2800,200
718,0,210,3.91,40,7950,150
719,0,210,4.67,40,1500,300
720,0,210,2.35,20,4400,400
721,0,210,3.77,35,4000,250
722,0,210,3.03,35,2250,450
723,0,210,2.56,30,5200,200
724,0,210,3.08,5,10000,500
725,0,210,4.1,15,800,100
726,0,210,1.92,45,1800,100
727,0,210,0.62,30,7250,250
728,0,210,3.65,5,8250,250
729,0,210,2.25,15,3850,350
730,0,210,4.46,10,3250,250
731,0,210,0.85,40,1050,150
732,0,210,4.99,35,1050,150
733,0,210,4.15,15,250,50
734,0,210,3.48,40,6800,400
735,0,210,1.92,5,8600,100
736,0,210,3.05,10,4200,200
737,0,210,1.54,45,8800,400
738,0,210,4.55,20,4500,250
739,0,210,1.61,10,9900,100
740,0,210,2.52,15,2000,400
741,0,210,2.73,50,7900,50
742,0,210,3.15,45,4050,450
743,0,210,2.59,15,2250,150
744,0,210,2.92,35,500,250
745,0,210,0.5,25,6000,300
746,0,210,2.91,10,1750,250
747,0,210,1.28,5,10000,500
748,0,210,4.54,20,4550,50
749,0,210,0.61,10,3000,300
750,0,210,0.67,15,4500,150
751,0,210,2.75,10,2800,100
752,0,210,4.73,35,3500,50
753,0,210,0.94,10,5500,250
754,0,210,3.61,40,750,150
755,0,210,0.6,30,5100,300
756,0,210,4.97,15,8750,350
757,0,210,4.36,15,2700,100
758,0,210,4.28,35,7500,150
759,0,210,0.86,40,3750,250
760,0,210,3.8,30,2600,50
761,0,210,4.59,30,6000,200
762,0,210,1.08,45,8800,400
763,0,210,1.94,35,6500,100
764,0,210,0.53,30,7000,500
765,0,210,1.41,50,10000,500
766,0,210,3.72,5,150,150
767,0,210,0.56,35,450,450
768,0,210,2.92,15,4650,150
769,0,210,2.28,15,3850,350
770,0,210,3.15,45,4500,450
771,0,210,3.22,20,8050,350
772,0,210,4.99,10,500,250
773,0,210,3.8,5,1800,300
774,0,210,2.83,40,1500,500
775,0,210,0.68,35,6300,350
776,0,210,4.84,50,3500,250
777,0,210,4.66,5,5200,200
778,0,210,1.19,25,2100,350
779,0,210,1.95,40,2550,50
780,0,210,1.66,25,750,150
781,0,210,2.92,10,6000,500
782,0,210,3.74,40,5850,450
783,0,210,4.32,25,1350,150
784,0,210,1.19,40,1050,150
785,0,210,2.15,25,7900,50
786,0,210,4.42,45,9450,350
787,0,210,4.89,20,1800,100
788,0,210,4.91,15,1000,200
789,0,210,2.05,20,1800,150
790,0,210,1.22,50,3900,150
791,0,210,2.1,5,2500,250
792,0,210,3.14,45,500,250
793,0,210,2.41,40,750,250
794,0,210,3.31,35,8000,500
795,0,210,2.86,35,8500,500
796,0,210,1.4,35,1000,500
797,0,210,4.91,5,900,450
798,0,210,0.67,20,1200,300
799,0,210,1.55,15,6400,50
800,0,210,1.16,50,2400,150
801,0,210,1.48,10,10000,200
802,0,210,1.59,25,9600,300
803,0,210,0.69,20,600,150
804,0,210,4.87,40,4550,350
805,0,210,0.83,40,4550,350
806,0,210,1.19,45,1000,200
807,0,210,3.52,35,6750,450
808,0,210,2.37,45,4500,450
809,0,210,1.09,5,2100,150
810,0,210,4.41,5,7350,350
811,0,210,3.2,40,8250,150
812,0,210,4.06,20,300,150
813,0,210,0.63,5,500,500
814,0,210,2.34,20,600,100
815,0,210,2.37,20,500,500
816,0,210,1.54,15,1050,150
817,0,210,4.51,35,7200,400
818,0,210,3.16,10,8400,400
819,0,210,2.44,25,4300,50
820,0,210,1.83,50,2000,500
821,0,210,1.55,25,3150,450
822,0,210,2.92,50,9000,250
823,0,210,0.66,40,1050,350
824,0,210,2.74,30,7500,500
825,0,210,4.58,45,5300,100
826,0,210,1.83,45,3400,200
827,0,210,1.94,30,5000,500
828,0,210,1.28,50,5500,250
829,0,210,2.81,30,5500,500
830,0,210,0.99,45,6900,300
831,0,210,2.5,35,9000,500
832,0,210,1.59,50,5600,100
833,0,210,4.35,25,6000,500
834,0,210,4.07,20,9000,250
835,0,210,1.67,35,5200,400
836,0,210,2.11,5,4500,150
837,0,210,4.36,10,6000,500
838,0,210,3.95,5,600,150
839,0,210,3.58,25,9900,300
840,0,210,4.61,15,4250,250
841,0,210,2.85,30,8900,50
842,0,210,1.33,15,2500,500
843,0,210,2.05,45,6000,500
844,0,210,2.53,5,1800,450
845,0,210,2.15,45,3650,50
846,0,210,3.76,20,6900,150
847,0,210,4.76,40,2400,400
848,0,210,4.71,10,7600,200
849,0,210,4.47,45,8400,350
850,0,210,2.66,15,6600,100
851,0,210,4.66,20,2000,500
852,0,210,2.35,35,9600,200
853,0,210,2.65,40,2600,50
854,0,210,2.77,45,1350,150
855,0,210,4.26,15,7500,250
856,0,210,2.89,10,1200,50
857,0,210,2.5,5,9100,100
858,0,210,2.59,20,2000,200
859,0,210,0.51,30,6750,450
860,0,210,2.65,5,7500,300
861,0,210,2.37,30,8800,200
862,0,210,4.71,10,8000,400
863,0,210,4.6,45,3000,500
864,0,210,3.89,50,6400,100
865,0,210,4.23,30,6300,300
866,0,210,4.19,45,5750,250
867,0,210,4.46,45,5200,50
868,0,210,2.09,5,6500,100
869,0,210,4.58,25,450,50
870,0,210,2.28,25,3600,400
871,0,210,2.53,30,9900,450
872,0,210,4.15,5,10000,250
873,0,210,3.27,5,5250,350
874,0,210,2.71,40,7000,100
875,0,210,0.8,35,300,50
876,0,210,3.36,45,1600,400
877,0,210,1.18,10,2050,50
878,0,210,1.85,5,1600,200
879,0,210,2.64,45,8600,100
880,0,210,3.26,45,4400,200
881,0,210,2.39,5,6950,50
882,0,210,1.88,10,4050,450
883,0,210,2.38,15,4000,200
884,0,210,2.74,15,1500,500
885,0,210,0.59,20,8000,250
886,0,210,4.35,45,1800,300
887,0,210,0.63,35,2450,50
888,0,210,3.1,10,2500,500
889,0,210,1.56,35,4400,400
890,0,210,4.28,25,2800,400
891,0,210,2.94,35,8000,200
892,0,210,3.28,20,6150,150
893,0,210,2.87,30,450,450
894,0,210,0.66,40,9600,100
895,0,210,3.64,40,9000,450
896,0,210,3.59,5,2100,100
897,0,210,0.6,10,9300,50
898,0,210,2.91,45,8550,450
899,0,210,2.52,15,9300,300
900,0,210,2.12,35,2700,300
901,0,210,2.9,40,450,450
902,0,210,4.3,15,9600,400
903,0,210,2.24,15,5750,250
904,0,210,4.08,10,6600,200
905,0,210,2.93,40,7200,100
906,0,210,0.83,5,1050,350
907,0,210,2.51,15,6600,300
908,0,210,1.42,25,4900,350
909,0,210,3.73,35,9950,50
910,0,210,4.07,20,9800,350
911,0,210,2.05,5,9800,350
912,0,210,1.32,45,4200,350
913,0,210,2.47,40,8050,350
914,0,210,4.94,5,350,50
915,0,210,1.81,25,1000,500
916,0,210,2.45,40,6300,450
917,0,210,4.04,15,6750,50
918,0,210,3.44,15,2250,250
919,0,210,2.46,20,8500,500
920,0,210,2.12,50,2400,300
921,0,210,3.14,50,4200,50
922,0,210,2.89,20,6750,450
923,0,210,3.14,25,5000,250
924,0,210,0.73,35,4800,300
925,0,210,4.67,20,2550,50
926,0,210,2.51,50,500,250
927,0,210,3.5,10,400,400
928,0,210,1.07,25,3900,150
929,0,210,3.53,10,9300,150
930,0,210,4.11,20,1050,350
931,0,210,2.47,20,1200,200
932,0,210,4.9,35,500,500
933,0,210,2.87,25,3200,400
934,0,210,3.58,30,4800,400
935,0,210,4.83,15,4500,450
936,0,210,4.44,30,5850,450
937,0,210,0.65,25,9200,400
938,0,210,0.98,5,900,450
939,0,210,2.04,30,6600,300
940,0,210,2.6,25,5000,500
941,0,210,1.13,10,500,250
942,0,210,4.42,10,6200,200
943,0,210,1.34,15,6150,150
944,0,210,1.15,10,9300,300
945,0,210,3.8,35,6400,400
946,0,210,3.08,45,6000,400
947,0,210,2.08,10,2450,50
948,0,210,4.08,5,2850,150
949,0,210,3.59,20,8800,200
950,0,210,1.54,5,5400,200
951,0,210,2.38,30,8400,350
952,0,210,2.44,30,5000,500
953,0,210,4.63,20,5950,350
954,0,210,0.64,45,7500,150
955,0,210,2.53,20,7300,100
956,0,210,1.37,35,9000,300
957,0,210,4.68,40,1600,200
958,0,210,3.74,35,2800,350
959,0,210,2.64,30,5850,50
960,0,210,1.58,5,8000,500
961,0,210,2.24,50,4500,450
962,0,210,1.03,10,1500,300
963,0,210,1.56,5,600,300
964,0,210,0.57,35,4000,500
965,0,210,1.26,15,2000,250
966,0,210,1.66,15,1800,150
967,0,210,3.61,35,10000,500
968,0,210,2.26,10,6000,200
969,0,210,2.49,20,2450,350
970,0,210,3.45,30,10000,500
971,0,210,4.03,50,9600,200
972,0,210,1.35,35,3150,350
973,0,210,1.5,45,5200,400
974,0,210,1.48,40,3500,350
975,0,210,4.71,10,6300,450
976,0,210,3.11,45,1750,350
977,0,210,4.83,5,6600,300
978,0,210,1.68,25,10000,250
979,0,210,4.21,20,300,150
980,0,210,4.43,50,2000,250
981,0,210,3.3,40,4000,200
982,0,210,1.32,40,5850,450
983,0,210,4.52,40,8400,400
984,0,210,1.27,20,6400,400
985,0,210,3.89,20,7350,350
986,0,210,1.53,10,2500,100
987,0,210,1.07,5,8100,450
988,0,210,2.34,40,8300,100
989,0,210,0.89,40,6650,350
990,0,210,4.67,35,3300,300
991,0,210,3.12,5,7500,300
992,0,210,1.72,35,4200,200
993,0,210,1.05,20,7950,150
994,0,210,3.31,40,4050,450
995,0,210,1.21,50,1900,100
996,0,210,2.7,25,1000,250
997,0,210,1.52,30,6400,400
998,0,210,3.48,30,9500,250
999,0,210,1.11,15,900,100
1000,0,210,0.58,15,2550,150
1001,0,210,3.76,30,5200,200
1002,0,210,3.56,30,10000,100
1003,0,210,4.87,30,4000,400
1004,0,210,3.15,10,8750,50
1005,0,210,2.79,5,4000,400
1006,0,210,2.92,30,4500,500
1007,0,210,4.2,15,8600,200
1008,0,210,1.15,30,3000,100
1009,0,210,3.4,15,2900,100
1010,0,210,2.26,25,3200,400
1011,0,210,2.14,50,5400,450
1012,0,210,3.44,10,3600,50
1013,0,210,2.62,10,3850,350
1014,0,210,2.17,10,9500,500
1015,0,210,1.94,20,4950,450
1016,0,210,4.06,15,3850,350
1017,0,210,3.8,30,10000,500
1018,0,210,2.31,10,300,50
1019,0,210,1.75,20,1800,100
1020,0,210,0.59,50,5000,200
1021,0,210,1.32,40,1500,500
1022,0,210,3.43,25,1600,100
1023,0,210,1.58,45,2100,150
1024,0,210,2.93,45,7600,50
1025,0,210,1.41,10,8050,50
1026,0,210,0.97,40,7350,350
1027,0,210,2.49,30,5700,100
1028,0,210,3.24,30,7500,250
1029,0,210,4.76,10,1800,150
1030,0,210,3.99,25,3200,100
1031,0,210,4.58,15,5000,250
1032,0,210,3.87,45,8400,300
1033,0,210,2.52,25,3200,200
1034,0,210,0.63,15,900,300
1035,0,210,1.74,15,4400,100
1036,0,210,2.03,10,450,450
1037,0,210,1.75,15,5500,250
1038,0,210,2.98,15,9000,250
1039,0,210,2.19,50,150,150
1040,0,210,0.86,50,3550,50
1041,0,210,1.19,20,9600,300
1042,0,210,2.48,30,5200,200
1043,0,210,0.69,45,9200,100
1044,0,210,4.23,30,9700,50
1045,0,210,0.97,30,600,200
1046,0,210,4.67,45,3600,450
1047,0,210,3.69,30,7000,350
1048,0,210,1.97,50,8000,500
1049,0,210,3.24,35,6600,100
1050,0,210,1.5,30,3150,450
1051,0,210,1.57,15,7500,300
1052,0,210,1.87,50,4850,50
1053,0,210,1.56,15,1750,350
1054,0,210,4.98,10,2250,150
1055,0,210,2.77,35,9900,300
1056,0,210,2.54,45,7800,300
1057,0,210,1.9,50,7200,300
1058,0,210,4.94,25,5700,300
1059,0,210,1.62,10,7500,250
1060,0,210,4.09,25,3500,250
1061,0,210,0.79,10,350,350
1062,0,210,1.55,5,4200,150
1063,0,210,3.49,30,4750,250
1064,0,210,4.62,20,2550,150
1065,0,210,4.09,15,9600,200
1066,0,210,2.5,45,8500,50
1067,0,210,1.63,25,5200,400
1068,0,210,3.07,10,3000,250
1069,0,210,2.93,15,7200,200
1070,0,210,4.96,50,7200,300
1071,0,210,2.4,15,8000,500
1072,0,210,1.41,20,3850,350
1073,0,210,3.79,10,700,350
1074,0,210,0.63,50,6500,50
1075,0,210,2.11,40,4000,200
1076,0,210,4.08,25,2300,100
1077,0,210,2.19,45,7500,500
1078,0,210,1.61,30,6000,100
1079,0,210,3.28,50,4800,400
1080,0,210,3.41,20,9000,450
1081,0,210,1.56,25,2700,150
1082,0,210,3.88,20,4400,400
1083,0,210,0.57,50,6100,100
1084,0,210,2.69,5,6650,50
1085,0,210,2.77,50,8300,100
1086,0,210,3.11,40,2900,100
1087,0,210,1.5,15,5600,50
1088,0,210,2.71,50,8000,250
1089,0,210,2.7,15,3200,400
1090,0,210,1.99,10,8100,450
1091,0,210,3.47,15,8100,450
1092,0,210,3.56,40,5850,450
1093,0,210,4.12,15,9300,300
1094,0,210,2.47,20,600,200
1095,0,210,1.0,20,450,150
1096,0,210,1.29,40,1800,100
1097,0,210,3.0,25,4600,100
1098,0,210,3.02,35,7700,350
1099,0,210,3.26,5,7750,250
1100,0,210,4.38,35,1800,300
1101,0,210,0.71,45,4500,500
1102,0,210,3.26,35,7700,350
1103,0,210,0.88,5,6300,350
1104,0,210,4.57,10,3500,100
1105,0,210,2.62,30,9400,100
1106,0,210,4.64,15,7650,450
1107,0,210,1.52,20,2000,400
1108,0,210,3.46,35,4050,50
1109,0,210,1.04,35,9000,250
1110,0,210,4.96,50,7000,350
1111,0,210,1.18,45,9800,100
1112,0,210,2.53,20,1750,350
1113,0,210,3.13,40,6050,50
1114,0,210,2.5,30,1800,300
1115,0,210,1.82,30,1800,450
1116,0,210,3.89,20,2600,200
1117,0,210,2.66,45,4900,350
1118,0,210,2.93,45,5250,250
1119,0,210,0.71,35,8800,400
1120,0,210,1.46,5,6600,300
1121,0,210,1.14,15,8550,450
1122,0,210,4.33,50,7800,300
1123,0,210,3.57,50,4200,100
1124,0,210,0.87,40,5400,200
1125,0,210,4.41,40,2100,300
1126,0,210,3.04,25,6600,300
1127,0,210,0.52,30,8800,400
1128,0,210,2.81,30,9500,500
1129,0,210,1.07,30,5950,350
1130,0,210,4.56,15,600,50
1131,0,210,1.64,50,700,350
1132,0,210,1.62,25,8600,200
1133,0,210,1.76,30,2000,500
1134,0,210,1.33,45,7950,150
1135,0,210,4.05,50,1500,150
1136,0,210,1.24,50,1800,100
1137,0,210,2.02,50,9450,350
1138,0,210,0.57,15,9000,500
1139,0,210,4.98,10,6250,250
1140,0,210,1.49,25,9000,450
1141,0,210,1.23,45,600,200
1142,0,210,0.91,35,7650,150
1143,0,210,4.84,45,6300,350
1144,0,210,1.69,5,1350,150
1145,0,210,3.82,25,6500,500
1146,0,210,1.16,25,4800,150
1147,0,210,2.41,30,1500,50
1148,0,210,1.59,35,8050,350
1149,0,210,4.49,5,8400,400
1150,0,210,2.88,5,4550,350
1151,0,210,2.39,20,1500,500
1152,0,210,1.67,45,6600,300
1153,0,210,0.65,10,9600,400
1154,0,210,4.53,45,5200,200
1155,0,210,1.61,25,7400,100
1156,0,210,0.67,35,700,50
1157,0,210,2.54,5,8700,300
1158,0,210,2.96,15,2350,50
1159,0,210,1.15,25,1950,50
1160,0,210,1.62,5,5400,100
1161,0,210,2.83,15,8500,500
1162,0,210,4.48,15,6500,500
1163,0,210,1.59,25,2000,400
1164,0,210,1.5,25,4250,250
1165,0,210,2.57,20,1750,350
1166,0,210,2.71,20,4200,300
1167,0,210,1.64,20,6800,400
1168,0,210,2.91,50,7200,450
1169,0,210,1.15,40,4800,400
1170,0,210,2.14,25,800,400
1171,0,210,2.42,30,10000,250
1172,0,210,4.95,25,600,300
1173,0,210,1.92,5,8400,400
1174,0,210,3.84,15,600,300
1175,0,210,1.65,20,9100,100
1176,0,210,2.48,15,5750,250
1177,0,210,4.47,40,6400,400
1178,0,210,0.92,10,5250,350
1179,0,210,2.47,25,5250,50
1180,0,210,0.7,15,1200,400
1181,0,210,3.59,50,9500,100
1182,0,210,3.71,30,750,250
1183,0,210,3.15,50,1800,150
1184,0,210,2.07,5,4500,300
1185,0,210,1.79,45,8700,150
1186,0,210,2.54,35,4000,250
1187,0,210,1.41,30,4800,150
1188,0,210,4.03,50,5000,50
1189,0,210,1.54,20,4500,500
1190,0,210,0.92,45,5600,400
1191,0,210,2.22,50,800,100
1192,0,210,0.6,40,7450,50
1193,0,210,2.07,5,4200,100
1194,0,210,4.16,15,2450,50
1195,0,210,4.17,30,6300,300
1196,0,210,3.76,45,7800,100
1197,0,210,2.94,10,5100,150
1198,0,210,2.01,50,900,150
1199,0,210,2.73,20,4800,400
1200,0,210,1.19,20,7950,150
1201,0,210,3.08,25,7350,350
1202,0,210,1.18,20,4000,400
1203,0,210,3.69,50,6750,450
1204,0,210,1.31,35,4500,450
1205,0,210,2.16,5,200,200
1206,0,210,2.34,35,9500,500
1207,0,210,3.98,50,5600,400
1208,0,210,1.25,20,4050,450
1209,0,210,1.94,35,300,150
1210,0,210,4.63,10,7750,250
1211,0,210,0.65,10,5950,350
1212,0,210,1.43,15,4250,250
1213,0,210,0.86,50,2800,100
1214,0,210,4.01,5,6600,150
1215,0,210,3.17,20,1050,350
1216,0,210,1.76,50,2500,250
1217,0,210,2.24,10,3000,500
1218,0,210,1.22,5,4000,400
1219,0,210,1.96,30,9400,200
1220,0,210,3.93,30,7600,400
1221,0,210,2.15,10,1750,350
1222,0,210,3.52,15,8400,200
1223,0,210,3.27,30,1600,200
1224,0,210,4.15,10,9900,450
1225,0,210,4.34,5,2800,350
1226,0,210,4.52,10,3600,400
1227,0,210,2.24,5,6800,400
1228,0,210,1.19,5,6500,500
1229,0,210,1.46,25,2400,150
1230,0,210,2.91,45,2400,400
1231,0,210,4.24,5,8400,350
1232,0,210,3.77,50,1800,300
1233,0,210,1.24,45,400,400
1234,0,210,3.67,50,8500,250
1235,0,210,2.54,30,750,250
1236,0,210,3.71,40,6150,50
1237,0,210,0.98,20,4500,500
1238,0,210,4.18,10,8700,300
1239,0,210,4.18,15,3600,200
1240,0,210,2.54,5,8000,500
1241,0,210,2.57,15,4800,400
1242,0,210,3.36,50,9800,50
1243,0,210,3.12,20,8750,350
1244,0,210,3.77,30,1800,300
1245,0,210,2.73,5,6000,400
1246,0,210,4.69,25,9500,500
1247,0,210,1.73,45,4050,150
1248,0,210,4.68,40,6250,250
1249,0,210,1.3,35,3000,300
1250,0,210,1.8,40,9000,500
1251,0,210,1.89,45,8550,450
1252,0,210,3.26,40,2700,450
1253,0,210,2.78,25,7350,150
1254,0,210,2.83,30,1100,100
1255,0,210,4.06,5,7200,300
1256,0,210,4.62,35,3600,400
1257,0,210,4.43,40,800,400
1258,0,210,1.45,50,1500,300
1259,0,210,2.91,5,4200,300
1260,0,210,2.13,20,4700,50
1261,0,210,4.56,30,1750,350
1262,0,210,4.67,25,1400,350
1263,0,210,4.44,50,8800,400
1264,0,210,2.97,35,5500,500
1265,0,210,1.92,5,6500,500
1266,0,210,2.73,35,6000,400
1267,0,210,3.62,30,6100,100
1268,0,210,1.43,30,2200,200
1269,0,210,1.82,40,10000,100
1270,0,210,4.84,35,6000,300
1271,0,210,1.53,30,3750,150
1272,0,210,1.14,5,700,100
1273,0,210,4.23,5,9450,450
1274,0,210,3.47,15,1200,100
1275,0,210,1.1,10,3000,500
1276,0,210,3.02,30,2100,350
1277,0,210,3.22,15,500,500
1278,0,210,4.49,50,9800,50
1279,0,210,1.71,50,1200,400
1280,0,210,1.63,25,6300,300
1281,0,210,4.39,5,5400,200
1282,0,210,3.91,50,8550,150
1283,0,210,4.0,25,6300,150
1284,0,210,1.35,25,1050,150
1285,0,210,4.03,35,5700,150
1286,0,210,3.39,35,9600,300
1287,0,210,4.54,50,7500,250
1288,0,210,4.87,50,6750,250
1289,0,210,4.35,25,1600,100
1290,0,210,3.89,35,6800,400
1291,0,210,0.61,35,7700,50
1292,0,210,3.45,30,7200,450
1293,0,210,3.95,25,9500,250
1294,0,210,2.13,25,9300,300
1295,0,210,2.93,40,5900,100
1296,0,210,2.71,40,5600,50
1297,0,210,1.8,45,8100,300
1298,0,210,1.12,15,7000,350
1299,0,210,4.49,45,8500,500
1300,0,210,4.95,25,9450,350
1301,0,210,3.55,30,8200,100
1302,0,210,1.01,30,8600,200
1303,0,210,2.32,40,8100,300
1304,0,210,4.59,10,8100,300
1305,0,210,0.74,20,4800,150
1306,0,210,4.08,30,4300,50
1307,0,210,2.31,40,10000,500
1308,0,210,3.26,25,6400,200
1309,0,210,1.89,30,450,150
1310,0,210,4.46,50,2750,250
1311,0,210,0.56,15,6300,450
1312,0,210,1.78,40,7650,150
1313,0,210,0.56,15,1400,350
1314,0,210,1.04,15,8100,300
1315,0,210,1.74,35,1350,450
1316,0,210,2.94,40,9000,450
1317,0,210,4.19,40,6650,350
1318,0,210,4.14,30,5800,200
1319,0,210,4.92,15,8750,50
1320,0,210,4.7,40,5200,400
1321,0,210,4.4,50,7500,250
1322,0,210,2.26,25,6300,300
1323,0,210,4.02,25,4050,450
1324,0,210,4.08,25,4500,300
1325,0,210,3.66,45,1500,500
1326,0,210,3.7,40,6550,50
1327,0,210,0.65,35,400,400
1328,0,210,0.51,40,8100,100
1329,0,210,1.42,35,6950,50
1330,0,210,2.22,50,2300,100
1331,0,210,4.61,25,1800,200
1332,0,210,0.89,15,6200,200
1333,0,210,4.99,30,400,200
1334,0,210,4.08,40,5850,450
1335,0,210,1.75,15,9900,300
1336,0,210,1.64,50,7200,150
1337,0,210,4.44,35,5050,50
1338,0,210,1.57,10,4200,150
1339,0,210,4.02,20,3600,450
1340,0,210,3.88,50,9500,250
1341,0,210,3.86,30,5000,500
1342,0,210,3.49,10,6650,350
1343,0,210,3.84,45,6750,450
1344,0,210,1.13,25,10000,500
1345,0,210,2.98,45,6400,400
1346,0,210,3.11,35,6900,300
1347,0,210,1.69,20,7300,100
1348,0,210,4.68,25,8650,50
1349,0,210,3.71,10,5400,450
1350,0,210,3.02,15,8700,300
1351,0,210,1.08,25,4400,50
1352,0,210,0.95,35,9900,100
1353,0,210,3.09,30,6000,300
1354,0,210,4.52,35,5700,150
1355,0,210,4.59,35,7000,250
1356,0,210,4.98,10,7350,350
1357,0,210,2.05,10,1600,400
1358,0,210,4.36,30,2450,350
1359,0,210,4.38,35,10000,100
1360,0,210,1.0,35,8550,450
1361,0,210,0.7,5,5250,350
1362,0,210,1.07,5,3200,400
1363,0,210,0.83,15,2550,150
1364,0,210,1.57,15,800,400
1365,0,210,4.88,5,9000,450
1366,0,210,4.1,30,8000,500
1367,0,210,2.04,45,4250,250
1368,0,210,2.77,30,7700,100
1369,0,210,1.18,20,6500,500
1370,0,210,3.07,35,8800,400
1371,0,210,2.01,25,1800,200
1372,0,210,4.05,30,9000,300
1373,0,210,1.81,45,5700,150
1374,0,210,2.78,15,4000,400
1375,0,210,2.67,10,5100,150
1376,0,210,0.56,40,7000,500
1377,0,210,3.93,20,1050,350
1378,0,210,4.89,15,10000,200
1379,0,210,1.12,35,4350,150
1380,0,210,4.15,25,7600,200
1381,0,210,0.75,35,4200,350
1382,0,210,1.39,45,2700,300
1383,0,210,2.66,30,4000,400
1384,0,210,0.88,25,900,150
1385,0,210,1.69,15,3750,150
1386,0,210,4.61,35,7350,350
1387,0,210,3.57,15,9800,350
1388,0,210,4.65,40,4000,500
1389,0,210,0.75,20,1750,350
1390,0,210,3.66,5,4900,100
1391,0,210,4.25,30,3350,50
1392,0,210,2.41,30,1600,400
1393,0,210,3.42,15,5000,250
1394,0,210,2.32,35,700,350
1395,0,210,0.92,50,6900,100
1396,0,210,4.45,10,2500,500
1397,0,210,1.9,30,7300,100
1398,0,210,1.38,40,6500,100
1399,0,210,3.35,10,8000,400
1400,0,210,4.19,40,900,450
1401,0,210,4.28,15,6000,200
1402,0,210,3.99,20,7650,450
1403,0,210,4.11,35,4400,100
1404,0,210,2.73,30,6300,100
1405,0,210,2.99,20,8400,400
1406,0,210,1.37,30,600,150
1407,0,210,0.81,35,8000,400
1408,0,210,1.29,5,6950,50
1409,0,210,1.82,50,400,200
1410,0,210,4.06,5,7200,450
1411,0,210,1.41,5,7600,400
1412,0,210,4.34,20,9000,250
1413,0,210,4.65,25,1050,350
1414,0,210,4.06,10,9450,450
1415,0,210,1.47,10,4000,400
1416,0,210,4.27,50,4000,50
1417,0,210,4.24,40,3500,350
1418,0,210,0.52,10,2000,500
1419,0,210,2.99,45,3250,250
1420,0,210,3.65,45,250,50
1421,0,210,4.72,25,3600,450
1422,0,210,1.24,5,900,150
1423,0,210,0.72,50,7500,300
1424,0,210,1.1,45,1600,400
1425,0,210,3.73,25,6750,250
1426,0,210,2.28,40,5700,300
1427,0,210,1.05,5,1050,350
1428,0,210,1.17,45,600,300
1429,0,210,3.67,20,500,250
1430,0,210,1.88,45,5400,450
1431,0,210,3.79,45,10000,500
1432,0,210,1.35,35,9500,500
1433,0,210,0.57,50,5200,100
1434,0,210,1.5,25,4000,200
1435,0,210,3.16,45,4800,150
1436,0,210,3.2,40,5200,400
1437,0,210,2.2,50,1200,150
1438,0,210,0.61,20,7200,200
1439,0,210,1.06,10,4800,300
1440,0,210,4.91,15,3200,400
1441,0,210,1.19,10,5000,250
1442,0,210,1.16,35,3150,350
1443,0,210,3.63,35,6800,200
1444,0,210,4.67,5,2100,150
1445,0,210,4.43,25,9450,350
1446,0,210,1.31,10,6500,250
1447,0,210,3.06,15,7250,250
1448,0,210,3.36,10,2500,500
1449,0,210,3.98,50,5500,500
1450,0,210,3.23,35,6300,450
1451,0,210,1.13,30,4600,50
1452,0,210,4.58,40,1200,400
1453,0,210,4.24,45,5700,300
1454,0,210,1.31,20,6400,400
1455,0,210,4.6,20,8550,50
1456,0,210,0.5,30,2700,300
1457,0,210,4.18,25,2450,350
1458,0,210,2.39,5,10000,100
1459,0,210,3.78,20,1800,150
1460,0,210,4.54,10,6750,50
1461,0,210,4.24,5,4000,100
1462,0,210,3.79,30,8900,100
1463,0,210,3.97,30,9200,200
1464,0,210,2.43,5,9450,450
1465,0,210,4.38,20,6400,100
1466,0,210,3.52,20,3000,250
1467,0,210,4.02,40,9000,450
1468,0,210,3.99,35,3500,500
1469,0,210,4.29,50,7500,500
1470,0,210,4.2,25,7250,250
1471,0,210,0.84,45,950,50
1472,0,210,4.35,10,2500,500
1473,0,210,3.68,25,9450,450
1474,0,210,4.16,45,8500,500
1475,0,210,3.99,35,8250,250
1476,0,210,0.96,5,1600,50
1477,0,210,4.78,45,9400,100
1478,0,210,4.84,45,7800,200
1479,0,210,4.21,30,3600,450
1480,0,210,0.9,45,5400,300
1481,0,210,1.43,40,6900,300
1482,0,210,0.72,5,6600,150
1483,0,210,1.57,15,800,400
1484,0,210,3.06,25,9250,250
1485,0,210,1.89,50,7000,250
1486,0,210,3.65,5,5400,150
1487,0,210,1.02,40,2000,200
1488,0,210,2.17,35,7650,150
1489,0,210,2.15,10,3000,250
1490,0,210,4.73,30,4800,200
1491,0,210,4.59,5,6750,250
1492,0,210,3.55,40,2400,300
1493,0,210,2.09,45,4400,200
1494,0,210,1.99,15,2700,150
1495,0,210,2.44,10,8800,400
1496,0,210,1.34,15,7200,450
1497,0,210,3.53,20,4750,250
1498,0,210,1.74,20,3150,450
1499,0,210,1.12,35,5550,150
1500,0,210,3.45,30,1400,200
1501,0,210,1.7,50,2350,50
1502,0,210,4.63,25,9000,500
1503,0,210,1.15,10,5500,500
1504,0,210,1.91,25,6300,300
1505,0,210,3.57,10,3200,50
1506,0,210,1.39,15,7800,300
1507,0,210,2.84,45,3000,500
1508,0,210,3.45,50,8200,100
1509,0,210,3.59,20,7000,50
1510,0,210,2.84,15,3150,150
1511,0,210,1.87,10,9250,250
1512,0,210,1.08,5,200,50
1513,0,210,4.35,25,3600,400
1514,0,210,3.02,10,6000,400
1515,0,210,4.16,30,5700,150
1516,0,210,1.29,45,5300,50
1517,0,210,3.54,30,3200,200
1518,0,210,3.62,30,2100,350
1519,0,210,3.48,5,2400,150
1520,0,210,1.27,30,9450,350
1521,0,210,3.43,10,9000,500
1522,0,210,3.01,30,1400,200
1523,0,210,0.86,30,3150,350
1524,0,210,3.83,15,9000,500
1525,0,210,4.63,5,9450,350
1526,0,210,1.55,40,4000,250
1527,0,210,4.73,20,1050,350
1528,0,210,4.72,15,2600,50
1529,0,210,4.34,50,7350,50
1530,0,210,3.11,15,4250,250
1531,0,210,0.86,30,6750,450
1532,0,210,4.24,20,3100,100
1533,0,210,1.38,30,6000,200
1534,0,210,1.24,35,3000,200
1535,0,210,2.08,35,10000,250
1536,0,210,4.74,30,1400,200
1537,0,210,1.26,30,1200,300
1538,0,210,2.05,5,1750,50
1539,0,210,4.7,25,8000,500
1540,0,210,0.83,10,8000,100
1541,0,210,0.94,5,4500,450
1542,0,210,4.91,15,9900,300
1543,0,210,2.26,35,7050,150
1544,0,210,0.61,45,1200,400
1545,0,210,0.74,45,6900,100
1546,0,210,1.64,50,5000,500
1547,0,210,0.54,25,1500,100
1548,0,210,3.48,50,9000,450
1549,0,210,4.89,20,9750,150
1550,0,210,1.15,25,8100,450
1551,0,210,4.3,5,3250,250
1552,0,210,4.57,50,750,150
1553,0,210,4.15,45,750,150
1554,0,210,0.58,40,1650,150
1555,0,210,0.85,10,8850,50
1556,0,210,0.69,20,10000,500
1557,0,210,1.22,45,8050,50
1558,0,210,4.26,25,1500,300
1559,0,210,0.81,50,2000,400
1560,0,210,4.93,20,6600,200
1561,0,210,4.62,10,3800,200
1562,0,210,2.85,30,10000,400
1563,0,210,3.71,50,6900,300
1564,0,210,4.27,35,6000,500
1565,0,210,2.4,35,1200,200
1566,0,210,4.68,10,5700,50
1567,0,210,2.82,25,2800,400
1568,0,210,2.34,40,8500,250
1569,0,210,3.26,20,2000,250
1570,0,210,4.76,35,6000,300
1571,0,210,4.73,50,4350,150
1572,0,210,0.68,10,3000,500
1573,0,210,3.58,30,8800,200
1574,0,210,1.61,40,350,350
1575,0,210,2.78,15,7200,400
1576,0,210,2.15,20,8750,250
1577,0,210,3.86,30,6750,250
1578,0,210,1.11,40,1000,200
1579,0,210,1.1,45,8100,300
1580,0,210,2.41,10,7700,350
1581,0,210,4.95,45,300,300
1582,0,210,0.75,35,4500,300
1583,0,210,1.65,10,7650,150
1584,0,210,3.43,45,2700,450
1585,0,210,4.33,30,8950,50
1586,0,210,1.43,15,7000,250
1587,0,210,1.25,45,2900,50
1588,0,210,1.63,20,8050,350
1589,0,210,3.64,35,9700,100
1590,0,210,4.09,5,4800,400
1591,0,210,1.15,40,7650,450
1592,0,210,2.58,40,2100,300
1593,0,210,2.69,10,6000,300
1594,0,210,2.43,20,5500,250
1595,0,210,4.15,15,3900,150
1596,0,210,1.29,35,9100,100
1597,0,210,4.83,25,4750,250
1598,0,210,0.94,50,5950,350
1599,0,210,1.64,35,4200,350
1600,0,210,2.57,50,2600,100
1601,0,210,4.21,45,100,100
1602,0,210,2.02,10,500,500
1603,0,210,2.26,25,450,450
1604,0,210,2.49,15,750,250
1605,0,210,2.45,5,5000,100
1606,0,210,4.97,40,4200,300
1607,0,210,1.04,40,5250,150
1608,0,210,0.86,35,800,100
1609,0,210,2.7,35,9600,300
1610,0,210,0.98,30,800,200
1611,0,210,3.54,15,3000,200
1612,0,210,1.89,45,7200,400
1613,0,210,1.53,50,6300,450
1614,0,210,2.49,5,1600,400
1615,0,210,4.02,30,7650,450
1616,0,210,0.83,35,6200,100
1617,0,210,3.36,30,3800,200
1618,0,210,1.18,25,9250,250
1619,0,210,0.64,40,4000,400
1620,0,210,3.79,45,8250,150
1621,0,210,1.11,25,5500,500
1622,0,210,0.72,50,5200,50
1623,0,210,0.67,35,6300,450
1624,0,210,1.99,40,4350,150
1625,0,210,1.85,10,8200,200
1626,0,210,0.59,10,9900,450
1627,0,210,4.2,15,8100,450
1628,0,210,1.81,15,7250,50
1629,0,210,0.83,15,6300,450
1630,0,210,0.82,25,7000,350
1631,0,210,4.89,40,9850,50
1632,0,210,4.66,15,3500,250
1633,0,210,4.88,15,4000,400
1634,0,210,2.71,25,700,350
1635,0,210,0.76,5,8600,200
1636,0,210,2.19,40,4700,100
1637,0,210,4.18,50,3000,500
1638,0,210,3.46,10,7000,500
1639,0,210,3.9,10,4750,250
1640,0,210,2.37,50,2250,150
1641,0,210,2.5,40,9600,150
1642,0,210,4.8,50,7200,150
1643,0,210,1.83,40,2200,50
1644,0,210,3.27,45,800,400
1645,0,210,4.76,35,9150,50
1646,0,210,2.03,15,8000,250
1647,0,210,3.27,20,4050,150
1648,0,210,2.37,50,2400,200
1649,0,210,4.5,30,5000,250
1650,0,210,0.61,15,150,50
1651,0,210,4.02,45,1200,200
1652,0,210,2.99,5,5600,200
1653,0,210,0.78,25,6500,50
1654,0,210,4.02,45,5400,200
1655,0,210,1.24,20,8500,250
1656,0,210,2.25,35,450,450
1657,0,210,1.41,30,6300,100
1658,0,210,2.33,25,3500,350
1659,0,210,4.39,35,3150,450
1660,0,210,3.14,15,6700,50
1661,0,210,1.63,25,9700,100
1662,0,210,3.95,5,5600,350
1663,0,210,4.55,35,9400,200
1664,0,210,3.68,5,5000,500
1665,0,210,3.14,20,7000,500
1666,0,210,0.59,35,7650,450
1667,0,210,3.35,40,7000,350
1668,0,210,1.13,45,3900,150
1669,0,210,4.06,20,8100,300
1670,0,210,2.47,45,350,350
1671,0,210,4.89,25,4900,350
1672,0,210,4.8,35,4900,350
1673,0,210,2.26,5,8050,350
1674,0,210,2.14,20,1500,150
1675,0,210,4.19,5,9500,500
1676,0,210,0.95,45,900,450
1677,0,210,1.06,25,7500,100
1678,0,210,4.11,30,1500,250
1679,0,210,1.58,15,7500,250
1680,0,210,2.72,35,850,50
1681,0,210,1.38,30,1900,100
1682,0,210,1.1,35,2000,500
1683,0,210,4.76,45,4500,500
1684,0,210,2.72,30,5400,300
1685,0,210,0.74,40,6300,300
1686,0,210,2.59,5,9200,200
1687,0,210,2.72,50,5600,400
1688,0,210,1.62,5,9000,450
1689,0,210,1.17,40,9450,450
1690,0,210,0.91,5,450,450
1691,0,210,3.8,20,5100,300
1692,0,210,2.4,40,7500,250
1693,0,210,1.48,5,2200,100
1694,0,210,3.29,45,2650,50
1695,0,210,0.64,15,6400,100
1696,0,210,4.05,50,5500,500
1697,0,210,3.0,20,8000,400
1698,0,210,1.33,15,6600,200
1699,0,210,3.81,30,9400,200
1700,0,210,1.56,35,3600,400
1701,0,210,4.1,35,3250,250
1702,0,210,1.89,45,3150,450
1703,0,210,2.31,40,2100,350
1704,0,210,3.25,45,7000,250
1705,0,210,3.71,25,3300,50
1706,0,210,4.59,20,2100,300
1707,0,210,1.65,30,5700,50
1708,0,210,4.87,50,7650,450
1709,0,210,2.67,25,9250,250
1710,0,210,4.53,50,8500,500
1711,0,210,2.48,45,7500,500
1712,0,210,3.68,5,1600,400
1713,0,210,5.0,10,4550,350
1714,0,210,4.7,15,5850,150
1715,0,210,2.67,30,3250,250
1716,0,210,0.64,15,4150,50
1717,0,210,3.51,30,8550,450
1718,0,210,4.18,25,1650,150
1719,0,210,2.93,10,1200,400
1720,0,210,2.15,15,1000,200
1721,0,210,1.43,15,8200,200
1722,0,210,4.86,35,5850,450
1723,0,210,4.51,35,3200,400
1724,0,210,0.98,50,2500,250
1725,0,210,4.74,40,4400,100
1726,0,210,3.12,30,2700,450
1727,0,210,1.31,45,8750,250
1728,0,210,1.57,10,8000,500
1729,0,210,1.09,35,9450,450
1730,0,210,4.46,50,8750,350
1731,0,210,4.58,50,4750,50
1732,0,210,2.16,15,3200,200
1733,0,210,3.96,40,6000,200
1734,0,210,0.52,50,9500,500
1735,0,210,3.62,45,9050,50
1736,0,210,3.29,10,4600,50
1737,0,210,2.34,25,1400,350
1738,0,210,0.73,40,4800,100
1739,0,210,4.01,20,900,450
1740,0,210,4.53,15,9450,450
1741,0,210,2.65,40,350,350
1742,0,210,3.66,30,3600,400
1743,0,210,1.83,25,2200,200
1744,0,210,0.65,35,3200,200
1745,0,210,3.23,40,1600,200
1746,0,210,0.59,10,4800,100
1747,0,210,3.93,30,8500,500
1748,0,210,2.06,25,9100,350
1749,0,210,2.55,35,7800,150
1750,0,210,4.28,15,9600,300
1751,0,210,2.14,5,9500,250
1752,0,210,0.59,50,9600,200
1753,0,210,2.98,35,5950,350
1754,0,210,1.97,15,9300,300
1755,0,210,2.66,35,9600,150
1756,0,210,4.58,20,8200,200
1757,0,210,3.28,50,500,100
1758,0,210,1.04,50,4400,200
1759,0,210,4.77,15,8000,200
1760,0,210,1.37,45,350,350
1761,0,210,4.65,50,9200,400
1762,0,210,3.41,10,10000,400
1763,0,210,3.23,10,7600,200
1764,0,210,2.53,35,9750,150
1765,0,210,1.02,10,800,100
1766,0,210,0.63,5,400,400
1767,0,210,3.03,10,5700,300
1768,0,210,2.99,40,400,100
1769,0,210,0.88,50,5150,50
1770,0,210,1.18,15,4050,450
1771,0,210,3.85,10,2400,400
1772,0,210,4.94,20,3800,200
1773,0,210,1.86,45,5700,300
1774,0,210,1.97,25,1550,50
1775,0,210,1.35,15,9900,450
1776,0,210,0.65,20,4250,250
1777,0,210,1.32,45,2200,100
1778,0,210,1.06,20,900,450
1779,0,210,3.14,20,900,150
1780,0,210,1.99,15,7800,100
1781,0,210,4.75,10,500,100
1782,0,210,4.07,15,450,450
1783,0,210,3.09,25,7700,100
1784,0,210,1.92,25,9450,350
1785,0,210,2.61,35,8400,400
1786,0,210,4.28,35,1500,150
1787,0,210,1.89,45,9500,500
1788,0,210,0.69,20,4250,250
1789,0,210,3.56,50,8100,100
1790,0,210,1.49,5,9600,300
1791,0,210,3.85,10,300,300
1792,0,210,4.46,45,4400,400
1793,0,210,4.54,25,10000,500
1794,0,210,3.51,20,900,300
1795,0,210,1.49,15,7600,400
1796,0,210,3.17,40,5400,450
1797,0,210,3.8,30,7800,200
1798,0,210,3.44,10,3500,500
1799,0,210,3.95,30,8000,500
1800,0,210,1.88,20,3800,100
1801,0,210,4.8,30,5250,350
1802,0,210,2.54,50,400,400
1803,0,210,3.51,20,5200,400
1804,0,210,4.18,35,4800,300
1805,0,210,4.46,15,8200,200
1806,0,210,4.49,20,5500,500
1807,0,210,4.08,5,6900,300
1808,0,210,4.28,15,2450,50
1809,0,210,3.89,20,5200,200
1810,0,210,1.08,40,6000,500
1811,0,210,1.3,25,1900,100
1812,0,210,3.08,35,9100,350
1813,0,210,3.42,5,3150,350
1814,0,210,1.42,35,4000,200
1815,0,210,2.01,30,4050,450
1816,0,210,1.37,40,8000,500
1817,0,210,2.12,50,2600,50
1818,0,210,3.1,20,6600,300
1819,0,210,4.38,40,600,150
1820,0,210,3.59,5,3200,400
1821,0,210,4.09,15,8400,300
1822,0,210,2.21,10,5000,500
1823,0,210,3.94,40,6300,450
1824,0,210,3.18,40,6300,50
1825,0,210,2.27,30,9450,350
1826,0,210,3.96,30,7750,250
1827,0,210,0.77,10,9750,250
1828,0,210,1.04,25,7200,400
1829,0,210,0.55,20,2800,350
1830,0,210,4.6,5,2250,150
1831,0,210,1.02,15,8100,150
1832,0,210,0.98,25,1400,200
1833,0,210,4.33,30,9000,100
1834,0,210,0.96,45,2750,250
1835,0,210,1.62,50,2100,300
1836,0,210,2.37,45,6000,500
1837,0,210,4.43,5,10000,100
1838,0,210,2.8,50,6750,250
1839,0,210,0.91,30,10000,200
1840,0,210,1.26,45,5600,100
1841,0,210,1.42,25,9000,300
1842,0,210,0.72,10,2000,50
1843,0,210,1.33,10,3000,300
1844,0,210,2.17,25,2000,250
1845,0,210,0.83,10,3800,200
1846,0,210,4.41,15,400,100
1847,0,210,2.06,10,8350,50
1848,0,210,2.37,15,3150,450
1849,0,210,3.78,30,9450,450
1850,0,210,0.52,15,1050,350
1851,0,210,1.84,10,3750,250
1852,0,210,4.85,10,1500,300
1853,0,210,4.43,45,6750,450
1854,0,210,3.29,45,9600,300
1855,0,210,0.55,25,10000,250
1856,0,210,3.74,15,7250,250
1857,0,210,0.94,5,9600,150
1858,0,210,2.34,5,1800,300
1859,0,210,2.11,50,5100,150
1860,0,210,2.97,25,8400,350
1861,0,210,4.16,15,8550,450
1862,0,210,3.22,35,6800,400
1863,0,210,2.58,15,6500,100
1864,0,210,2.8,30,7000,350
1865,0,210,1.44,35,1500,250
1866,0,210,1.07,10,8400,300
1867,0,210,2.1,25,4750,250
1868,0,210,1.67,5,8100,300
1869,0,210,3.55,45,1200,400
1870,0,210,2.11,25,6300,450
1871,0,210,2.07,10,3800,50
1872,0,210,1.92,50,400,400
1873,0,210,1.78,45,2250,450
1874,0,210,0.72,5,2500,500
1875,0,210,3.51,35,6300,50
1876,0,210,3.75,45,6600,150
1877,0,210,3.67,25,1500,150
1878,0,210,4.31,15,1800,450
1879,0,210,4.39,25,2250,450
1880,0,210,3.12,45,6400,400
1881,0,210,1.38,10,900,450
1882,0,210,4.85,50,3600,450
1883,0,210,2.5,40,2700,150
1884,0,210,4.85,50,8000,500
1885,0,210,0.73,30,500,50
1886,0,210,2.63,45,8550,450
1887,0,210,1.76,50,9900,450
1888,0,210,3.72,25,2000,500
1889,0,210,0.78,5,7350,350
1890,0,210,3.65,30,9000,300
1891,0,210,1.69,10,9500,500
1892,0,210,3.23,30,8800,400
1893,0,210,2.75,35,3250,250
1894,0,210,1.89,45,3200,400
1895,0,210,3.7,5,9000,450
1896,0,210,2.31,25,600,150
1897,0,210,0.84,10,5100,300
1898,0,210,2.53,10,800,400
1899,0,210,0.63,20,1750,350
1900,0,210,1.78,15,1350,450
1901,0,210,2.42,20,1000,500
1902,0,210,3.16,50,3150,150
1903,0,210,1.12,5,3000,50
1904,0,210,1.19,30,2550,50
1905,0,210,3.19,15,2400,300
1906,0,210,2.42,15,9500,250
1907,0,210,1.06,5,4200,150
1908,0,210,2.0,15,3750,250
1909,0,210,0.56,40,6500,500
1910,0,210,2.6,30,1400,200
1911,0,210,3.6,20,8800,400
1912,0,210,1.01,20,9900,450
1913,0,210,2.7,5,1200,200
1914,0,210,3.71,50,5700,150
1915,0,210,4.13,35,4200,200
1916,0,210,3.74,35,5000,500
1917,0,210,3.65,45,2200,100
1918,0,210,4.96,15,8150,50
1919,0,210,1.25,15,9500,500
1920,0,210,1.04,30,800,400
1921,0,210,3.65,5,4500,500
1922,0,210,2.25,5,900,450
1923,0,210,4.36,45,3900,150
1924,0,210,1.53,20,2500,100
1925,0,210,4.58,5,600,200
1926,0,210,2.09,25,4500,500
1927,0,210,4.14,20,8250,150
1928,0,210,4.99,35,9800,350
1929,0,210,1.0,10,9000,250
1930,0,210,4.5,20,1500,250
1931,0,210,2.68,30,9600,400
1932,0,210,4.44,40,3600,400
1933,0,210,4.95,35,5850,450
1934,0,210,2.27,5,6300,450
1935,0,210,1.97,15,1350,450
1936,0,210,1.11,5,8750,250
1937,0,210,3.26,15,7750,250
1938,0,210,3.34,40,5400,450
1939,0,210,2.6,25,9900,450
1940,0,210,3.23,45,4250,250
1941,0,210,2.57,45,9000,300
1942,0,210,1.96,15,3600,400
1943,0,210,1.27,5,3000,200
1944,0,210,1.71,30,8400,100
1945,0,210,2.5,15,7500,250
1946,0,210,4.46,45,2000,50
1947,0,210,3.02,5,7600,400
1948,0,210,1.49,45,8000,400
1949,0,210,2.46,50,6900,300
1950,0,210,3.82,10,900,300
1951,0,210,0.78,35,4050,450
1952,0,210,2.96,20,7650,450
1953,0,210,4.03,40,7650,450
1954,0,210,4.39,15,3900,300
1955,0,210,1.13,10,6000,500
1956,0,210,2.95,25,400,200
1957,0,210,2.12,35,1400,100
1958,0,210,4.31,25,9050,50
1959,0,210,3.91,45,3850,350
1960,0,210,4.28,10,9600,400
1961,0,210,3.13,50,10000,200
1962,0,210,1.16,20,9800,50
1963,0,210,0.98,35,3600,200
1964,0,210,4.45,5,400,400
1965,0,210,4.85,45,2250,450
1966,0,210,4.85,25,2150,50
1967,0,210,0.88,30,600,300
1968,0,210,1.82,10,3300,50
1969,0,210,3.46,5,5600,350
1970,0,210,1.6,5,3000,250
1971,0,210,0.64,40,6000,250
1972,0,210,3.47,50,800,100
1973,0,210,2.68,25,1800,300
1974,0,210,1.75,5,4500,300
1975,0,210,1.44,30,1500,500
1976,0,210,1.06,25,8750,350
1977,0,210,0.56,45,9000,450
1978,0,210,2.7,15,9450,450
1979,0,210,2.98,10,5400,300
1980,0,210,2.34,5,6600,200
1981,0,210,0.95,35,3600,400
1982,0,210,4.11,20,1600,400
1983,0,210,1.21,25,6000,500
1984,0,210,3.63,40,1200,400
1985,0,210,2.51,20,7250,50
1986,0,210,1.2,25,9400,200
1987,0,210,0.65,5,7200,300
1988,0,210,4.54,25,8600,50
1989,0,210,3.53,10,1800,300
1990,0,210,3.44,25,3000,300
1991,0,210,3.21,25,2000,500
1992,0,210,4.1,35,400,400
1993,0,210,2.18,50,2400,300
1994,0,210,4.21,40,3150,450
1995,0,210,2.56,45,6250,250
1996,0,210,3.14,40,6000,400
1997,0,210,3.64,20,4400,200
1998,0,210,2.89,15,7500,500
1999,0,210,4.44,25,3300,100
2000,0,210,1.56,50,1750,350
2001,0,210,4.64,45,3850,350
2002,0,210,4.98,10,5250,250
2003,0,210,3.09,40,6450,150
2004,0,210,1.88,20,6000,150
2005,0,210,2.83,15,7700,100
2006,0,210,2.56,20,1400,200
2007,0,210,1.6,5,1900,100
2008,0,210,3.19,5,9800,100
2009,0,210,1.65,15,7000,350
2010,0,210,4.84,15,6700,50
2011,0,210,1.87,25,2700,150
2012,0,210,1.33,25,2450,350
2013,0,210,3.99,45,4800,400
2014,0,210,4.02,15,9500,100
2015,0,210,2.49,35,9600,50
2016,0,210,2.03,10,5200,400
2017,0,210,1.31,20,300,150
2018,0,210,4.73,20,4200,350
2019,0,210,2.23,30,5250,350
2020,0,210,4.22,35,9000,100
2021,0,210,1.12,30,4200,150
2022,0,210,2.36,30,7200,300
2023,0,210,2.47,40,4800,400
2024,0,210,0.86,50,1200,150
2025,0,210,4.86,35,6900,300
2026,0,210,2.34,15,5000,50
2027,0,210,1.71,10,8000,500
2028,0,210,3.88,35,2600,50
2029,0,210,1.66,35,5500,250
2030,0,210,1.92,35,6100,50
2031,0,210,2.56,15,400,200
2032,0,210,1.2,30,7500,250
2033,0,210,2.52,35,9500,250
2034,0,210,3.88,10,5100,300
2035,0,210,1.77,10,5500,500
2036,0,210,0.8,20,3300,50
2037,0,210,4.87,10,1200,400
2038,0,210,1.65,35,2550,150
2039,0,210,1.72,40,4500,450
2040,0,210,2.42,10,1650,150
2041,0,210,2.03,45,5400,450
2042,0,210,1.01,30,6500,500
2043,0,210,0.55,30,8000,200
2044,0,210,2.3,35,400,400
2045,0,210,4.0,25,5700,300
2046,0,210,4.08,15,7600,50
2047,0,210,3.65,15,4650,150
2048,0,210,2.01,45,6150,150
2049,0,210,4.28,30,7600,400
2050,0,210,2.89,10,9600,200
2051,0,210,4.82,15,4000,400
2052,0,210,0.87,25,9600,400
2053,0,210,2.93,25,7000,500
2054,0,210,2.86,25,200,100
2055,0,210,2.31,35,2500,500
2056,0,210,1.44,10,7000,100
2057,0,210,2.62,25,3000,500
2058,0,210,1.77,45,8400,400
2059,0,210,2.52,5,7000,200
2060,0,210,3.11,50,1500,300
2061,0,210,2.53,40,6600,100
2062,0,210,3.08,5,2700,300
2063,0,210,4.54,50,1800,450
2064,0,210,4.19,35,4500,250
2065,0,210,1.19,25,9000,100
2066,0,210,2.85,35,5400,300
2067,0,210,3.91,35,7350,350
2068,0,210,1.24,40,7000,350
2069,0,210,1.61,30,6600,300
2070,0,210,2.01,15,8400,200
2071,0,210,4.25,40,750,250
2072,0,210,1.32,10,7000,200
2073,0,210,2.95,5,10000,500
2074,0,210,1.13,25,2700,300
2075,0,210,2.93,10,2250,250
2076,0,210,4.38,20,9600,300
2077,0,210,3.47,50,6600,300
2078,0,210,2.63,10,2800,50
2079,0,210,2.83,35,4500,450
2080,0,210,3.27,5,7500,500
2081,0,210,3.38,50,3700,50
2082,0,210,4.47,45,2600,200
2083,0,210,2.54,10,450,150
2084,0,210,3.27,10,2700,150
2085,0,210,1.15,45,4350,150
2086,0,210,1.23,5,6200,50
2087,0,210,3.6,40,400,200
2088,0,210,0.72,15,350,350
2089,0,210,3.15,15,5250,250
2090,0,210,3.74,35,2000,500
2091,0,210,0.82,35,9900,450
2092,0,210,3.77,30,1200,300
2093,0,210,4.22,25,8000,400
2094,0,210,3.07,25,9000,450
2095,0,210,2.96,30,6550,50
2096,0,210,3.1,10,5850,50
2097,0,210,4.1,40,9600,300
2098,0,210,2.58,35,8850,150
2099,0,210,0.64,35,7350,350
