0,0,210,1.5,5,1000,50
1,0,210,14.0,40,9200,100
2,0,210,4.81,20,4200,350
3,0,210,13.94,25,4000,50
4,0,210,6.05,45,2850,150
5,0,210,14.81,35,3000,500
6,0,210,6.96,15,9000,500
7,0,210,9.12,40,900,300
8,0,210,12.32,40,6900,300
9,0,210,14.96,10,9100,350
10,0,210,4.06,20,6500,500
11,0,210,14.89,35,1250,250
12,0,210,4.34,15,1100,100
13,0,210,12.52,5,9000,250
14,0,210,1.85,25,2250,450
15,0,210,8.85,45,9000,300
16,0,210,4.01,45,3450,150
17,0,210,14.71,45,9200,200
18,0,210,8.91,25,3300,300
19,0,210,2.35,40,5900,100
20,0,210,4.57,40,6000,250
21,0,210,13.91,40,5600,350
22,0,210,12.17,40,4250,50
23,0,210,12.66,10,4200,200
24,0,210,3.88,30,9100,100
25,0,210,11.73,40,6150,50
26,0,210,2.33,40,1200,300
27,0,210,5.73,25,1050,350
28,0,210,10.09,5,2400,200
29,0,210,3.56,15,500,500
30,0,210,1.85,50,6800,400
31,0,210,5.16,45,3100,100
32,0,210,12.63,30,900,450
33,0,210,11.21,15,6300,150
34,0,210,7.72,5,3000,250
35,0,210,9.72,40,900,450
36,0,210,6.53,20,8750,350
37,0,210,8.45,35,6400,400
38,0,210,4.4,40,5000,200
39,0,210,9.63,40,2700,300
40,0,210,9.12,15,800,200
41,0,210,2.76,40,1000,500
42,0,210,13.05,35,2000,400
43,0,210,13.85,25,1350,450
44,0,210,8.43,35,6200,200
45,0,210,9.88,10,7600,400
46,0,210,8.32,40,6300,300
47,0,210,14.22,45,9300,150
48,0,210,12.13,5,5400,300
49,0,210,9.09,25,2750,250
50,0,210,6.5,30,7000,500
51,0,210,14.47,10,4700,100
52,0,210,14.58,45,7750,50
53,0,210,7.32,45,6800,100
54,0,210,7.78,10,4050,150
55,0,210,9.68,20,6800,200
56,0,210,10.41,45,9200,400
57,0,210,2.97,15,9050,50
58,0,210,1.8,25,1050,350
59,0,210,3.62,5,4200,300
60,0,210,7.29,50,4500,500
61,0,210,4.59,10,9900,150
62,0,210,2.8,45,8100,150
63,0,210,3.4,45,900,450
64,0,210,4.14,25,8500,500
65,0,210,3.17,15,2100,150
66,0,210,13.1,30,1800,300
67,0,210,11.72,40,3400,200
68,0,210,9.08,30,9900,450
69,0,210,12.94,45,7650,450
70,0,210,2.7,35,7200,400
71,0,210,9.77,50,9600,150
72,0,210,9.3,25,9000,450
73,0,210,11.68,5,5400,200
74,0,210,6.12,15,4500,450
75,0,210,5.24,15,6600,300
76,0,210,7.68,10,600,300
77,0,210,3.51,10,3000,100
78,0,210,5.97,15,1800,150
79,0,210,3.53,30,7500,250
80,0,210,11.34,45,7000,200
81,0,210,8.34,35,1350,450
82,0,210,14.71,10,7950,150
83,0,210,3.6,10,2500,100
84,0,210,5.92,45,5400,100
85,0,210,11.63,10,150,50
86,0,210,10.57,25,3600,400
87,0,210,11.42,25,7000,500
88,0,210,3.31,50,1200,200
89,0,210,2.88,25,750,150
90,0,210,4.3,25,2200,200
91,0,210,10.59,45,400,400
92,0,210,7.54,50,750,150
93,0,210,1.5,10,6400,200
94,0,210,13.97,45,1100,100
95,0,210,4.68,40,7500,300
96,0,210,13.77,5,7000,200
97,0,210,9.29,15,8400,400
98,0,210,8.67,25,9400,200
99,0,210,3.06,15,7800,300
100,0,210,6.31,15,6000,50
101,0,210,4.33,5,5400,100
102,0,210,3.2,50,5600,350
103,0,210,11.04,5,5700,300
104,0,210,3.2,40,5100,150
105,0,210,10.06,20,4600,200
106,0,210,13.68,25,7000,200
107,0,210,4.03,15,2600,200
108,0,210,5.54,30,3000,250
109,0,210,3.2,15,5200,200
110,0,210,2.18,25,3100,100
111,0,210,13.94,40,6750,450
112,0,210,6.64,35,1000,250
113,0,210,4.85,30,5700,50
114,0,210,6.27,25,4000,500
115,0,210,10.66,30,5350,50
116,0,210,14.04,45,6600,300
117,0,210,10.47,50,5500,500
118,0,210,14.51,35,1350,450
119,0,210,3.74,5,8000,250
120,0,210,9.83,45,7600,200
121,0,210,8.49,5,4000,400
122,0,210,13.45,50,6500,500
123,0,210,6.64,45,6300,100
124,0,210,4.83,30,9000,450
125,0,210,13.38,40,200,200
126,0,210,10.04,15,9450,150
127,0,210,5.23,15,8700,300
128,0,210,4.12,5,9950,50
129,0,210,11.82,40,8700,300
130,0,210,9.55,5,2750,250
131,0,210,4.86,5,2650,50
132,0,210,12.34,25,5100,100
133,0,210,4.22,5,2100,50
134,0,210,9.39,30,1000,500
135,0,210,14.09,5,7800,100
136,0,210,4.38,40,3500,350
137,0,210,13.51,40,4400,200
138,0,210,2.44,35,2500,500
139,0,210,12.57,40,600,200
140,0,210,3.39,5,2800,400
141,0,210,13.7,25,8400,50
142,0,210,9.82,10,6400,400
143,0,210,4.12,25,6750,250
144,0,210,2.63,40,3000,200
145,0,210,14.66,20,5900,100
146,0,210,1.58,10,3150,150
147,0,210,13.32,20,7800,200
148,0,210,8.13,25,2750,250
149,0,210,12.81,40,10000,500
150,0,210,8.96,10,750,250
151,0,210,5.45,35,3800,200
152,0,210,6.2,45,6000,500
153,0,210,3.34,15,900,450
154,0,210,2.94,45,800,400
155,0,210,6.33,50,400,400
156,0,210,11.29,40,2700,450
157,0,210,7.01,10,3150,150
158,0,210,4.94,25,3800,200
159,0,210,10.57,50,2000,250
160,0,210,11.65,50,7650,450
161,0,210,9.92,10,9900,150
162,0,210,4.3,35,6300,450
163,0,210,8.71,35,500,500
164,0,210,8.84,30,4000,400
165,0,210,12.31,30,4200,350
166,0,210,13.38,40,1050,150
167,0,210,5.24,45,8000,400
168,0,210,9.1,5,7000,100
169,0,210,3.89,50,6000,200
170,0,210,10.46,35,3000,500
171,0,210,7.06,15,7200,100
172,0,210,14.0,50,10000,250
173,0,210,7.68,15,4550,350
174,0,210,6.75,15,8400,350
175,0,210,2.78,50,5000,500
176,0,210,3.49,50,9800,200
177,0,210,9.93,30,7700,350
178,0,210,14.76,20,8600,100
179,0,210,6.98,50,2000,500
180,0,210,12.68,40,7750,250
181,0,210,12.43,40,1350,450
182,0,210,5.64,40,8400,350
183,0,210,14.26,45,7050,150
184,0,210,12.12,5,8050,350
185,0,210,11.5,50,3400,200
186,0,210,11.04,45,6100,100
187,0,210,4.86,30,300,100
188,0,210,3.21,25,1000,50
189,0,210,4.87,10,9000,450
190,0,210,11.35,15,1350,450
191,0,210,8.49,15,6300,350
192,0,210,11.63,5,6200,200
193,0,210,6.16,25,1200,300
194,0,210,8.94,20,2400,400
195,0,210,3.68,40,5350,50
196,0,210,12.49,15,7200,300
197,0,210,6.35,15,1050,350
198,0,210,9.38,30,4050,150
199,0,210,10.48,20,2200,200
200,0,210,9.85,20,9000,500
201,0,210,10.33,20,5400,200
202,0,210,12.07,10,2500,500
203,0,210,5.06,25,5100,150
204,0,210,7.57,45,6000,250
205,0,210,6.81,10,400,400
206,0,210,3.35,50,9000,450
207,0,210,14.21,5,5200,100
208,0,210,12.99,30,1500,250
209,0,210,13.47,15,5850,450
210,0,210,13.07,30,5250,250
211,0,210,4.76,15,7350,350
212,0,210,12.97,10,300,300
213,0,210,14.97,30,5000,500
214,0,210,11.66,5,5800,200
215,0,210,6.82,10,9700,100
216,0,210,9.74,10,300,150
217,0,210,3.05,35,4950,450
218,0,210,5.55,5,500,250
219,0,210,5.03,45,5400,150
220,0,210,2.03,10,10000,500
221,0,210,4.13,25,900,450
222,0,210,13.69,25,4950,450
223,0,210,9.6,15,2500,250
224,0,210,12.72,35,800,400
225,0,210,6.46,45,3000,150
226,0,210,12.9,15,900,450
227,0,210,3.34,30,6300,350
228,0,210,7.52,15,8650,50
229,0,210,9.71,40,6900,300
230,0,210,7.26,45,6700,100
231,0,210,14.47,35,1000,500
232,0,210,8.84,25,1900,100
233,0,210,14.73,30,4050,450
234,0,210,12.43,5,4500,150
235,0,210,11.48,15,2100,100
236,0,210,6.16,20,3000,500
237,0,210,14.16,5,9750,250
238,0,210,1.96,45,7950,50
239,0,210,4.71,30,8100,450
240,0,210,7.5,45,9000,200
241,0,210,4.21,35,300,50
242,0,210,11.49,30,350,350
243,0,210,10.53,30,3500,350
244,0,210,9.03,30,1000,500
245,0,210,10.84,5,4400,200
246,0,210,2.48,5,7200,150
247,0,210,6.18,25,3200,100
248,0,210,11.17,15,4050,150
249,0,210,2.07,20,6750,450
250,0,210,5.35,25,5900,100
251,0,210,3.74,30,4900,50
252,0,210,6.87,50,9800,350
253,0,210,3.69,15,5000,500
254,0,210,8.65,35,4800,400
255,0,210,6.81,50,3150,150
256,0,210,2.87,30,2500,500
257,0,210,6.64,5,10000,500
258,0,210,6.04,10,9700,50
259,0,210,5.22,35,3900,300
260,0,210,13.18,50,9600,300
261,0,210,10.28,50,8450,50
262,0,210,5.47,5,4550,350
263,0,210,14.55,40,9050,50
264,0,210,4.48,10,7700,350
265,0,210,5.74,25,7250,250
266,0,210,7.01,25,2800,400
267,0,210,5.08,25,1800,450
268,0,210,2.78,25,2700,50
269,0,210,14.29,5,2500,100
270,0,210,10.46,30,8000,400
271,0,210,10.65,35,300,300
272,0,210,3.48,30,6400,400
273,0,210,11.75,35,1050,350
274,0,210,5.17,30,4000,200
275,0,210,5.38,30,6400,400
276,0,210,2.2,25,4500,150
277,0,210,2.33,5,3600,450
278,0,210,2.95,5,2100,100
279,0,210,14.33,10,8050,350
280,0,210,4.52,5,4900,350
281,0,210,5.66,40,1200,200
282,0,210,12.88,15,400,400
283,0,210,5.5,10,8900,50
284,0,210,7.96,45,8400,350
285,0,210,4.12,40,7800,300
286,0,210,5.14,50,7800,200
287,0,210,2.3,10,3000,200
288,0,210,3.41,35,9000,450
289,0,210,5.94,50,8050,350
290,0,210,5.7,45,4350,150
291,0,210,4.35,15,2800,200
292,0,210,2.73,50,600,150
293,0,210,14.56,20,7200,100
294,0,210,4.6,50,2000,400
295,0,210,7.21,40,5400,50
296,0,210,4.9,20,8800,400
297,0,210,5.79,35,6100,50
298,0,210,8.58,20,1000,500
299,0,210,6.0,25,2750,250
300,0,210,1.8,15,150,50
301,0,210,13.7,25,4800,400
302,0,210,1.71,10,2150,50
303,0,210,3.42,50,6600,100
304,0,210,3.47,45,9300,300
305,0,210,8.3,5,3400,100
306,0,210,9.95,10,10000,250
307,0,210,1.64,15,200,200
308,0,210,8.57,30,9500,250
309,0,210,3.53,20,2800,400
310,0,210,6.29,10,3150,450
311,0,210,12.15,15,4000,500
312,0,210,7.84,50,4000,500
313,0,210,10.93,10,1000,250
314,0,210,14.12,45,6000,400
315,0,210,8.93,40,7950,50
316,0,210,13.73,20,8200,100
317,0,210,7.71,40,6750,150
318,0,210,10.83,20,6750,250
319,0,210,7.56,10,8400,400
320,0,210,14.99,30,7200,400
321,0,210,6.93,50,6000,500
322,0,210,2.59,5,8100,150
323,0,210,6.73,30,10000,500
324,0,210,11.48,30,9600,150
325,0,210,7.12,35,7650,450
326,0,210,7.39,45,3100,100
327,0,210,1.63,45,3500,500
328,0,210,14.47,10,6000,200
329,0,210,3.55,20,6750,450
330,0,210,6.73,10,3900,300
331,0,210,8.23,25,9900,450
332,0,210,5.54,5,9300,300
333,0,210,13.82,45,8000,250
334,0,210,8.05,50,5600,400
335,0,210,10.96,10,8000,500
336,0,210,9.61,15,5600,50
337,0,210,3.21,15,1800,450
338,0,210,8.36,20,4000,100
339,0,210,2.37,20,7600,200
340,0,210,5.02,10,6700,50
341,0,210,13.35,25,3500,500
342,0,210,14.58,45,7600,400
343,0,210,13.47,15,550,50
344,0,210,1.64,40,4600,50
345,0,210,1.52,20,7350,350
346,0,210,5.64,40,1600,400
347,0,210,6.75,15,3200,200
348,0,210,10.22,45,8100,150
349,0,210,4.94,35,1500,100
350,0,210,5.13,40,1350,450
351,0,210,2.87,30,7250,50
352,0,210,4.11,35,9500,500
353,0,210,2.12,30,4200,350
354,0,210,14.91,20,1800,300
355,0,210,2.35,35,5200,100
356,0,210,1.78,10,3750,250
357,0,210,4.61,25,7800,200
358,0,210,5.16,40,700,350
359,0,210,6.13,5,600,150
360,0,210,6.74,25,750,250
361,0,210,7.97,25,9450,150
362,0,210,8.37,20,5400,150
363,0,210,6.58,50,3150,350
364,0,210,14.19,25,6000,500
365,0,210,11.06,45,1200,400
366,0,210,13.34,20,4700,100
367,0,210,9.78,20,2000,400
368,0,210,10.14,15,5400,300
369,0,210,2.5,5,6000,150
370,0,210,3.6,30,4500,150
371,0,210,14.84,35,9300,150
372,0,210,10.22,5,1200,400
373,0,210,2.04,25,3700,100
374,0,210,11.8,5,5700,300
375,0,210,11.02,15,6400,400
376,0,210,9.92,5,7900,100
377,0,210,1.56,50,2800,350
378,0,210,8.04,30,600,300
379,0,210,12.8,50,6000,150
380,0,210,1.65,15,2850,150
381,0,210,1.51,40,1750,350
382,0,210,6.72,35,7000,500
383,0,210,4.8,15,10000,500
384,0,210,11.11,20,5000,200
385,0,210,14.38,10,7000,350
386,0,210,7.27,10,4350,150
387,0,210,5.67,25,3000,500
388,0,210,11.47,5,8000,400
389,0,210,1.74,15,10000,500
390,0,210,4.88,45,5600,350
391,0,210,14.74,40,8750,350
392,0,210,5.49,25,3450,150
393,0,210,7.77,10,300,100
394,0,210,10.68,25,750,50
395,0,210,10.28,35,8500,250
396,0,210,12.35,50,6300,450
397,0,210,10.27,25,8500,500
398,0,210,6.93,10,7500,250
399,0,210,5.9,50,3200,400
400,0,210,6.38,5,1350,450
401,0,210,8.78,30,6000,300
402,0,210,6.06,30,3000,100
403,0,210,10.09,30,4250,250
404,0,210,3.6,20,1200,300
405,0,210,5.66,40,1500,300
406,0,210,4.26,15,3000,300
407,0,210,3.46,50,8700,100
408,0,210,5.64,45,7750,250
409,0,210,8.21,45,9000,250
410,0,210,12.0,10,900,300
411,0,210,8.01,10,8700,300
412,0,210,10.4,10,2850,150
413,0,210,4.78,50,8750,350
414,0,210,6.01,15,6300,450
415,0,210,12.23,10,7500,500
416,0,210,1.66,30,1400,350
417,0,210,2.48,35,400,400
418,0,210,12.21,45,2250,450
419,0,210,1.64,10,8600,200
420,0,210,5.45,30,6000,300
421,0,210,11.81,35,9700,50
422,0,210,2.12,15,9450,450
423,0,210,7.13,5,4700,50
424,0,210,3.74,20,4550,350
425,0,210,11.91,40,9800,200
426,0,210,14.69,10,4750,250
427,0,210,2.37,20,7000,250
428,0,210,9.54,35,7350,150
429,0,210,11.23,5,700,100
430,0,210,10.68,30,3600,300
431,0,210,7.91,35,2800,350
432,0,210,12.74,50,6300,450
433,0,210,7.84,15,6650,350
434,0,210,6.33,20,3500,250
435,0,210,3.87,45,8300,100
436,0,210,6.39,30,8000,500
437,0,210,4.62,10,3000,100
438,0,210,7.19,30,7800,100
439,0,210,8.86,15,5250,350
440,0,210,5.2,35,2550,50
441,0,210,5.13,45,7650,150
442,0,210,5.25,10,7200,400
443,0,210,7.93,20,4400,200
444,0,210,9.47,10,4500,500
445,0,210,10.35,10,5100,100
446,0,210,5.65,35,8700,100
447,0,210,6.32,5,3850,350
448,0,210,1.8,15,2100,100
449,0,210,9.57,15,1750,350
450,0,210,8.72,30,9450,450
451,0,210,13.2,20,2400,300
452,0,210,10.64,45,9600,300
453,0,210,12.69,15,6600,200
454,0,210,8.1,5,1200,300
455,0,210,2.65,20,8750,250
456,0,210,4.2,25,4200,350
457,0,210,9.13,30,3100,100
458,0,210,11.74,15,2800,350
459,0,210,7.26,5,5400,450
460,0,210,13.15,30,7600,400
461,0,210,8.71,45,4650,150
462,0,210,11.42,35,3500,350
463,0,210,13.43,25,10000,400
464,0,210,2.73,35,8100,300
465,0,210,9.08,40,1750,350
466,0,210,2.16,35,2750,50
467,0,210,2.66,40,6900,100
468,0,210,14.07,50,5950,350
469,0,210,4.63,15,3250,250
470,0,210,4.15,25,3500,350
471,0,210,10.72,5,2700,450
472,0,210,14.51,40,6300,50
473,0,210,3.0,10,1050,350
474,0,210,13.09,45,8000,400
475,0,210,8.71,15,6150,150
476,0,210,3.56,5,10000,400
477,0,210,2.01,30,4650,50
478,0,210,7.06,35,9450,350
479,0,210,4.53,25,4500,300
480,0,210,3.39,15,8950,50
481,0,210,14.7,40,2750,250
482,0,210,3.21,20,8000,200
483,0,210,6.75,5,6300,300
484,0,210,7.99,5,9500,500
485,0,210,14.32,25,3500,350
486,0,210,9.14,25,9750,150
487,0,210,6.3,50,5300,100
488,0,210,5.8,5,1500,150
489,0,210,8.43,50,1200,100
490,0,210,10.44,45,9800,200
491,0,210,9.72,50,6400,400
492,0,210,1.52,5,5400,300
493,0,210,5.9,35,3300,300
494,0,210,1.5,5,9900,100
495,0,210,9.12,25,8250,250
496,0,210,3.44,15,4500,300
497,0,210,5.05,15,1650,150
498,0,210,12.01,15,600,150
499,0,210,3.68,45,3000,500
500,0,210,9.94,40,3800,50
501,0,210,9.74,40,5950,350
502,0,210,14.61,50,6900,150
503,0,210,11.94,25,6000,200
504,0,210,1.91,50,6900,300
505,0,210,12.52,40,9900,150
506,0,210,3.88,15,7500,300
507,0,210,14.11,45,8000,500
508,0,210,1.98,45,7750,250
509,0,210,5.74,25,2200,100
510,0,210,10.38,40,500,500
511,0,210,6.62,25,6500,100
512,0,210,4.62,50,200,200
513,0,210,13.8,35,6300,450
514,0,210,2.55,15,8000,250
515,0,210,13.7,40,6500,500
516,0,210,13.48,15,3500,100
517,0,210,4.74,50,7350,350
518,0,210,7.19,35,3000,100
519,0,210,8.79,10,4200,350
520,0,210,3.68,25,5800,200
521,0,210,12.07,30,9100,100
522,0,210,9.76,50,2000,400
523,0,210,8.88,15,7500,500
524,0,210,4.85,25,1050,350
525,0,210,14.45,20,6000,300
526,0,210,5.77,40,7200,400
527,0,210,11.2,10,1000,500
528,0,210,14.56,50,6450,150
529,0,210,11.95,20,5200,400
530,0,210,7.51,30,9300,300
531,0,210,8.38,5,6450,150
532,0,210,5.53,10,3500,250
533,0,210,8.83,10,3300,300
534,0,210,12.88,35,8800,50
535,0,210,7.88,20,750,150
536,0,210,6.22,20,7200,300
537,0,210,3.89,10,6750,250
538,0,210,10.52,45,6300,450
539,0,210,8.5,5,3900,300
540,0,210,5.23,45,1500,300
541,0,210,8.74,40,3750,50
542,0,210,14.52,20,9700,100
543,0,210,8.12,15,8800,400
544,0,210,10.05,45,1000,250
545,0,210,6.17,40,8100,450
546,0,210,14.02,15,6400,400
547,0,210,8.92,10,1050,350
548,0,210,10.61,35,9400,100
549,0,210,4.02,50,8250,250
550,0,210,6.34,40,7200,300
551,0,210,13.46,25,8400,300
552,0,210,2.72,20,6000,500
553,0,210,2.08,5,7400,50
554,0,210,12.45,40,5250,350
555,0,210,4.72,30,2000,500
556,0,210,10.77,30,5100,150
557,0,210,13.96,5,8200,100
558,0,210,14.05,30,9900,450
559,0,210,11.44,35,5400,300
560,0,210,8.37,30,6650,350
561,0,210,2.09,40,7100,50
562,0,210,7.98,5,3850,350
563,0,210,8.93,50,7200,400
564,0,210,13.68,20,9450,450
565,0,210,2.59,15,6400,400
566,0,210,9.17,25,4050,150
567,0,210,13.27,45,1400,350
568,0,210,1.73,50,4200,200
569,0,210,14.84,15,2700,50
570,0,210,8.99,40,8000,400
571,0,210,10.85,5,9300,300
572,0,210,4.94,15,900,150
573,0,210,13.39,50,6600,200
574,0,210,3.63,25,2700,300
575,0,210,13.88,30,2000,500
576,0,210,3.56,5,4000,400
577,0,210,8.04,20,6150,150
578,0,210,4.84,45,8800,100
579,0,210,5.27,35,1800,300
580,0,210,4.42,50,2500,500
581,0,210,10.36,10,450,150
582,0,210,12.77,50,8100,300
583,0,210,9.34,15,6000,400
584,0,210,3.99,10,500,500
585,0,210,7.75,15,1350,150
586,0,210,11.57,40,5800,200
587,0,210,11.58,25,9400,200
588,0,210,4.81,15,9100,350
589,0,210,5.99,10,1200,400
590,0,210,8.19,50,5950,350
591,0,210,4.12,45,7500,300
592,0,210,10.74,45,9450,450
593,0,210,11.94,40,1350,150
594,0,210,12.92,50,2000,500
595,0,210,1.76,15,1800,200
596,0,210,8.01,20,10000,250
597,0,210,3.54,20,4400,100
598,0,210,9.05,5,1750,350
599,0,210,8.29,5,1350,450
600,0,210,6.2,20,400,400
601,0,210,2.08,50,9300,100
602,0,210,12.83,45,3350,50
603,0,210,7.24,15,9800,350
604,0,210,10.9,50,2200,200
605,0,210,10.27,25,9250,250
606,0,210,14.61,5,1000,250
607,0,210,11.04,10,8750,350
608,0,210,2.38,35,8500,250
609,0,210,12.0,35,1200,100
610,0,210,10.18,45,8000,400
611,0,210,13.09,45,4000,400
612,0,210,7.97,20,6000,150
613,0,210,13.5,45,1750,250
614,0,210,7.8,20,450,150
615,0,210,11.62,5,9000,300
616,0,210,4.8,25,7000,200
617,0,210,11.12,50,1000,250
618,0,210,4.0,20,9800,350
619,0,210,4.15,40,4250,250
620,0,210,10.9,30,5400,200
621,0,210,14.04,5,3000,100
622,0,210,2.52,30,3000,50
623,0,210,13.09,10,9900,100
624,0,210,6.63,20,2650,50
625,0,210,7.1,45,7800,150
626,0,210,2.03,35,4500,300
627,0,210,14.51,20,5500,500
628,0,210,3.91,20,7500,500
629,0,210,9.04,10,6800,400
630,0,210,13.45,20,4300,100
631,0,210,6.03,5,3750,250
632,0,210,13.33,20,1500,500
633,0,210,3.38,25,8000,100
634,0,210,5.63,35,7650,450
635,0,210,4.85,10,1500,500
636,0,210,10.55,30,6600,100
637,0,210,5.19,20,1200,300
638,0,210,2.1,30,2000,200
639,0,210,9.53,25,3600,300
640,0,210,3.09,20,1950,150
641,0,210,14.03,45,6150,150
642,0,210,11.62,40,4500,500
643,0,210,13.2,5,4600,100
644,0,210,1.86,30,2800,400
645,0,210,8.26,20,3800,200
646,0,210,1.87,20,7750,250
647,0,210,7.67,20,4050,450
648,0,210,12.16,10,3500,500
649,0,210,14.51,10,1400,200
650,0,210,3.93,15,4200,100
651,0,210,11.98,25,6500,250
652,0,210,10.37,45,7200,400
653,0,210,2.55,40,7500,300
654,0,210,3.37,10,1500,300
655,0,210,10.75,20,1200,150
656,0,210,7.6,30,5000,500
657,0,210,3.81,5,4750,250
658,0,210,2.67,5,4750,250
659,0,210,11.54,45,1050,350
660,0,210,4.54,5,5700,150
661,0,210,14.76,5,9600,400
662,0,210,5.19,10,9200,400
663,0,210,12.0,5,1000,200
664,0,210,6.32,40,9450,450
665,0,210,2.49,35,300,300
666,0,210,8.55,5,1400,200
667,0,210,4.99,20,900,450
668,0,210,9.5,10,1800,300
669,0,210,5.63,20,2900,50
670,0,210,14.0,25,300,50
671,0,210,1.57,30,2800,350
672,0,210,8.58,50,8050,350
673,0,210,13.5,40,6400,400
674,0,210,4.7,45,7200,300
675,0,210,10.91,20,5100,100
676,0,210,1.7,30,3000,500
677,0,210,8.04,15,1500,300
678,0,210,7.55,50,2400,200
679,0,210,11.02,45,1200,300
680,0,210,2.3,40,6800,400
681,0,210,13.5,50,2700,50
682,0,210,2.36,10,5950,350
683,0,210,11.5,35,1800,100
684,0,210,9.46,30,8750,350
685,0,210,11.94,15,4800,200
686,0,210,9.07,45,2550,150
687,0,210,12.54,20,7400,100
688,0,210,11.28,20,7300,100
689,0,210,14.96,30,7500,300
690,0,210,8.9,15,8600,200
691,0,210,1.98,45,9800,200
692,0,210,14.36,35,4200,350
693,0,210,14.71,40,9000,200
694,0,210,2.96,20,6450,50
695,0,210,10.63,20,4400,200
696,0,210,11.82,35,9800,350
697,0,210,10.18,50,7000,250
698,0,210,12.79,50,250,250
699,0,210,3.05,50,4800,150
700,0,210,4.49,40,1050,150
701,0,210,7.29,5,6900,50
702,0,210,2.44,45,7050,150
703,0,210,2.19,25,3900,150
704,0,210,14.61,45,7700,100
705,0,210,13.17,20,9500,250
706,0,210,12.38,25,1800,300
707,0,210,9.02,10,9600,400
708,0,210,4.15,50,5200,200
709,0,210,4.33,45,3500,500
710,0,210,12.53,25,6300,300
711,0,210,7.38,50,5900,50
712,0,210,1.66,15,4200,300
713,0,210,10.43,25,100,100
714,0,210,7.59,5,2400,400
715,0,210,6.95,40,1800,300
716,0,210,12.32,15,5600,400
717,0,210,10.06,40,1250,250
718,0,210,9.95,5,9500,500
719,0,210,9.42,25,1200,400
720,0,210,14.92,10,3500,500
721,0,210,9.55,45,8500,50
722,0,210,8.47,45,5000,500
723,0,210,12.66,45,1000,200
724,0,210,12.09,45,4950,450
725,0,210,14.7,30,9200,50
726,0,210,7.32,35,2000,400
727,0,210,5.78,50,5250,350
728,0,210,5.44,40,3250,50
729,0,210,10.23,35,9450,350
730,0,210,6.64,35,5500,250
731,0,210,2.04,40,1850,50
732,0,210,10.44,5,3600,200
733,0,210,7.55,35,6200,200
734,0,210,12.81,30,9450,150
735,0,210,8.7,10,7200,150
736,0,210,9.79,20,9000,300
737,0,210,5.69,10,6000,300
738,0,210,4.06,45,2400,200
739,0,210,7.77,20,4200,300
740,0,210,13.89,35,7000,50
741,0,210,7.16,20,2700,150
742,0,210,6.61,50,9750,50
743,0,210,8.61,25,7750,250
744,0,210,5.91,30,1950,150
745,0,210,14.41,5,3250,50
746,0,210,4.74,50,300,300
747,0,210,3.48,15,2750,50
748,0,210,7.48,50,3000,500
749,0,210,13.72,35,9200,200
750,0,210,1.83,20,5700,150
751,0,210,8.42,15,1600,100
752,0,210,1.84,20,8800,200
753,0,210,7.24,5,8400,400
754,0,210,9.81,50,5250,250
755,0,210,7.16,45,1800,450
756,0,210,4.74,30,1850,50
757,0,210,5.39,50,3800,200
758,0,210,14.21,5,3500,250
759,0,210,7.21,30,3600,400
760,0,210,6.27,25,4500,150
761,0,210,13.45,25,9500,500
762,0,210,2.43,5,3250,250
763,0,210,12.57,50,9900,450
764,0,210,6.41,20,4550,350
765,0,210,5.51,10,4850,50
766,0,210,8.25,10,1550,50
767,0,210,14.2,5,4050,50
768,0,210,2.53,35,7600,400
769,0,210,14.1,45,8400,400
770,0,210,3.57,50,750,250
771,0,210,4.93,10,10000,400
772,0,210,3.12,10,4050,150
773,0,210,4.68,15,5250,350
774,0,210,8.73,45,2700,100
775,0,210,12.26,5,9800,350
776,0,210,6.93,35,6300,350
777,0,210,14.3,50,7200,450
778,0,210,9.74,5,7800,300
779,0,210,7.05,35,7600,200
780,0,210,8.4,30,7300,100
781,0,210,7.66,45,7350,350
782,0,210,13.03,35,8200,200
783,0,210,5.62,35,5400,150
784,0,210,8.96,5,1000,500
785,0,210,10.82,20,4500,500
786,0,210,1.54,45,3650,50
787,0,210,7.27,5,7500,150
788,0,210,14.09,25,4750,250
789,0,210,2.76,15,3900,100
790,0,210,14.92,15,4500,300
791,0,210,3.6,5,8900,50
792,0,210,9.36,30,3400,100
793,0,210,3.65,25,7000,350
794,0,210,9.55,45,4950,450
795,0,210,12.37,50,8100,150
796,0,210,3.1,35,4800,300
797,0,210,1.97,15,9000,450
798,0,210,4.64,10,3600,150
799,0,210,7.6,35,8000,250
800,0,210,7.63,30,5200,100
801,0,210,10.82,30,2000,200
802,0,210,8.18,40,6500,500
803,0,210,9.23,15,9500,500
804,0,210,6.08,10,500,500
805,0,210,3.58,40,650,50
806,0,210,12.93,20,3600,450
807,0,210,1.53,20,300,150
808,0,210,6.32,25,3000,300
809,0,210,5.73,45,1750,350
810,0,210,1.83,30,2850,50
811,0,210,11.01,40,3900,300
812,0,210,12.93,25,7250,250
813,0,210,12.11,15,900,300
814,0,210,9.87,10,3800,50
815,0,210,13.13,35,5850,450
816,0,210,5.28,25,9000,300
817,0,210,6.23,30,2400,400
818,0,210,6.44,15,7600,400
819,0,210,12.04,20,2000,400
820,0,210,9.21,25,5000,500
821,0,210,7.61,10,500,500
822,0,210,9.64,20,2000,400
823,0,210,3.08,10,300,300
824,0,210,12.72,35,4400,400
825,0,210,5.14,40,4500,500
826,0,210,7.46,15,8000,500
827,0,210,13.76,20,5600,200
828,0,210,2.39,40,1100,100
829,0,210,12.91,25,4250,250
830,0,210,3.11,35,2550,150
831,0,210,14.1,50,4200,350
832,0,210,5.68,50,2000,500
833,0,210,12.16,35,4200,200
834,0,210,2.1,5,6000,500
835,0,210,13.39,35,8400,300
836,0,210,11.04,10,8100,450
837,0,210,2.14,5,2850,50
838,0,210,1.9,35,10000,200
839,0,210,12.82,15,1750,250
840,0,210,1.88,15,7500,500
841,0,210,4.6,10,1000,500
842,0,210,4.54,5,3500,350
843,0,210,9.55,40,5200,400
844,0,210,3.33,5,450,50
845,0,210,1.7,50,200,200
846,0,210,4.67,10,2000,500
847,0,210,5.09,40,2000,500
848,0,210,13.42,50,5600,50
849,0,210,3.03,35,3750,250
850,0,210,14.01,15,6600,150
851,0,210,11.23,40,6000,500
852,0,210,14.44,50,7500,300
853,0,210,5.58,40,2400,100
854,0,210,7.41,45,6300,100
855,0,210,6.16,50,5300,100
856,0,210,3.84,40,5850,450
857,0,210,1.78,40,1000,500
858,0,210,13.18,10,3300,50
859,0,210,9.69,30,2800,350
860,0,210,10.8,50,6200,50
861,0,210,2.04,40,9500,250
862,0,210,3.55,35,1800,450
863,0,210,14.19,5,9750,250
864,0,210,10.67,15,4200,150
865,0,210,10.83,15,4900,350
866,0,210,10.46,30,5000,500
867,0,210,7.6,5,6800,200
868,0,210,14.3,40,8000,400
869,0,210,3.72,25,9000,450
870,0,210,14.44,5,8500,250
871,0,210,14.16,25,9900,150
872,0,210,14.65,15,4250,250
873,0,210,6.57,35,5500,250
874,0,210,4.75,5,8400,350
875,0,210,11.22,30,200,50
876,0,210,13.77,5,7000,200
877,0,210,13.56,25,3200,100
878,0,210,1.74,25,2100,100
879,0,210,12.23,40,1050,150
880,0,210,1.55,25,4200,350
881,0,210,7.44,50,9150,50
882,0,210,7.42,30,3300,150
883,0,210,12.35,5,9250,250
884,0,210,14.89,40,2000,500
885,0,210,7.61,35,7700,350
886,0,210,12.66,5,2500,100
887,0,210,5.8,15,1950,50
888,0,210,13.67,20,1500,300
889,0,210,4.41,35,9000,200
890,0,210,13.77,5,9000,300
891,0,210,14.18,40,10000,400
892,0,210,12.5,30,8800,200
893,0,210,2.25,10,3300,100
894,0,210,4.56,35,1150,50
895,0,210,11.15,35,3150,450
896,0,210,2.38,5,5600,350
897,0,210,2.91,10,6750,250
898,0,210,4.85,45,5500,500
899,0,210,6.53,5,7000,500
900,0,210,6.66,20,9100,100
901,0,210,3.25,20,9750,150
902,0,210,10.46,35,4350,50
903,0,210,13.29,50,6500,250
904,0,210,7.88,30,8500,500
905,0,210,14.05,5,9300,100
906,0,210,6.62,10,5850,450
907,0,210,11.93,30,4100,100
908,0,210,8.79,10,6650,350
909,0,210,12.24,15,2850,50
910,0,210,10.9,40,7000,350
911,0,210,13.77,35,6600,300
912,0,210,4.97,15,1200,400
913,0,210,8.79,10,5850,50
914,0,210,4.02,50,3150,450
915,0,210,13.62,5,9450,450
916,0,210,10.48,10,9000,450
917,0,210,9.49,50,3000,500
918,0,210,11.69,30,9500,500
919,0,210,14.36,20,6900,300
920,0,210,8.63,35,9450,350
921,0,210,10.39,10,8500,250
922,0,210,6.88,15,7650,450
923,0,210,8.4,35,8000,400
924,0,210,9.82,15,3100,100
925,0,210,7.63,15,6050,50
926,0,210,3.54,10,7200,450
927,0,210,4.07,20,5700,300
928,0,210,7.45,30,7500,300
929,0,210,14.88,10,4500,450
930,0,210,11.27,20,8500,500
931,0,210,8.86,20,3200,200
932,0,210,14.0,20,9000,250
933,0,210,14.24,35,400,400
934,0,210,6.01,50,3000,500
935,0,210,3.57,25,6100,100
936,0,210,8.51,30,3800,100
937,0,210,9.23,20,2100,150
938,0,210,4.62,25,4800,300
939,0,210,8.45,10,6900,300
940,0,210,4.88,30,600,300
941,0,210,11.25,15,9000,450
942,0,210,6.95,25,10000,500
943,0,210,5.01,35,8700,300
944,0,210,4.55,45,4500,100
945,0,210,6.57,20,8550,150
946,0,210,14.84,35,3600,200
947,0,210,4.01,15,2000,400
948,0,210,2.38,5,5250,250
949,0,210,5.32,10,2650,50
950,0,210,13.16,25,10000,400
951,0,210,9.62,45,6000,250
952,0,210,12.09,30,3150,50
953,0,210,3.61,25,400,400
954,0,210,14.2,15,6600,300
955,0,210,8.1,35,8800,50
956,0,210,9.74,35,9450,350
957,0,210,13.98,25,9200,200
958,0,210,10.09,20,2700,300
959,0,210,14.82,20,9100,350
960,0,210,4.88,35,7050,150
961,0,210,9.1,50,5500,500
962,0,210,2.16,25,1600,200
963,0,210,10.71,25,4950,150
964,0,210,2.68,5,3500,500
965,0,210,14.75,40,8200,200
966,0,210,5.77,10,6750,450
967,0,210,4.59,5,8400,350
968,0,210,12.73,40,4500,450
969,0,210,8.06,30,8100,150
970,0,210,10.55,40,4400,400
971,0,210,11.89,5,4050,450
972,0,210,2.91,20,700,350
973,0,210,5.55,30,7200,300
974,0,210,10.7,50,4800,200
975,0,210,10.79,25,5000,500
976,0,210,7.75,5,4400,400
977,0,210,10.4,5,9800,200
978,0,210,4.12,25,5600,350
979,0,210,3.72,25,350,50
980,0,210,6.55,25,9000,250
981,0,210,14.54,20,1450,50
982,0,210,7.62,25,400,200
983,0,210,2.29,15,4750,250
984,0,210,9.9,10,9300,300
985,0,210,8.45,35,5400,100
986,0,210,13.98,40,9000,150
987,0,210,9.64,50,5000,250
988,0,210,10.41,40,4200,100
989,0,210,5.31,40,5300,100
990,0,210,5.59,15,6650,350
991,0,210,7.07,45,8400,300
992,0,210,6.97,20,300,300
993,0,210,5.33,5,9000,450
994,0,210,4.4,20,900,450
995,0,210,5.73,35,3150,350
996,0,210,14.62,45,6800,400
997,0,210,14.96,35,5700,100
998,0,210,3.0,30,9000,200
999,0,210,8.05,35,7200,400
1000,0,210,12.94,30,4000,400
1001,0,210,6.24,35,7050,50
1002,0,210,12.99,10,4050,450
1003,0,210,7.25,5,6900,150
1004,0,210,1.65,10,400,400
1005,0,210,12.05,25,9450,350
1006,0,210,7.95,45,9000,300
1007,0,210,4.48,45,8250,150
1008,0,210,8.13,50,3300,300
1009,0,210,13.04,50,8700,150
1010,0,210,10.76,15,3300,300
1011,0,210,10.17,50,6650,350
1012,0,210,13.23,10,2450,350
1013,0,210,14.4,5,1650,150
1014,0,210,7.97,40,2050,50
1015,0,210,9.0,20,7800,300
1016,0,210,4.38,25,9900,150
1017,0,210,8.82,15,4200,300
1018,0,210,8.54,35,3400,200
1019,0,210,3.49,10,9000,500
1020,0,210,14.62,40,9200,100
1021,0,210,7.81,45,8100,300
1022,0,210,10.65,25,5250,350
1023,0,210,7.78,40,9000,200
1024,0,210,5.41,15,8500,100
1025,0,210,13.22,35,7600,400
1026,0,210,4.82,15,300,300
1027,0,210,12.0,15,2750,250
1028,0,210,5.25,45,1350,450
1029,0,210,3.1,35,8600,100
1030,0,210,6.64,20,1200,150
1031,0,210,4.87,15,450,450
1032,0,210,11.24,30,5200,400
1033,0,210,6.25,50,3200,400
1034,0,210,4.37,50,3600,450
1035,0,210,7.34,10,2800,400
1036,0,210,11.28,25,2450,350
1037,0,210,2.12,25,4000,500
1038,0,210,3.51,15,400,200
1039,0,210,2.51,5,300,100
1040,0,210,12.35,5,5900,50
1041,0,210,3.9,15,3000,250
1042,0,210,13.36,35,2100,300
1043,0,210,11.52,15,900,300
1044,0,210,13.92,5,750,250
1045,0,210,7.49,20,4400,400
1046,0,210,9.01,50,9600,300
1047,0,210,11.79,25,9500,500
1048,0,210,14.31,50,2100,350
1049,0,210,2.13,15,7000,200
1050,0,210,10.76,40,2800,350
1051,0,210,14.73,40,4050,450
1052,0,210,2.8,5,2350,50
1053,0,210,8.87,25,2750,250
1054,0,210,4.14,25,1200,200
1055,0,210,12.72,35,9000,200
1056,0,210,11.69,5,1800,200
1057,0,210,5.28,50,5600,400
1058,0,210,4.15,5,800,400
1059,0,210,4.63,35,600,100
1060,0,210,5.55,20,8200,50
1061,0,210,12.97,40,5950,350
1062,0,210,14.22,50,3850,350
1063,0,210,12.1,50,600,100
1064,0,210,5.96,20,400,200
1065,0,210,3.83,35,5250,250
1066,0,210,7.89,30,2250,150
1067,0,210,12.38,20,3000,150
1068,0,210,12.88,5,2400,200
1069,0,210,9.56,25,4900,350
1070,0,210,7.68,10,7650,450
1071,0,210,10.34,35,8100,150
1072,0,210,13.14,10,9000,450
1073,0,210,9.5,25,6700,50
1074,0,210,11.2,25,1500,500
1075,0,210,13.66,35,300,300
1076,0,210,14.93,45,3250,250
1077,0,210,8.22,30,9600,150
1078,0,210,14.38,15,2100,350
1079,0,210,12.13,35,2300,100
1080,0,210,7.43,35,6500,500
1081,0,210,12.82,30,4400,50
1082,0,210,3.57,10,6300,450
1083,0,210,8.55,45,4050,450
1084,0,210,14.05,5,7600,400
1085,0,210,11.1,40,5100,300
1086,0,210,4.16,25,2800,400
1087,0,210,13.44,15,8100,300
1088,0,210,3.16,45,6200,200
1089,0,210,11.44,10,500,500
1090,0,210,3.59,40,1400,50
1091,0,210,10.18,45,7750,250
1092,0,210,14.01,25,6600,100
1093,0,210,2.47,10,1200,100
1094,0,210,11.88,35,6200,200
1095,0,210,5.49,40,4500,300
1096,0,210,5.14,30,2550,150
1097,0,210,14.96,15,8100,450
1098,0,210,10.09,20,900,150
1099,0,210,9.9,50,6400,400
1100,0,210,12.45,10,5500,500
1101,0,210,9.14,15,2750,250
1102,0,210,9.25,15,2100,50
1103,0,210,9.0,15,6400,400
1104,0,210,2.82,25,900,450
1105,0,210,12.52,20,2100,350
1106,0,210,10.74,35,2500,500
1107,0,210,13.23,30,1000,500
1108,0,210,10.32,30,1750,350
1109,0,210,2.32,40,6150,150
1110,0,210,9.63,20,1500,100
1111,0,210,3.89,20,9450,450
1112,0,210,8.46,10,9200,400
1113,0,210,11.32,20,6900,300
1114,0,210,7.47,5,7200,300
1115,0,210,11.73,10,3900,100
1116,0,210,11.14,35,4200,350
1117,0,210,5.3,35,2450,350
1118,0,210,14.08,30,5500,500
1119,0,210,10.78,35,7800,150
1120,0,210,4.02,45,5400,450
1121,0,210,11.01,50,800,400
1122,0,210,4.75,5,9400,200
1123,0,210,12.2,5,7800,50
1124,0,210,10.16,15,4400,400
1125,0,210,2.04,40,600,150
1126,0,210,14.91,40,6900,150
1127,0,210,13.93,45,2800,350
1128,0,210,13.04,5,3400,200
1129,0,210,8.43,10,450,450
1130,0,210,14.8,10,9600,200
1131,0,210,1.81,30,6300,300
1132,0,210,13.88,40,7200,300
1133,0,210,11.06,10,4200,200
1134,0,210,2.52,10,6000,300
1135,0,210,9.03,50,5800,200
1136,0,210,13.83,15,2500,500
1137,0,210,5.78,5,8250,150
1138,0,210,12.13,5,500,250
1139,0,210,11.07,40,7000,500
1140,0,210,8.95,20,2500,250
1141,0,210,14.35,15,1200,400
1142,0,210,2.65,30,5600,400
1143,0,210,13.88,35,2800,350
1144,0,210,4.58,35,900,450
1145,0,210,8.6,30,4950,450
1146,0,210,13.0,50,6000,400
1147,0,210,4.67,5,8500,500
1148,0,210,1.96,35,8500,500
1149,0,210,10.98,50,3600,150
1150,0,210,9.0,20,1200,200
1151,0,210,14.88,50,1500,150
1152,0,210,4.29,10,300,300
1153,0,210,13.67,15,9300,100
1154,0,210,9.68,30,9200,400
1155,0,210,5.23,15,7450,50
1156,0,210,8.54,35,7200,50
1157,0,210,6.73,40,4550,350
1158,0,210,13.72,30,3850,50
1159,0,210,11.5,25,1350,450
1160,0,210,3.14,35,4300,100
1161,0,210,13.75,10,6300,300
1162,0,210,2.67,35,8550,450
1163,0,210,4.38,30,1400,100
1164,0,210,5.46,25,5400,300
1165,0,210,7.01,35,2400,400
1166,0,210,14.28,50,3000,250
1167,0,210,10.05,5,4600,200
1168,0,210,10.68,25,7000,350
1169,0,210,5.72,15,2500,250
1170,0,210,9.22,35,2400,100
1171,0,210,12.27,40,9800,350
1172,0,210,7.46,20,3600,300
1173,0,210,13.2,10,150,150
1174,0,210,10.23,25,4200,50
1175,0,210,7.32,5,3600,400
1176,0,210,12.94,45,6050,50
1177,0,210,2.13,45,8400,350
1178,0,210,7.8,50,5750,50
1179,0,210,2.38,40,2800,50
1180,0,210,12.57,20,500,250
1181,0,210,8.82,5,8500,500
1182,0,210,3.28,20,8250,150
1183,0,210,4.69,5,4200,350
1184,0,210,13.85,25,8400,400
1185,0,210,5.52,30,9900,300
1186,0,210,7.39,45,3000,500
1187,0,210,8.28,10,6500,50
1188,0,210,4.74,40,9800,350
1189,0,210,3.14,5,7400,100
1190,0,210,14.33,30,3300,300
1191,0,210,11.95,35,8850,50
1192,0,210,12.63,15,6600,200
1193,0,210,13.2,45,4600,200
1194,0,210,12.16,40,9400,200
1195,0,210,7.73,50,6800,400
1196,0,210,13.88,40,8500,250
1197,0,210,10.58,20,6000,250
1198,0,210,9.32,40,9000,500
1199,0,210,14.18,15,7500,50
1200,0,210,11.48,50,9600,300
1201,0,210,11.94,40,8500,250
1202,0,210,3.0,30,8100,300
1203,0,210,12.65,10,600,300
1204,0,210,3.74,40,8000,100
1205,0,210,6.58,35,8400,200
1206,0,210,4.0,15,2750,250
1207,0,210,9.36,35,1800,200
1208,0,210,13.14,5,5100,150
1209,0,210,2.89,20,7500,100
1210,0,210,3.53,10,7200,300
1211,0,210,13.97,45,3600,200
1212,0,210,6.19,50,8600,200
1213,0,210,8.24,5,7000,100
1214,0,210,10.01,45,1500,250
1215,0,210,8.93,30,2600,200
1216,0,210,8.4,20,4800,300
1217,0,210,3.01,15,9400,100
1218,0,210,14.29,20,1050,350
1219,0,210,10.86,40,7800,200
1220,0,210,2.38,25,5000,250
1221,0,210,9.97,40,6800,400
1222,0,210,11.38,50,450,50
1223,0,210,14.69,45,100,50
1224,0,210,7.42,45,900,300
1225,0,210,9.36,50,9600,400
1226,0,210,4.53,25,2600,200
1227,0,210,2.84,35,2100,300
1228,0,210,9.77,25,4800,300
1229,0,210,3.35,15,350,350
1230,0,210,11.93,10,9750,250
1231,0,210,12.63,20,6300,450
1232,0,210,6.91,20,7500,150
1233,0,210,7.16,45,8400,400
1234,0,210,1.71,40,200,100
1235,0,210,12.27,5,6350,50
1236,0,210,10.49,25,1400,350
1237,0,210,14.02,40,8800,400
1238,0,210,5.0,45,9750,250
1239,0,210,10.55,10,8000,500
1240,0,210,14.77,10,2200,50
1241,0,210,8.37,40,2800,350
1242,0,210,8.92,45,4800,50
1243,0,210,2.15,45,7600,200
1244,0,210,4.68,5,5600,350
1245,0,210,6.84,50,2500,500
1246,0,210,14.04,45,2400,400
1247,0,210,11.62,45,5750,250
1248,0,210,10.51,25,1400,350
1249,0,210,12.52,45,6800,50
1250,0,210,6.74,25,1000,500
1251,0,210,13.43,40,7200,400
1252,0,210,13.09,30,3600,300
1253,0,210,10.47,40,3850,350
1254,0,210,1.64,10,250,250
1255,0,210,4.8,10,3000,150
1256,0,210,3.62,20,7750,250
1257,0,210,11.52,35,9900,450
1258,0,210,12.37,10,9750,250
1259,0,210,8.54,35,3450,150
1260,0,210,2.11,35,4500,300
1261,0,210,2.33,15,7000,500
1262,0,210,11.39,50,4350,150
1263,0,210,12.63,40,9000,500
1264,0,210,14.27,15,500,500
1265,0,210,11.24,5,1200,300
1266,0,210,7.21,15,4500,500
1267,0,210,1.9,10,3850,350
1268,0,210,14.68,25,2800,400
1269,0,210,12.9,35,3600,100
1270,0,210,2.61,15,8250,250
1271,0,210,7.38,35,450,50
1272,0,210,3.36,40,6200,200
1273,0,210,2.58,20,3600,50
1274,0,210,2.78,10,9000,300
1275,0,210,4.76,40,1750,350
1276,0,210,7.58,20,500,500
1277,0,210,3.92,20,6900,300
1278,0,210,12.48,10,8100,50
1279,0,210,6.1,15,3750,250
1280,0,210,8.57,40,7500,300
1281,0,210,3.29,15,4000,400
1282,0,210,2.04,10,8400,150
1283,0,210,13.97,35,3600,400
1284,0,210,2.54,45,5400,450
1285,0,210,6.5,5,3800,100
1286,0,210,11.02,30,6500,500
1287,0,210,7.04,5,350,350
1288,0,210,13.59,10,7000,350
1289,0,210,8.77,40,9000,450
1290,0,210,4.57,50,2100,100
1291,0,210,4.02,20,2000,400
1292,0,210,11.32,25,8000,200
1293,0,210,5.99,50,3150,150
1294,0,210,2.49,10,2500,250
1295,0,210,10.46,40,300,300
1296,0,210,9.93,45,9000,450
1297,0,210,13.7,25,3500,250
1298,0,210,1.59,25,8550,450
1299,0,210,3.56,25,7200,450
1300,0,210,4.54,30,4400,400
1301,0,210,5.9,15,3500,350
1302,0,210,8.6,25,4200,350
1303,0,210,2.24,50,8400,350
1304,0,210,7.94,35,700,350
1305,0,210,10.05,10,500,500
1306,0,210,14.96,50,5100,50
1307,0,210,13.23,20,3600,150
1308,0,210,5.54,45,8000,250
1309,0,210,13.99,30,5450,50
1310,0,210,14.65,15,3900,300
1311,0,210,8.46,45,9500,250
1312,0,210,10.81,30,9450,350
1313,0,210,1.95,35,4600,200
1314,0,210,4.42,40,7200,200
1315,0,210,7.92,15,9000,150
1316,0,210,11.93,15,8100,100
1317,0,210,4.95,30,5600,350
1318,0,210,13.52,30,300,50
1319,0,210,4.83,45,8250,150
1320,0,210,5.38,10,8400,350
1321,0,210,10.45,20,5750,50
1322,0,210,7.81,15,2000,250
1323,0,210,9.83,10,4500,250
1324,0,210,1.71,20,7200,300
1325,0,210,7.75,45,2850,50
1326,0,210,12.5,50,5400,300
1327,0,210,4.94,15,3200,400
1328,0,210,10.37,15,7200,200
1329,0,210,14.17,15,9200,400
1330,0,210,14.61,25,4200,300
1331,0,210,3.0,10,8500,250
1332,0,210,10.12,40,2100,150
1333,0,210,7.53,45,7800,200
1334,0,210,3.12,30,9150,150
1335,0,210,3.45,20,9600,400
1336,0,210,6.48,35,4000,500
1337,0,210,14.81,40,3500,500
1338,0,210,4.88,30,4000,400
1339,0,210,13.09,50,2100,300
1340,0,210,7.4,25,9000,450
1341,0,210,12.76,30,3750,250
1342,0,210,1.67,25,9450,350
1343,0,210,3.62,15,6500,50
1344,0,210,4.82,30,800,400
1345,0,210,11.52,45,5200,200
1346,0,210,5.05,50,7600,50
1347,0,210,1.7,45,9000,500
1348,0,210,9.49,15,8100,450
1349,0,210,4.32,10,1600,400
1350,0,210,12.27,25,4500,450
1351,0,210,7.76,50,8700,300
1352,0,210,10.75,45,1500,100
1353,0,210,5.66,45,4050,150
1354,0,210,12.12,45,1050,350
1355,0,210,6.88,40,3600,400
1356,0,210,3.01,45,4000,200
1357,0,210,9.47,40,6050,50
1358,0,210,6.71,5,6300,450
1359,0,210,10.94,15,6000,400
1360,0,210,4.65,20,1250,250
1361,0,210,8.93,15,9350,50
1362,0,210,2.21,25,4200,350
1363,0,210,3.69,15,8050,50
1364,0,210,8.7,40,5500,500
1365,0,210,3.63,15,4550,350
1366,0,210,2.16,20,7800,300
1367,0,210,11.75,30,350,350
1368,0,210,6.92,45,8400,350
1369,0,210,14.42,15,1650,150
1370,0,210,10.0,5,1400,350
1371,0,210,11.0,45,5800,100
1372,0,210,13.14,40,9800,350
1373,0,210,4.62,15,8250,250
1374,0,210,7.36,40,3600,400
1375,0,210,12.79,15,1200,100
1376,0,210,11.51,40,2000,400
1377,0,210,11.43,30,4950,450
1378,0,210,9.01,45,9200,400
1379,0,210,12.72,50,450,450
1380,0,210,11.97,35,300,300
1381,0,210,8.18,45,8000,100
1382,0,210,12.55,35,9450,450
1383,0,210,11.08,45,6800,400
1384,0,210,3.71,25,4550,350
1385,0,210,3.77,30,2250,250
1386,0,210,11.3,25,1800,450
1387,0,210,3.93,40,7000,500
1388,0,210,2.34,40,2000,400
1389,0,210,7.98,40,9000,250
1390,0,210,9.88,10,8600,200
1391,0,210,5.37,15,4550,350
1392,0,210,8.42,10,8550,450
1393,0,210,4.41,15,3600,300
1394,0,210,8.53,5,5750,250
1395,0,210,13.36,50,4550,350
1396,0,210,5.87,25,6600,200
1397,0,210,5.38,35,350,350
1398,0,210,3.62,5,8400,200
1399,0,210,6.81,50,7600,400
1400,0,210,6.68,50,2400,400
1401,0,210,6.43,20,5600,400
1402,0,210,10.88,5,8500,500
1403,0,210,7.7,30,4350,50
1404,0,210,13.9,5,3600,400
1405,0,210,9.19,15,7200,450
1406,0,210,10.31,10,8400,400
1407,0,210,12.46,5,1100,100
1408,0,210,4.14,25,9900,50
1409,0,210,11.46,15,5000,250
1410,0,210,8.36,50,8000,500
1411,0,210,1.87,45,5850,450
1412,0,210,3.65,50,6900,300
1413,0,210,11.67,20,4550,350
1414,0,210,8.23,35,4050,450
1415,0,210,9.24,50,2000,400
1416,0,210,8.46,25,6800,400
1417,0,210,7.42,40,4050,450
1418,0,210,3.0,35,6650,350
1419,0,210,10.6,15,7900,50
1420,0,210,11.71,5,5400,450
1421,0,210,8.54,50,3500,350
1422,0,210,11.79,15,8800,400
1423,0,210,8.2,40,600,200
1424,0,210,9.93,45,9000,450
1425,0,210,3.65,45,7450,50
1426,0,210,3.88,20,7500,50
1427,0,210,3.44,40,4500,500
1428,0,210,8.5,15,1800,450
1429,0,210,8.76,45,600,150
1430,0,210,14.25,35,4000,400
1431,0,210,14.69,25,6800,400
1432,0,210,6.12,20,6900,300
1433,0,210,1.92,30,4200,200
1434,0,210,12.1,45,1800,450
1435,0,210,11.55,25,7700,350
1436,0,210,5.48,10,7600,400
1437,0,210,7.27,35,9300,150
1438,0,210,14.85,50,5100,150
1439,0,210,1.91,50,6000,500
1440,0,210,2.83,5,400,400
1441,0,210,11.31,25,8800,200
1442,0,210,9.06,5,8000,400
1443,0,210,8.52,35,8500,100
1444,0,210,3.85,40,10000,500
1445,0,210,15.0,35,4650,150
1446,0,210,8.82,40,6600,150
1447,0,210,9.32,50,8700,150
1448,0,210,4.91,15,5500,500
1449,0,210,12.5,5,7200,50
1450,0,210,2.13,35,8300,100
1451,0,210,10.36,15,6300,450
1452,0,210,14.07,50,9000,500
1453,0,210,11.37,5,8400,400
1454,0,210,7.72,45,3800,200
1455,0,210,14.91,40,4000,500
1456,0,210,10.5,15,4500,500
1457,0,210,6.35,30,5200,400
1458,0,210,6.25,40,1800,200
1459,0,210,3.6,40,1950,50
1460,0,210,11.21,5,9900,300
1461,0,210,8.09,50,9600,400
1462,0,210,9.18,10,900,300
1463,0,210,13.4,25,3250,250
1464,0,210,8.6,45,9100,100
1465,0,210,11.97,40,8000,250
1466,0,210,1.82,20,2800,400
1467,0,210,11.53,45,6500,250
1468,0,210,1.8,50,6950,50
1469,0,210,8.37,30,5500,100
1470,0,210,10.58,35,500,250
1471,0,210,3.25,50,7000,500
1472,0,210,7.01,45,5000,500
1473,0,210,14.05,25,3150,450
1474,0,210,4.01,25,1900,100
1475,0,210,2.02,30,6400,400
1476,0,210,12.92,25,9000,450
1477,0,210,9.96,25,5600,100
1478,0,210,12.45,25,5250,350
1479,0,210,4.1,15,5250,350
1480,0,210,9.72,20,9000,450
1481,0,210,8.16,10,6000,400
1482,0,210,13.97,30,150,50
1483,0,210,14.56,5,5600,100
1484,0,210,3.74,45,8700,300
1485,0,210,11.64,35,8500,500
1486,0,210,11.92,25,2450,50
1487,0,210,10.06,30,600,200
1488,0,210,11.08,15,10000,400
1489,0,210,8.85,30,7750,250
1490,0,210,13.84,5,2750,50
1491,0,210,7.26,30,9900,50
1492,0,210,9.94,20,4200,350
1493,0,210,9.51,35,200,200
1494,0,210,12.92,35,400,400
1495,0,210,13.84,50,600,50
1496,0,210,6.91,5,400,400
1497,0,210,7.2,25,5750,250
1498,0,210,5.76,10,8400,400
1499,0,210,4.21,15,1750,350
1500,0,210,7.98,35,1350,150
1501,0,210,10.2,30,7000,500
1502,0,210,12.8,15,7750,250
1503,0,210,7.34,35,7200,400
1504,0,210,8.96,45,2400,150
1505,0,210,12.65,20,5700,300
1506,0,210,13.56,35,9450,350
1507,0,210,3.22,35,9500,500
1508,0,210,12.21,35,2100,100
1509,0,210,6.93,35,8400,300
1510,0,210,5.86,15,6400,200
1511,0,210,12.52,25,4500,500
1512,0,210,8.72,25,4500,450
1513,0,210,3.83,40,7750,50
1514,0,210,7.05,30,5500,250
1515,0,210,8.37,5,7000,250
1516,0,210,13.46,20,1600,100
1517,0,210,12.99,35,4150,50
1518,0,210,3.67,45,5400,300
1519,0,210,7.74,35,3200,200
1520,0,210,12.17,10,900,100
1521,0,210,4.12,10,3600,200
1522,0,210,5.02,25,8400,350
1523,0,210,12.05,50,9000,500
1524,0,210,1.88,35,100,50
1525,0,210,4.0,10,3600,450
1526,0,210,4.83,15,7000,500
1527,0,210,5.87,20,3150,450
1528,0,210,10.35,45,6400,200
1529,0,210,12.2,45,7500,150
1530,0,210,6.18,25,1200,200
1531,0,210,7.27,5,5500,250
1532,0,210,6.75,15,7000,500
1533,0,210,12.17,10,6500,500
1534,0,210,8.61,35,6400,400
1535,0,210,14.37,40,1800,450
1536,0,210,7.32,40,9000,50
1537,0,210,3.46,50,8800,400
1538,0,210,4.48,45,7800,50
1539,0,210,3.42,45,1000,500
1540,0,210,4.64,30,5750,250
1541,0,210,7.86,50,7200,450
1542,0,210,4.93,20,5400,450
1543,0,210,12.19,20,3150,450
1544,0,210,11.0,20,8400,300
1545,0,210,2.19,35,6450,150
1546,0,210,7.76,5,7350,150
1547,0,210,4.84,5,5500,500
1548,0,210,6.37,5,5000,200
1549,0,210,13.97,20,2850,50
1550,0,210,8.22,10,3800,200
1551,0,210,11.08,40,1500,500
1552,0,210,13.89,30,6250,250
1553,0,210,8.75,20,8850,150
1554,0,210,5.84,30,8400,300
1555,0,210,6.34,15,7250,50
1556,0,210,12.5,25,7600,400
1557,0,210,7.84,10,10000,200
1558,0,210,13.66,40,9000,450
1559,0,210,12.22,45,3000,100
1560,0,210,4.14,45,7800,150
1561,0,210,11.13,40,2700,450
1562,0,210,9.44,5,8500,500
1563,0,210,5.49,25,9500,250
1564,0,210,12.54,35,5100,100
1565,0,210,1.9,25,7600,200
1566,0,210,10.83,25,2800,400
1567,0,210,6.79,25,7000,350
1568,0,210,7.04,20,8250,250
1569,0,210,13.22,20,4950,450
1570,0,210,11.48,15,2700,300
1571,0,210,4.93,5,8000,200
1572,0,210,14.62,30,4900,350
1573,0,210,6.25,10,800,400
1574,0,210,14.16,25,6200,100
1575,0,210,6.88,30,2700,450
1576,0,210,8.33,30,8250,150
1577,0,210,12.68,45,9850,50
1578,0,210,5.76,35,9800,350
1579,0,210,4.39,30,2900,50
1580,0,210,11.02,10,7650,450
1581,0,210,8.11,5,7700,350
1582,0,210,2.34,40,1350,150
1583,0,210,12.26,10,1600,400
1584,0,210,2.43,20,6750,450
1585,0,210,9.02,5,7250,250
1586,0,210,9.04,15,6000,400
1587,0,210,9.73,5,2100,350
1588,0,210,14.56,15,8800,50
1589,0,210,8.66,35,8300,100
1590,0,210,9.54,35,9300,50
1591,0,210,7.58,50,3200,400
1592,0,210,3.5,20,10000,200
1593,0,210,1.6,25,10000,400
1594,0,210,5.42,25,2050,50
1595,0,210,4.78,10,6650,350
1596,0,210,3.89,10,3900,300
1597,0,210,9.18,30,5600,100
1598,0,210,4.03,5,9750,150
1599,0,210,3.39,5,2400,300
1600,0,210,5.95,5,10000,200
1601,0,210,4.56,5,9750,150
1602,0,210,2.21,45,6600,200
1603,0,210,7.52,10,9400,200
1604,0,210,7.12,45,2500,500
1605,0,210,14.2,45,900,450
1606,0,210,13.16,45,2800,350
1607,0,210,13.04,45,8300,100
1608,0,210,2.24,10,9800,350
1609,0,210,11.03,25,1150,50
1610,0,210,8.06,45,7200,300
1611,0,210,8.27,35,5950,350
1612,0,210,13.36,35,8400,300
1613,0,210,10.89,30,8100,300
1614,0,210,8.79,15,3000,500
1615,0,210,6.01,5,6650,350
1616,0,210,4.09,50,4150,50
1617,0,210,14.79,45,9000,500
1618,0,210,14.55,50,6400,100
1619,0,210,5.57,35,8200,100
1620,0,210,9.1,15,450,450
1621,0,210,5.89,20,5950,350
1622,0,210,11.95,35,5000,500
1623,0,210,13.05,40,4500,300
1624,0,210,13.1,50,2500,500
1625,0,210,8.28,5,9500,250
1626,0,210,8.08,35,800,50
1627,0,210,5.13,20,750,250
1628,0,210,4.53,50,6750,250
1629,0,210,11.54,40,7000,200
1630,0,210,12.02,25,6750,150
1631,0,210,5.21,20,8000,500
1632,0,210,8.19,5,2200,200
1633,0,210,10.99,35,2700,300
1634,0,210,12.25,30,600,100
1635,0,210,8.47,35,8000,400
1636,0,210,9.13,45,450,450
1637,0,210,8.39,50,2450,50
1638,0,210,10.68,5,7500,150
1639,0,210,5.78,45,600,300
1640,0,210,3.92,45,8850,50
1641,0,210,6.69,25,8400,350
1642,0,210,11.95,30,3200,200
1643,0,210,5.09,20,6900,300
1644,0,210,10.73,50,8000,250
1645,0,210,5.73,25,9500,100
1646,0,210,1.82,25,4000,500
1647,0,210,3.09,20,7400,200
1648,0,210,4.25,40,4500,450
1649,0,210,5.59,30,3150,450
1650,0,210,2.47,20,8400,300
1651,0,210,8.42,30,8550,450
1652,0,210,11.93,50,1800,200
1653,0,210,10.83,15,9200,200
1654,0,210,8.77,10,6300,100
1655,0,210,1.62,5,8050,350
1656,0,210,13.58,5,9500,500
1657,0,210,1.84,5,9900,450
1658,0,210,14.95,25,7500,300
1659,0,210,14.15,20,5400,200
1660,0,210,2.31,45,3150,350
1661,0,210,1.68,35,9000,450
1662,0,210,3.38,30,9100,350
1663,0,210,9.1,5,5200,50
1664,0,210,10.75,35,9500,500
1665,0,210,1.93,25,3900,100
1666,0,210,10.11,10,3200,50
1667,0,210,2.51,20,9450,450
1668,0,210,1.65,30,8100,300
1669,0,210,11.07,5,5550,150
1670,0,210,4.07,30,1600,100
1671,0,210,13.4,30,3200,400
1672,0,210,7.33,40,1000,500
1673,0,210,2.42,10,4350,50
1674,0,210,5.03,30,2500,50
1675,0,210,11.34,50,3600,300
1676,0,210,11.9,35,7250,250
1677,0,210,11.5,5,3700,50
1678,0,210,1.69,35,2800,100
1679,0,210,3.31,45,200,200
1680,0,210,14.89,40,3500,250
1681,0,210,11.59,20,4350,50
1682,0,210,14.11,30,3000,200
1683,0,210,10.07,40,3300,300
1684,0,210,13.13,20,5850,450
1685,0,210,6.05,50,3000,500
1686,0,210,10.21,5,8100,450
1687,0,210,6.24,45,4200,200
1688,0,210,2.05,25,10000,250
1689,0,210,6.96,35,1000,500
1690,0,210,7.08,15,700,100
1691,0,210,6.56,40,5000,200
1692,0,210,3.26,25,8050,350
1693,0,210,14.52,15,9800,200
1694,0,210,12.91,5,9450,350
1695,0,210,7.72,35,9200,200
1696,0,210,3.46,40,3000,500
1697,0,210,4.16,40,6600,300
1698,0,210,5.25,20,600,100
1699,0,210,8.88,40,2800,400
1700,0,210,14.23,5,4500,500
1701,0,210,9.05,40,3150,350
1702,0,210,6.33,45,5700,100
1703,0,210,9.34,40,5000,500
1704,0,210,2.61,45,1050,350
1705,0,210,7.7,5,7000,500
1706,0,210,5.73,5,10000,100
1707,0,210,3.85,50,9650,50
1708,0,210,10.02,20,8500,500
1709,0,210,1.54,35,8800,200
1710,0,210,7.14,5,8800,200
1711,0,210,9.04,50,8750,250
1712,0,210,7.07,15,1000,100
1713,0,210,5.58,40,6900,100
1714,0,210,3.45,5,4050,450
1715,0,210,6.55,25,2400,300
1716,0,210,4.08,50,8400,200
1717,0,210,12.98,20,450,150
1718,0,210,8.41,35,9250,250
1719,0,210,11.77,5,1900,50
1720,0,210,5.59,40,8000,250
1721,0,210,7.82,30,1000,250
1722,0,210,3.13,5,3750,250
1723,0,210,5.18,50,4800,400
1724,0,210,4.55,45,3150,350
1725,0,210,5.67,20,9750,250
1726,0,210,6.69,20,6500,500
1727,0,210,3.01,25,5200,400
1728,0,210,9.5,50,1750,250
1729,0,210,7.37,40,6300,150
1730,0,210,7.55,35,6800,100
1731,0,210,3.78,15,9000,450
1732,0,210,3.44,30,5900,100
1733,0,210,7.73,45,1250,250
1734,0,210,5.56,20,9000,150
1735,0,210,6.74,15,8050,50
1736,0,210,3.13,20,4000,400
1737,0,210,11.8,25,9150,150
1738,0,210,9.27,10,900,300
1739,0,210,14.3,45,4500,250
1740,0,210,9.67,15,3800,50
1741,0,210,11.61,35,8700,300
1742,0,210,8.92,25,2700,450
1743,0,210,11.67,5,3550,50
1744,0,210,5.46,35,7800,200
1745,0,210,11.0,35,1200,400
1746,0,210,12.65,45,8200,100
1747,0,210,11.63,35,2250,450
1748,0,210,4.43,40,10000,500
1749,0,210,10.88,10,4200,200
1750,0,210,4.33,40,1850,50
1751,0,210,8.96,45,350,350
1752,0,210,13.72,45,1500,50
1753,0,210,2.15,15,9600,400
1754,0,210,5.28,20,5550,150
1755,0,210,13.45,50,300,150
1756,0,210,8.01,10,5200,200
1757,0,210,13.45,25,9450,450
1758,0,210,3.52,30,4500,450
1759,0,210,6.2,35,700,350
1760,0,210,4.39,50,2250,450
1761,0,210,4.63,10,1350,450
1762,0,210,13.84,30,3600,450
1763,0,210,14.89,20,3300,150
1764,0,210,14.89,50,7650,450
1765,0,210,4.09,40,600,100
1766,0,210,5.49,35,150,50
1767,0,210,4.38,5,500,500
1768,0,210,4.98,15,3900,300
1769,0,210,10.75,45,8550,150
1770,0,210,14.7,15,9600,50
1771,0,210,7.74,20,2400,400
1772,0,210,13.29,15,7700,100
1773,0,210,4.95,45,3900,300
1774,0,210,3.29,40,5950,350
1775,0,210,5.15,10,2250,450
1776,0,210,7.29,50,7350,50
1777,0,210,7.43,20,4500,250
1778,0,210,10.06,50,4700,100
1779,0,210,2.81,20,8000,500
1780,0,210,8.11,50,2500,250
1781,0,210,4.32,10,5100,100
1782,0,210,7.83,45,3150,450
1783,0,210,8.01,10,7000,500
1784,0,210,5.46,25,3500,100
1785,0,210,14.65,35,5050,50
1786,0,210,12.8,25,450,150
1787,0,210,1.89,30,7700,350
1788,0,210,6.62,45,7000,500
1789,0,210,10.36,45,1600,400
1790,0,210,7.46,35,6400,100
1791,0,210,10.82,50,5500,500
1792,0,210,10.47,15,7000,200
1793,0,210,5.89,50,2400,400
1794,0,210,7.86,20,250,250
1795,0,210,13.41,10,3600,400
1796,0,210,7.7,10,2800,350
1797,0,210,13.67,15,5250,150
1798,0,210,11.97,15,6500,250
1799,0,210,13.73,10,3600,450
1800,0,210,13.96,5,4750,250
1801,0,210,7.34,10,7800,150
1802,0,210,11.36,40,2450,350
1803,0,210,4.07,30,3100,100
1804,0,210,7.78,45,4500,500
1805,0,210,7.22,20,800,200
1806,0,210,5.48,5,3150,350
1807,0,210,12.97,15,8100,100
1808,0,210,9.41,10,5000,100
1809,0,210,11.58,20,2900,50
1810,0,210,11.71,15,5700,300
1811,0,210,2.3,20,2700,450
1812,0,210,10.32,25,3000,300
1813,0,210,9.69,50,2650,50
1814,0,210,10.64,40,3600,450
1815,0,210,11.54,20,9650,50
1816,0,210,3.28,40,1500,500
1817,0,210,2.57,25,7200,200
1818,0,210,8.5,25,7500,150
1819,0,210,2.65,5,3600,150
1820,0,210,11.53,15,7500,300
1821,0,210,11.14,30,8750,350
1822,0,210,7.81,15,10000,500
1823,0,210,6.2,5,500,500
1824,0,210,2.46,45,6600,100
1825,0,210,11.0,35,1500,300
1826,0,210,14.31,20,4250,250
1827,0,210,8.47,5,750,250
1828,0,210,3.03,10,3300,100
1829,0,210,3.11,45,2750,250
1830,0,210,5.99,35,4500,500
1831,0,210,4.92,30,2700,450
1832,0,210,5.08,50,10000,400
1833,0,210,11.12,50,4550,50
1834,0,210,5.92,15,4800,50
1835,0,210,10.55,25,3200,200
1836,0,210,4.9,30,9450,450
1837,0,210,12.07,20,1800,450
1838,0,210,9.23,40,9000,50
1839,0,210,7.17,50,2750,250
1840,0,210,8.24,50,8500,500
1841,0,210,9.81,35,9300,50
1842,0,210,13.84,30,6300,450
1843,0,210,9.57,30,7800,300
1844,0,210,7.55,20,1200,400
1845,0,210,14.72,25,5250,150
1846,0,210,13.36,50,7200,50
1847,0,210,14.57,15,5000,200
1848,0,210,5.62,15,7350,150
1849,0,210,4.14,40,4050,150
1850,0,210,12.75,35,1500,100
1851,0,210,14.99,30,5600,400
1852,0,210,11.51,20,1050,350
1853,0,210,5.18,15,6000,300
1854,0,210,6.12,40,9900,100
1855,0,210,4.45,25,8700,300
1856,0,210,1.89,50,8500,500
1857,0,210,9.7,50,4950,450
1858,0,210,4.32,25,500,250
1859,0,210,6.72,5,8600,200
1860,0,210,3.07,40,9300,300
1861,0,210,11.6,5,4500,300
1862,0,210,11.13,20,8700,150
1863,0,210,14.75,20,7650,450
1864,0,210,3.58,15,3150,450
1865,0,210,11.4,10,1500,300
1866,0,210,8.84,25,2700,300
1867,0,210,8.3,15,3500,500
1868,0,210,14.33,10,9600,400
1869,0,210,8.07,15,6500,500
1870,0,210,13.78,35,550,50
1871,0,210,2.82,45,3400,100
1872,0,210,13.33,5,6500,500
1873,0,210,12.11,30,4000,250
1874,0,210,6.34,30,3600,200
1875,0,210,14.81,30,2700,450
1876,0,210,11.06,30,9450,350
1877,0,210,5.46,5,9450,350
1878,0,210,11.97,15,3600,200
1879,0,210,4.56,20,8600,200
1880,0,210,13.88,30,8000,100
1881,0,210,3.63,20,4800,200
1882,0,210,2.51,15,2100,350
1883,0,210,5.25,40,750,50
1884,0,210,13.51,50,8500,250
1885,0,210,10.62,15,8800,400
1886,0,210,2.7,25,7350,150
1887,0,210,13.5,15,5400,450
1888,0,210,9.63,20,6000,150
1889,0,210,8.6,50,10000,200
1890,0,210,3.44,45,1400,350
1891,0,210,12.28,10,4400,400
1892,0,210,4.54,35,9600,100
1893,0,210,2.42,25,5400,300
1894,0,210,12.63,45,4800,300
1895,0,210,11.7,25,3450,150
1896,0,210,3.92,35,6400,50
1897,0,210,4.27,40,5600,100
1898,0,210,7.4,10,2500,500
1899,0,210,6.3,20,900,300
1900,0,210,3.16,20,800,200
1901,0,210,5.75,40,8800,50
1902,0,210,10.38,30,5800,200
1903,0,210,4.04,50,4800,300
1904,0,210,6.76,35,2000,500
1905,0,210,11.6,40,4550,350
1906,0,210,13.32,40,8500,500
1907,0,210,12.44,5,4500,500
1908,0,210,6.4,50,5400,100
1909,0,210,6.8,30,1750,250
1910,0,210,11.29,10,4800,300
1911,0,210,1.86,30,5950,350
1912,0,210,5.43,25,4800,200
1913,0,210,12.31,35,8000,500
1914,0,210,5.75,10,4950,450
1915,0,210,14.91,50,8200,200
1916,0,210,2.14,25,6000,300
1917,0,210,6.76,50,3700,100
1918,0,210,10.09,10,250,250
1919,0,210,10.05,35,6600,300
1920,0,210,5.91,40,1950,150
1921,0,210,4.23,50,7250,250
1922,0,210,10.68,15,8000,250
1923,0,210,13.24,20,8000,400
1924,0,210,12.19,40,800,100
1925,0,210,11.42,25,4500,300
1926,0,210,11.32,45,5400,300
1927,0,210,3.91,10,8600,200
1928,0,210,10.25,35,2800,350
1929,0,210,6.07,40,9600,150
1930,0,210,6.19,30,350,350
1931,0,210,14.36,25,7950,150
1932,0,210,3.87,30,2400,400
1933,0,210,10.59,40,800,50
1934,0,210,9.24,40,4600,200
1935,0,210,4.01,30,8500,500
1936,0,210,10.76,10,8000,400
1937,0,210,11.56,10,6400,400
1938,0,210,12.03,30,3600,400
1939,0,210,14.6,25,7800,50
1940,0,210,7.39,20,8100,450
1941,0,210,14.93,25,5850,450
1942,0,210,11.57,30,7800,150
1943,0,210,5.78,25,1800,200
1944,0,210,14.62,20,3450,50
1945,0,210,14.47,35,2500,500
1946,0,210,7.04,35,9100,350
1947,0,210,12.03,20,6600,150
1948,0,210,7.13,45,6000,250
1949,0,210,1.63,5,9100,350
1950,0,210,12.59,35,2400,300
1951,0,210,7.09,25,1600,400
1952,0,210,4.3,35,5000,500
1953,0,210,9.97,10,9000,450
1954,0,210,11.96,25,8000,200
1955,0,210,8.69,30,2700,450
1956,0,210,11.77,35,8100,150
1957,0,210,12.04,35,4000,500
1958,0,210,10.18,40,3200,200
1959,0,210,12.19,35,5800,50
1960,0,210,9.47,35,3850,50
1961,0,210,12.89,25,1050,350
1962,0,210,13.61,30,2700,150
1963,0,210,2.69,15,2500,250
1964,0,210,6.35,45,2250,450
1965,0,210,9.52,25,9700,100
1966,0,210,12.61,40,7700,100
1967,0,210,11.93,20,2100,350
1968,0,210,6.62,30,800,400
1969,0,210,11.89,15,1800,100
1970,0,210,13.95,20,4800,200
1971,0,210,10.7,20,7200,200
1972,0,210,2.13,35,1000,200
1973,0,210,10.87,30,4500,300
1974,0,210,8.37,50,3000,200
1975,0,210,8.01,15,9900,300
1976,0,210,11.24,15,4800,50
1977,0,210,7.91,5,5900,100
1978,0,210,15.0,50,1650,150
1979,0,210,12.8,30,5600,400
1980,0,210,8.9,5,6000,150
1981,0,210,4.95,20,5000,500
1982,0,210,6.74,25,4800,200
1983,0,210,13.44,10,9750,150
1984,0,210,11.2,20,10000,500
1985,0,210,2.12,15,600,200
1986,0,210,7.15,10,7600,200
1987,0,210,8.69,25,4350,150
1988,0,210,10.61,50,5500,250
1989,0,210,9.76,25,10000,500
1990,0,210,14.28,10,9250,250
1991,0,210,2.51,5,3000,500
1992,0,210,11.66,35,1500,250
1993,0,210,14.12,50,1750,250
1994,0,210,14.87,30,7200,300
1995,0,210,9.82,35,8500,500
1996,0,210,11.9,50,1500,500
1997,0,210,11.43,10,9200,400
1998,0,210,14.71,10,8250,250
1999,0,210,12.57,5,800,400
2000,0,210,2.22,35,8600,200
2001,0,210,9.13,35,1350,450
2002,0,210,10.72,15,900,150
2003,0,210,7.85,50,3700,100
2004,0,210,7.0,20,800,400
2005,0,210,14.5,10,10000,500
2006,0,210,6.18,5,4950,150
2007,0,210,6.19,20,3000,300
2008,0,210,8.56,45,4000,200
2009,0,210,3.94,45,7650,150
2010,0,210,8.3,40,2500,250
2011,0,210,13.99,45,5000,50
2012,0,210,6.0,25,800,200
2013,0,210,14.63,5,450,450
2014,0,210,14.83,40,4550,350
2015,0,210,6.67,10,4050,450
2016,0,210,12.36,10,450,450
2017,0,210,14.34,10,9400,200
2018,0,210,10.06,45,400,400
2019,0,210,7.29,40,2800,350
2020,0,210,10.52,15,4600,200
2021,0,210,1.68,20,2100,100
2022,0,210,3.84,40,4200,350
2023,0,210,7.53,30,400,200
2024,0,210,9.65,10,6900,100
2025,0,210,5.88,45,9000,500
2026,0,210,12.5,45,900,150
2027,0,210,7.65,40,3900,300
2028,0,210,6.21,25,9000,150
2029,0,210,6.64,20,8500,100
2030,0,210,1.77,5,400,400
2031,0,210,6.73,50,6000,250
2032,0,210,5.05,15,1500,100
2033,0,210,9.96,20,1750,250
2034,0,210,14.67,25,3150,350
2035,0,210,3.88,35,7000,500
2036,0,210,12.65,20,6600,300
2037,0,210,3.47,10,2250,450
2038,0,210,4.81,30,2700,300
2039,0,210,3.86,50,4500,500
2040,0,210,9.33,20,700,350
2041,0,210,13.88,5,6000,200
2042,0,210,3.18,15,7700,350
2043,0,210,6.51,25,5600,350
2044,0,210,1.65,15,9750,50
2045,0,210,3.29,15,7650,450
2046,0,210,3.9,30,4950,450
2047,0,210,14.18,40,7500,150
2048,0,210,13.35,45,5950,350
2049,0,210,2.72,20,5600,400
2050,0,210,7.92,45,8000,500
2051,0,210,9.52,10,9750,250
2052,0,210,7.88,5,6250,250
2053,0,210,3.44,40,4000,200
2054,0,210,1.7,50,7250,250
2055,0,210,5.07,35,5250,150
2056,0,210,5.97,15,1000,250
2057,0,210,4.57,25,5200,400
2058,0,210,12.81,5,1000,500
2059,0,210,9.45,35,4500,450
2060,0,210,13.39,20,7800,100
2061,0,210,7.44,5,4000,250
2062,0,210,6.02,30,9400,100
2063,0,210,11.24,25,6800,400
2064,0,210,8.68,40,1900,100
2065,0,210,4.21,50,8500,50
2066,0,210,4.83,40,5600,350
2067,0,210,14.4,30,4000,100
2068,0,210,11.03,10,2800,350
2069,0,210,7.81,40,400,50
2070,0,210,12.99,20,8050,350
2071,0,210,10.48,40,5200,200
2072,0,210,5.74,20,9500,100
2073,0,210,8.58,50,9000,450
2074,0,210,12.93,25,9450,450
2075,0,210,2.35,50,8400,350
2076,0,210,3.72,20,8800,100
2077,0,210,12.77,45,9150,150
2078,0,210,7.23,25,7000,500
2079,0,210,5.15,45,6400,200
2080,0,210,12.62,15,4250,250
2081,0,210,7.68,25,900,50
2082,0,210,1.89,25,9100,50
2083,0,210,4.38,10,1200,300
2084,0,210,7.07,45,8500,100
2085,0,210,8.79,50,2850,150
2086,0,210,5.81,20,6900,300
2087,0,210,12.61,25,7200,200
2088,0,210,12.86,30,4200,350
2089,0,210,6.34,20,7000,350
2090,0,210,12.45,40,4950,450
2091,0,210,2.33,50,9800,200
2092,0,210,14.95,35,9600,150
2093,0,210,7.57,10,7750,250
2094,0,210,11.17,15,2800,200
2095,0,210,5.01,20,8000,500
2096,0,210,6.26,25,4200,200
2097,0,210,5.33,5,3900,150
2098,0,210,7.88,15,4700,100
2099,0,210,5.21,45,1200,150
